Fitter report for windows_generation
Sun Jun 07 17:55:17 2026
Quartus Prime Version 18.1.0 Build 625 09/12/2018 SJ Lite Edition


---------------------
; Table of Contents ;
---------------------
  1. Legal Notice
  2. Fitter Summary
  3. Fitter Settings
  4. Parallel Compilation
  5. Fitter Netlist Optimizations
  6. Ignored Assignments
  7. Incremental Compilation Preservation Summary
  8. Incremental Compilation Partition Settings
  9. Incremental Compilation Placement Preservation
 10. Pin-Out File
 11. Fitter Resource Usage Summary
 12. Fitter Partition Statistics
 13. Input Pins
 14. Output Pins
 15. I/O Bank Usage
 16. All Package Pins
 17. I/O Assignment Warnings
 18. PLL Usage Summary
 19. Fitter Resource Utilization by Entity
 20. Delay Chain Summary
 21. Pad To Core Delay Chain Fanout
 22. Control Signals
 23. Global & Other Fast Signals
 24. Fitter RAM Summary
 25. Routing Usage Summary
 26. I/O Rules Summary
 27. I/O Rules Details
 28. I/O Rules Matrix
 29. Fitter Device Options
 30. Operating Settings and Conditions
 31. Estimated Delay Added for Hold Timing Summary
 32. Estimated Delay Added for Hold Timing Details
 33. Fitter Messages
 34. Fitter Suppressed Messages



----------------
; Legal Notice ;
----------------
Copyright (C) 2018  Intel Corporation. All rights reserved.
Your use of Intel Corporation's design tools, logic functions 
and other software and tools, and its AMPP partner logic 
functions, and any output files from any of the foregoing 
(including device programming or simulation files), and any 
associated documentation or information are expressly subject 
to the terms and conditions of the Intel Program License 
Subscription Agreement, the Intel Quartus Prime License Agreement,
the Intel FPGA IP License Agreement, or other applicable license
agreement, including, without limitation, that your use is for
the sole purpose of programming logic devices manufactured by
Intel and sold by Intel or its authorized distributors.  Please
refer to the applicable agreement for further details.



+-------------------------------------------------------------------------------+
; Fitter Summary                                                                ;
+---------------------------------+---------------------------------------------+
; Fitter Status                   ; Successful - Sun Jun 07 17:55:17 2026       ;
; Quartus Prime Version           ; 18.1.0 Build 625 09/12/2018 SJ Lite Edition ;
; Revision Name                   ; windows_generation                          ;
; Top-level Entity Name           ; top                                         ;
; Family                          ; Cyclone V                                   ;
; Device                          ; 5CSEMA5F31C6                                ;
; Timing Models                   ; Final                                       ;
; Logic utilization (in ALMs)     ; 595 / 32,070 ( 2 % )                        ;
; Total registers                 ; 614                                         ;
; Total pins                      ; 67 / 457 ( 15 % )                           ;
; Total virtual pins              ; 0                                           ;
; Total block memory bits         ; 2,101,248 / 4,065,280 ( 52 % )              ;
; Total RAM Blocks                ; 258 / 397 ( 65 % )                          ;
; Total DSP Blocks                ; 0 / 87 ( 0 % )                              ;
; Total HSSI RX PCSs              ; 0                                           ;
; Total HSSI PMA RX Deserializers ; 0                                           ;
; Total HSSI TX PCSs              ; 0                                           ;
; Total HSSI PMA TX Serializers   ; 0                                           ;
; Total PLLs                      ; 1 / 6 ( 17 % )                              ;
; Total DLLs                      ; 0 / 4 ( 0 % )                               ;
+---------------------------------+---------------------------------------------+


+----------------------------------------------------------------------------------------------------------------------------------------------------+
; Fitter Settings                                                                                                                                    ;
+--------------------------------------------------------------------+---------------------------------------+---------------------------------------+
; Option                                                             ; Setting                               ; Default Value                         ;
+--------------------------------------------------------------------+---------------------------------------+---------------------------------------+
; Device                                                             ; 5CSEMA5F31C6                          ;                                       ;
; Minimum Core Junction Temperature                                  ; 0                                     ;                                       ;
; Maximum Core Junction Temperature                                  ; 85                                    ;                                       ;
; Router Timing Optimization Level                                   ; MAXIMUM                               ; Normal                                ;
; Placement Effort Multiplier                                        ; 4.0                                   ; 1.0                                   ;
; Perform Physical Synthesis for Combinational Logic for Performance ; On                                    ; Off                                   ;
; Perform Register Retiming for Performance                          ; On                                    ; Off                                   ;
; Fitter Effort                                                      ; Standard Fit                          ; Auto Fit                              ;
; Use smart compilation                                              ; Off                                   ; Off                                   ;
; Enable parallel Assembler and Timing Analyzer during compilation   ; On                                    ; On                                    ;
; Enable compact report table                                        ; Off                                   ; Off                                   ;
; Perform Clocking Topology Analysis During Routing                  ; Off                                   ; Off                                   ;
; Device initialization clock source                                 ; INIT_INTOSC                           ; INIT_INTOSC                           ;
; Optimize Hold Timing                                               ; All Paths                             ; All Paths                             ;
; Optimize Multi-Corner Timing                                       ; On                                    ; On                                    ;
; Auto RAM to MLAB Conversion                                        ; On                                    ; On                                    ;
; Equivalent RAM and MLAB Power Up                                   ; Auto                                  ; Auto                                  ;
; Equivalent RAM and MLAB Paused Read Capabilities                   ; Care                                  ; Care                                  ;
; Power Optimization During Fitting                                  ; Normal compilation                    ; Normal compilation                    ;
; SSN Optimization                                                   ; Off                                   ; Off                                   ;
; Optimize Timing                                                    ; Normal compilation                    ; Normal compilation                    ;
; Optimize Timing for ECOs                                           ; Off                                   ; Off                                   ;
; Regenerate Full Fit Report During ECO Compiles                     ; Off                                   ; Off                                   ;
; Optimize IOC Register Placement for Timing                         ; Normal                                ; Normal                                ;
; Final Placement Optimizations                                      ; Automatically                         ; Automatically                         ;
; Fitter Aggressive Routability Optimizations                        ; Automatically                         ; Automatically                         ;
; Fitter Initial Placement Seed                                      ; 1                                     ; 1                                     ;
; Periphery to Core Placement and Routing Optimization               ; Off                                   ; Off                                   ;
; Weak Pull-Up Resistor                                              ; Off                                   ; Off                                   ;
; Enable Bus-Hold Circuitry                                          ; Off                                   ; Off                                   ;
; Auto Packed Registers                                              ; Auto                                  ; Auto                                  ;
; Auto Delay Chains                                                  ; On                                    ; On                                    ;
; Auto Delay Chains for High Fanout Input Pins                       ; Off                                   ; Off                                   ;
; Treat Bidirectional Pin as Output Pin                              ; Off                                   ; Off                                   ;
; Perform Physical Synthesis for Combinational Logic for Fitting     ; Off                                   ; Off                                   ;
; Perform Register Duplication for Performance                       ; Off                                   ; Off                                   ;
; Perform Asynchronous Signal Pipelining                             ; Off                                   ; Off                                   ;
; Physical Synthesis Effort Level                                    ; Normal                                ; Normal                                ;
; Logic Cell Insertion - Logic Duplication                           ; Auto                                  ; Auto                                  ;
; Auto Register Duplication                                          ; Auto                                  ; Auto                                  ;
; Auto Global Clock                                                  ; On                                    ; On                                    ;
; Auto Global Register Control Signals                               ; On                                    ; On                                    ;
; Reserve all unused pins                                            ; As input tri-stated with weak pull-up ; As input tri-stated with weak pull-up ;
; Synchronizer Identification                                        ; Auto                                  ; Auto                                  ;
; Enable Beneficial Skew Optimization                                ; On                                    ; On                                    ;
; Optimize Design for Metastability                                  ; On                                    ; On                                    ;
; Active Serial clock source                                         ; FREQ_100MHz                           ; FREQ_100MHz                           ;
; Force Fitter to Avoid Periphery Placement Warnings                 ; Off                                   ; Off                                   ;
; Clamping Diode                                                     ; Off                                   ; Off                                   ;
; Enable input tri-state on active configuration pins in user mode   ; Off                                   ; Off                                   ;
; Advanced Physical Optimization                                     ; On                                    ; On                                    ;
+--------------------------------------------------------------------+---------------------------------------+---------------------------------------+


+------------------------------------------+
; Parallel Compilation                     ;
+----------------------------+-------------+
; Processors                 ; Number      ;
+----------------------------+-------------+
; Number detected on machine ; 12          ;
; Maximum allowed            ; 12          ;
;                            ;             ;
; Average used               ; 1.23        ;
; Maximum used               ; 12          ;
;                            ;             ;
; Usage by Processor         ; % Time Used ;
;     Processor 1            ; 100.0%      ;
;     Processor 2            ;   2.4%      ;
;     Processor 3            ;   2.2%      ;
;     Processor 4            ;   2.2%      ;
;     Processor 5            ;   2.1%      ;
;     Processor 6            ;   2.1%      ;
;     Processor 7            ;   2.0%      ;
;     Processor 8            ;   2.0%      ;
;     Processor 9            ;   2.0%      ;
;     Processor 10           ;   2.0%      ;
;     Processor 11           ;   2.0%      ;
;     Processor 12           ;   2.0%      ;
+----------------------------+-------------+


+-----------------------------------------------------------------------------------------------------------------------------------------------------------------------------------------------------------------------------------------------------------------------------------------------------------------------------------------------------------------------------------------------------------------------------------------------------------------------------------------------------------------------+
; Fitter Netlist Optimizations                                                                                                                                                                                                                                                                                                                                                                                                                                                                                          ;
+----------------------------------------------------------------------------------------------------------------------------------------------------------------+------------------+---------------------------------------------------+----------------------------+-----------+----------------+--------------------------------------------------------------------------------------------------------------------------------------------------------------------------+------------------+-----------------------+
; Node                                                                                                                                                           ; Action           ; Operation                                         ; Reason                     ; Node Port ; Node Port Name ; Destination Node                                                                                                                                                         ; Destination Port ; Destination Port Name ;
+----------------------------------------------------------------------------------------------------------------------------------------------------------------+------------------+---------------------------------------------------+----------------------------+-----------+----------------+--------------------------------------------------------------------------------------------------------------------------------------------------------------------------+------------------+-----------------------+
; PLL_cyc:PLL_inst|PLL_cyc_0002:pll_cyc_inst|altera_pll:altera_pll_i|outclk_wire[0]~CLKENA0                                                                      ; Created          ; Placement                                         ; Fitter Periphery Placement ;           ;                ;                                                                                                                                                                          ;                  ;                       ;
; PLL_cyc:PLL_inst|PLL_cyc_0002:pll_cyc_inst|altera_pll:altera_pll_i|outclk_wire[1]~CLKENA0                                                                      ; Created          ; Placement                                         ; Fitter Periphery Placement ;           ;                ;                                                                                                                                                                          ;                  ;                       ;
; Add0~14                                                                                                                                                        ; Modified         ; Physical Synthesis                                ; Timing optimization        ;           ;                ;                                                                                                                                                                          ;                  ;                       ;
; fifo_rom_v2:memory_buffer|Selector0~0                                                                                                                          ; Deleted          ; Physical Synthesis                                ; Timing optimization        ;           ;                ;                                                                                                                                                                          ;                  ;                       ;
; fifo_rom_v2:memory_buffer|Selector3~0                                                                                                                          ; Deleted          ; Physical Synthesis                                ; Timing optimization        ;           ;                ;                                                                                                                                                                          ;                  ;                       ;
; fifo_rom_v2:memory_buffer|addr[13]~0                                                                                                                           ; Deleted          ; Physical Synthesis                                ; Timing optimization        ;           ;                ;                                                                                                                                                                          ;                  ;                       ;
; fifo_rom_v2:memory_buffer|addr[13]~1                                                                                                                           ; Modified         ; Physical Synthesis                                ; Timing optimization        ;           ;                ;                                                                                                                                                                          ;                  ;                       ;
; fifo_rom_v2:memory_buffer|addr[13]~1_RESYN826_BDD827                                                                                                           ; Created          ; Physical Synthesis                                ; Timing optimization        ;           ;                ;                                                                                                                                                                          ;                  ;                       ;
; fifo_rom_v2:memory_buffer|fifo:row1|scfifo:scfifo_component|scfifo_7oe1:auto_generated|a_dpfifo_lic1:dpfifo|cntr_i2b:rd_ptr_msb|counter_comb_bita0~COUT        ; Modified         ; Physical Synthesis                                ; Timing optimization        ;           ;                ;                                                                                                                                                                          ;                  ;                       ;
; fifo_rom_v2:memory_buffer|fifo:row1|scfifo:scfifo_component|scfifo_7oe1:auto_generated|a_dpfifo_lic1:dpfifo|cntr_i2b:rd_ptr_msb|counter_reg_bit[0]             ; Deleted          ; Physical Synthesis                                ; Timing optimization        ;           ;                ;                                                                                                                                                                          ;                  ;                       ;
; fifo_rom_v2:memory_buffer|fifo:row1|scfifo:scfifo_component|scfifo_7oe1:auto_generated|a_dpfifo_lic1:dpfifo|cntr_i2b:rd_ptr_msb|counter_reg_bit[0]_OTERM247    ; Retimed Register ; Physical Synthesis                                ; Timing optimization        ;           ;                ;                                                                                                                                                                          ;                  ;                       ;
; fifo_rom_v2:memory_buffer|fifo:row1|scfifo:scfifo_component|scfifo_7oe1:auto_generated|a_dpfifo_lic1:dpfifo|cntr_i2b:rd_ptr_msb|counter_reg_bit[0]_OTERM501    ; Retimed Register ; Physical Synthesis                                ; Timing optimization        ;           ;                ;                                                                                                                                                                          ;                  ;                       ;
; fifo_rom_v2:memory_buffer|fifo:row1|scfifo:scfifo_component|scfifo_7oe1:auto_generated|a_dpfifo_lic1:dpfifo|cntr_i2b:rd_ptr_msb|counter_reg_bit[1]             ; Deleted          ; Physical Synthesis                                ; Timing optimization        ;           ;                ;                                                                                                                                                                          ;                  ;                       ;
; fifo_rom_v2:memory_buffer|fifo:row1|scfifo:scfifo_component|scfifo_7oe1:auto_generated|a_dpfifo_lic1:dpfifo|cntr_i2b:rd_ptr_msb|counter_reg_bit[1]_OTERM245    ; Retimed Register ; Physical Synthesis                                ; Timing optimization        ;           ;                ;                                                                                                                                                                          ;                  ;                       ;
; fifo_rom_v2:memory_buffer|fifo:row1|scfifo:scfifo_component|scfifo_7oe1:auto_generated|a_dpfifo_lic1:dpfifo|cntr_i2b:rd_ptr_msb|counter_reg_bit[1]_OTERM541    ; Retimed Register ; Physical Synthesis                                ; Timing optimization        ;           ;                ;                                                                                                                                                                          ;                  ;                       ;
; fifo_rom_v2:memory_buffer|fifo:row1|scfifo:scfifo_component|scfifo_7oe1:auto_generated|a_dpfifo_lic1:dpfifo|cntr_i2b:rd_ptr_msb|counter_reg_bit[2]             ; Deleted          ; Physical Synthesis                                ; Timing optimization        ;           ;                ;                                                                                                                                                                          ;                  ;                       ;
; fifo_rom_v2:memory_buffer|fifo:row1|scfifo:scfifo_component|scfifo_7oe1:auto_generated|a_dpfifo_lic1:dpfifo|cntr_i2b:rd_ptr_msb|counter_reg_bit[2]_OTERM243    ; Retimed Register ; Physical Synthesis                                ; Timing optimization        ;           ;                ;                                                                                                                                                                          ;                  ;                       ;
; fifo_rom_v2:memory_buffer|fifo:row1|scfifo:scfifo_component|scfifo_7oe1:auto_generated|a_dpfifo_lic1:dpfifo|cntr_i2b:rd_ptr_msb|counter_reg_bit[2]_OTERM539    ; Retimed Register ; Physical Synthesis                                ; Timing optimization        ;           ;                ;                                                                                                                                                                          ;                  ;                       ;
; fifo_rom_v2:memory_buffer|fifo:row1|scfifo:scfifo_component|scfifo_7oe1:auto_generated|a_dpfifo_lic1:dpfifo|cntr_i2b:rd_ptr_msb|counter_reg_bit[3]             ; Deleted          ; Physical Synthesis                                ; Timing optimization        ;           ;                ;                                                                                                                                                                          ;                  ;                       ;
; fifo_rom_v2:memory_buffer|fifo:row1|scfifo:scfifo_component|scfifo_7oe1:auto_generated|a_dpfifo_lic1:dpfifo|cntr_i2b:rd_ptr_msb|counter_reg_bit[3]_OTERM241    ; Retimed Register ; Physical Synthesis                                ; Timing optimization        ;           ;                ;                                                                                                                                                                          ;                  ;                       ;
; fifo_rom_v2:memory_buffer|fifo:row1|scfifo:scfifo_component|scfifo_7oe1:auto_generated|a_dpfifo_lic1:dpfifo|cntr_i2b:rd_ptr_msb|counter_reg_bit[3]_OTERM537    ; Retimed Register ; Physical Synthesis                                ; Timing optimization        ;           ;                ;                                                                                                                                                                          ;                  ;                       ;
; fifo_rom_v2:memory_buffer|fifo:row1|scfifo:scfifo_component|scfifo_7oe1:auto_generated|a_dpfifo_lic1:dpfifo|cntr_i2b:rd_ptr_msb|counter_reg_bit[4]             ; Deleted          ; Physical Synthesis                                ; Timing optimization        ;           ;                ;                                                                                                                                                                          ;                  ;                       ;
; fifo_rom_v2:memory_buffer|fifo:row1|scfifo:scfifo_component|scfifo_7oe1:auto_generated|a_dpfifo_lic1:dpfifo|cntr_i2b:rd_ptr_msb|counter_reg_bit[4]_OTERM239    ; Retimed Register ; Physical Synthesis                                ; Timing optimization        ;           ;                ;                                                                                                                                                                          ;                  ;                       ;
; fifo_rom_v2:memory_buffer|fifo:row1|scfifo:scfifo_component|scfifo_7oe1:auto_generated|a_dpfifo_lic1:dpfifo|cntr_i2b:rd_ptr_msb|counter_reg_bit[4]_OTERM535    ; Retimed Register ; Physical Synthesis                                ; Timing optimization        ;           ;                ;                                                                                                                                                                          ;                  ;                       ;
; fifo_rom_v2:memory_buffer|fifo:row1|scfifo:scfifo_component|scfifo_7oe1:auto_generated|a_dpfifo_lic1:dpfifo|cntr_i2b:rd_ptr_msb|counter_reg_bit[5]             ; Deleted          ; Physical Synthesis                                ; Timing optimization        ;           ;                ;                                                                                                                                                                          ;                  ;                       ;
; fifo_rom_v2:memory_buffer|fifo:row1|scfifo:scfifo_component|scfifo_7oe1:auto_generated|a_dpfifo_lic1:dpfifo|cntr_i2b:rd_ptr_msb|counter_reg_bit[5]_OTERM237    ; Retimed Register ; Physical Synthesis                                ; Timing optimization        ;           ;                ;                                                                                                                                                                          ;                  ;                       ;
; fifo_rom_v2:memory_buffer|fifo:row1|scfifo:scfifo_component|scfifo_7oe1:auto_generated|a_dpfifo_lic1:dpfifo|cntr_i2b:rd_ptr_msb|counter_reg_bit[5]_OTERM533    ; Retimed Register ; Physical Synthesis                                ; Timing optimization        ;           ;                ;                                                                                                                                                                          ;                  ;                       ;
; fifo_rom_v2:memory_buffer|fifo:row1|scfifo:scfifo_component|scfifo_7oe1:auto_generated|a_dpfifo_lic1:dpfifo|cntr_i2b:rd_ptr_msb|counter_reg_bit[6]             ; Deleted          ; Physical Synthesis                                ; Timing optimization        ;           ;                ;                                                                                                                                                                          ;                  ;                       ;
; fifo_rom_v2:memory_buffer|fifo:row1|scfifo:scfifo_component|scfifo_7oe1:auto_generated|a_dpfifo_lic1:dpfifo|cntr_i2b:rd_ptr_msb|counter_reg_bit[6]_OTERM235    ; Retimed Register ; Physical Synthesis                                ; Timing optimization        ;           ;                ;                                                                                                                                                                          ;                  ;                       ;
; fifo_rom_v2:memory_buffer|fifo:row1|scfifo:scfifo_component|scfifo_7oe1:auto_generated|a_dpfifo_lic1:dpfifo|cntr_i2b:rd_ptr_msb|counter_reg_bit[6]_OTERM531    ; Retimed Register ; Physical Synthesis                                ; Timing optimization        ;           ;                ;                                                                                                                                                                          ;                  ;                       ;
; fifo_rom_v2:memory_buffer|fifo:row1|scfifo:scfifo_component|scfifo_7oe1:auto_generated|a_dpfifo_lic1:dpfifo|cntr_j2b:wr_ptr|counter_comb_bita0~COUT            ; Modified         ; Physical Synthesis                                ; Timing optimization        ;           ;                ;                                                                                                                                                                          ;                  ;                       ;
; fifo_rom_v2:memory_buffer|fifo:row1|scfifo:scfifo_component|scfifo_7oe1:auto_generated|a_dpfifo_lic1:dpfifo|cntr_j2b:wr_ptr|counter_reg_bit[0]                 ; Deleted          ; Physical Synthesis                                ; Timing optimization        ;           ;                ;                                                                                                                                                                          ;                  ;                       ;
; fifo_rom_v2:memory_buffer|fifo:row1|scfifo:scfifo_component|scfifo_7oe1:auto_generated|a_dpfifo_lic1:dpfifo|cntr_j2b:wr_ptr|counter_reg_bit[0]_OTERM263        ; Retimed Register ; Physical Synthesis                                ; Timing optimization        ;           ;                ;                                                                                                                                                                          ;                  ;                       ;
; fifo_rom_v2:memory_buffer|fifo:row1|scfifo:scfifo_component|scfifo_7oe1:auto_generated|a_dpfifo_lic1:dpfifo|cntr_j2b:wr_ptr|counter_reg_bit[0]_OTERM345        ; Retimed Register ; Physical Synthesis                                ; Timing optimization        ;           ;                ;                                                                                                                                                                          ;                  ;                       ;
; fifo_rom_v2:memory_buffer|fifo:row1|scfifo:scfifo_component|scfifo_7oe1:auto_generated|a_dpfifo_lic1:dpfifo|cntr_j2b:wr_ptr|counter_reg_bit[0]_OTERM347        ; Retimed Register ; Physical Synthesis                                ; Timing optimization        ;           ;                ;                                                                                                                                                                          ;                  ;                       ;
; fifo_rom_v2:memory_buffer|fifo:row1|scfifo:scfifo_component|scfifo_7oe1:auto_generated|a_dpfifo_lic1:dpfifo|cntr_j2b:wr_ptr|counter_reg_bit[1]                 ; Deleted          ; Physical Synthesis                                ; Timing optimization        ;           ;                ;                                                                                                                                                                          ;                  ;                       ;
; fifo_rom_v2:memory_buffer|fifo:row1|scfifo:scfifo_component|scfifo_7oe1:auto_generated|a_dpfifo_lic1:dpfifo|cntr_j2b:wr_ptr|counter_reg_bit[1]_OTERM261        ; Retimed Register ; Physical Synthesis                                ; Timing optimization        ;           ;                ;                                                                                                                                                                          ;                  ;                       ;
; fifo_rom_v2:memory_buffer|fifo:row1|scfifo:scfifo_component|scfifo_7oe1:auto_generated|a_dpfifo_lic1:dpfifo|cntr_j2b:wr_ptr|counter_reg_bit[1]_OTERM425        ; Retimed Register ; Physical Synthesis                                ; Timing optimization        ;           ;                ;                                                                                                                                                                          ;                  ;                       ;
; fifo_rom_v2:memory_buffer|fifo:row1|scfifo:scfifo_component|scfifo_7oe1:auto_generated|a_dpfifo_lic1:dpfifo|cntr_j2b:wr_ptr|counter_reg_bit[1]_OTERM427        ; Retimed Register ; Physical Synthesis                                ; Timing optimization        ;           ;                ;                                                                                                                                                                          ;                  ;                       ;
; fifo_rom_v2:memory_buffer|fifo:row1|scfifo:scfifo_component|scfifo_7oe1:auto_generated|a_dpfifo_lic1:dpfifo|cntr_j2b:wr_ptr|counter_reg_bit[2]                 ; Deleted          ; Physical Synthesis                                ; Timing optimization        ;           ;                ;                                                                                                                                                                          ;                  ;                       ;
; fifo_rom_v2:memory_buffer|fifo:row1|scfifo:scfifo_component|scfifo_7oe1:auto_generated|a_dpfifo_lic1:dpfifo|cntr_j2b:wr_ptr|counter_reg_bit[2]_OTERM259        ; Retimed Register ; Physical Synthesis                                ; Timing optimization        ;           ;                ;                                                                                                                                                                          ;                  ;                       ;
; fifo_rom_v2:memory_buffer|fifo:row1|scfifo:scfifo_component|scfifo_7oe1:auto_generated|a_dpfifo_lic1:dpfifo|cntr_j2b:wr_ptr|counter_reg_bit[2]_OTERM385        ; Retimed Register ; Physical Synthesis                                ; Timing optimization        ;           ;                ;                                                                                                                                                                          ;                  ;                       ;
; fifo_rom_v2:memory_buffer|fifo:row1|scfifo:scfifo_component|scfifo_7oe1:auto_generated|a_dpfifo_lic1:dpfifo|cntr_j2b:wr_ptr|counter_reg_bit[2]_OTERM387        ; Retimed Register ; Physical Synthesis                                ; Timing optimization        ;           ;                ;                                                                                                                                                                          ;                  ;                       ;
; fifo_rom_v2:memory_buffer|fifo:row1|scfifo:scfifo_component|scfifo_7oe1:auto_generated|a_dpfifo_lic1:dpfifo|cntr_j2b:wr_ptr|counter_reg_bit[3]                 ; Deleted          ; Physical Synthesis                                ; Timing optimization        ;           ;                ;                                                                                                                                                                          ;                  ;                       ;
; fifo_rom_v2:memory_buffer|fifo:row1|scfifo:scfifo_component|scfifo_7oe1:auto_generated|a_dpfifo_lic1:dpfifo|cntr_j2b:wr_ptr|counter_reg_bit[3]_OTERM257        ; Retimed Register ; Physical Synthesis                                ; Timing optimization        ;           ;                ;                                                                                                                                                                          ;                  ;                       ;
; fifo_rom_v2:memory_buffer|fifo:row1|scfifo:scfifo_component|scfifo_7oe1:auto_generated|a_dpfifo_lic1:dpfifo|cntr_j2b:wr_ptr|counter_reg_bit[3]_OTERM381        ; Retimed Register ; Physical Synthesis                                ; Timing optimization        ;           ;                ;                                                                                                                                                                          ;                  ;                       ;
; fifo_rom_v2:memory_buffer|fifo:row1|scfifo:scfifo_component|scfifo_7oe1:auto_generated|a_dpfifo_lic1:dpfifo|cntr_j2b:wr_ptr|counter_reg_bit[3]_OTERM383        ; Retimed Register ; Physical Synthesis                                ; Timing optimization        ;           ;                ;                                                                                                                                                                          ;                  ;                       ;
; fifo_rom_v2:memory_buffer|fifo:row1|scfifo:scfifo_component|scfifo_7oe1:auto_generated|a_dpfifo_lic1:dpfifo|cntr_j2b:wr_ptr|counter_reg_bit[4]                 ; Deleted          ; Physical Synthesis                                ; Timing optimization        ;           ;                ;                                                                                                                                                                          ;                  ;                       ;
; fifo_rom_v2:memory_buffer|fifo:row1|scfifo:scfifo_component|scfifo_7oe1:auto_generated|a_dpfifo_lic1:dpfifo|cntr_j2b:wr_ptr|counter_reg_bit[4]_OTERM255        ; Retimed Register ; Physical Synthesis                                ; Timing optimization        ;           ;                ;                                                                                                                                                                          ;                  ;                       ;
; fifo_rom_v2:memory_buffer|fifo:row1|scfifo:scfifo_component|scfifo_7oe1:auto_generated|a_dpfifo_lic1:dpfifo|cntr_j2b:wr_ptr|counter_reg_bit[4]_OTERM377        ; Retimed Register ; Physical Synthesis                                ; Timing optimization        ;           ;                ;                                                                                                                                                                          ;                  ;                       ;
; fifo_rom_v2:memory_buffer|fifo:row1|scfifo:scfifo_component|scfifo_7oe1:auto_generated|a_dpfifo_lic1:dpfifo|cntr_j2b:wr_ptr|counter_reg_bit[4]_OTERM379        ; Retimed Register ; Physical Synthesis                                ; Timing optimization        ;           ;                ;                                                                                                                                                                          ;                  ;                       ;
; fifo_rom_v2:memory_buffer|fifo:row1|scfifo:scfifo_component|scfifo_7oe1:auto_generated|a_dpfifo_lic1:dpfifo|cntr_j2b:wr_ptr|counter_reg_bit[5]                 ; Deleted          ; Physical Synthesis                                ; Timing optimization        ;           ;                ;                                                                                                                                                                          ;                  ;                       ;
; fifo_rom_v2:memory_buffer|fifo:row1|scfifo:scfifo_component|scfifo_7oe1:auto_generated|a_dpfifo_lic1:dpfifo|cntr_j2b:wr_ptr|counter_reg_bit[5]_OTERM253        ; Retimed Register ; Physical Synthesis                                ; Timing optimization        ;           ;                ;                                                                                                                                                                          ;                  ;                       ;
; fifo_rom_v2:memory_buffer|fifo:row1|scfifo:scfifo_component|scfifo_7oe1:auto_generated|a_dpfifo_lic1:dpfifo|cntr_j2b:wr_ptr|counter_reg_bit[5]_OTERM373        ; Retimed Register ; Physical Synthesis                                ; Timing optimization        ;           ;                ;                                                                                                                                                                          ;                  ;                       ;
; fifo_rom_v2:memory_buffer|fifo:row1|scfifo:scfifo_component|scfifo_7oe1:auto_generated|a_dpfifo_lic1:dpfifo|cntr_j2b:wr_ptr|counter_reg_bit[5]_OTERM375        ; Retimed Register ; Physical Synthesis                                ; Timing optimization        ;           ;                ;                                                                                                                                                                          ;                  ;                       ;
; fifo_rom_v2:memory_buffer|fifo:row1|scfifo:scfifo_component|scfifo_7oe1:auto_generated|a_dpfifo_lic1:dpfifo|cntr_j2b:wr_ptr|counter_reg_bit[6]                 ; Deleted          ; Physical Synthesis                                ; Timing optimization        ;           ;                ;                                                                                                                                                                          ;                  ;                       ;
; fifo_rom_v2:memory_buffer|fifo:row1|scfifo:scfifo_component|scfifo_7oe1:auto_generated|a_dpfifo_lic1:dpfifo|cntr_j2b:wr_ptr|counter_reg_bit[6]_OTERM251        ; Retimed Register ; Physical Synthesis                                ; Timing optimization        ;           ;                ;                                                                                                                                                                          ;                  ;                       ;
; fifo_rom_v2:memory_buffer|fifo:row1|scfifo:scfifo_component|scfifo_7oe1:auto_generated|a_dpfifo_lic1:dpfifo|cntr_j2b:wr_ptr|counter_reg_bit[6]_OTERM369        ; Retimed Register ; Physical Synthesis                                ; Timing optimization        ;           ;                ;                                                                                                                                                                          ;                  ;                       ;
; fifo_rom_v2:memory_buffer|fifo:row1|scfifo:scfifo_component|scfifo_7oe1:auto_generated|a_dpfifo_lic1:dpfifo|cntr_j2b:wr_ptr|counter_reg_bit[6]_OTERM371        ; Retimed Register ; Physical Synthesis                                ; Timing optimization        ;           ;                ;                                                                                                                                                                          ;                  ;                       ;
; fifo_rom_v2:memory_buffer|fifo:row1|scfifo:scfifo_component|scfifo_7oe1:auto_generated|a_dpfifo_lic1:dpfifo|cntr_j2b:wr_ptr|counter_reg_bit[7]                 ; Deleted          ; Physical Synthesis                                ; Timing optimization        ;           ;                ;                                                                                                                                                                          ;                  ;                       ;
; fifo_rom_v2:memory_buffer|fifo:row1|scfifo:scfifo_component|scfifo_7oe1:auto_generated|a_dpfifo_lic1:dpfifo|cntr_j2b:wr_ptr|counter_reg_bit[7]_OTERM249        ; Retimed Register ; Physical Synthesis                                ; Timing optimization        ;           ;                ;                                                                                                                                                                          ;                  ;                       ;
; fifo_rom_v2:memory_buffer|fifo:row1|scfifo:scfifo_component|scfifo_7oe1:auto_generated|a_dpfifo_lic1:dpfifo|cntr_j2b:wr_ptr|counter_reg_bit[7]_OTERM365        ; Retimed Register ; Physical Synthesis                                ; Timing optimization        ;           ;                ;                                                                                                                                                                          ;                  ;                       ;
; fifo_rom_v2:memory_buffer|fifo:row1|scfifo:scfifo_component|scfifo_7oe1:auto_generated|a_dpfifo_lic1:dpfifo|cntr_j2b:wr_ptr|counter_reg_bit[7]_OTERM367        ; Retimed Register ; Physical Synthesis                                ; Timing optimization        ;           ;                ;                                                                                                                                                                          ;                  ;                       ;
; fifo_rom_v2:memory_buffer|fifo:row1|scfifo:scfifo_component|scfifo_7oe1:auto_generated|a_dpfifo_lic1:dpfifo|cntr_v27:usedw_counter|counter_comb_bita0~COUT     ; Modified         ; Physical Synthesis                                ; Timing optimization        ;           ;                ;                                                                                                                                                                          ;                  ;                       ;
; fifo_rom_v2:memory_buffer|fifo:row1|scfifo:scfifo_component|scfifo_7oe1:auto_generated|a_dpfifo_lic1:dpfifo|cntr_v27:usedw_counter|counter_reg_bit[0]          ; Deleted          ; Physical Synthesis                                ; Timing optimization        ;           ;                ;                                                                                                                                                                          ;                  ;                       ;
; fifo_rom_v2:memory_buffer|fifo:row1|scfifo:scfifo_component|scfifo_7oe1:auto_generated|a_dpfifo_lic1:dpfifo|cntr_v27:usedw_counter|counter_reg_bit[0]_OTERM201 ; Retimed Register ; Physical Synthesis                                ; Timing optimization        ;           ;                ;                                                                                                                                                                          ;                  ;                       ;
; fifo_rom_v2:memory_buffer|fifo:row1|scfifo:scfifo_component|scfifo_7oe1:auto_generated|a_dpfifo_lic1:dpfifo|cntr_v27:usedw_counter|counter_reg_bit[0]_OTERM353 ; Retimed Register ; Physical Synthesis                                ; Timing optimization        ;           ;                ;                                                                                                                                                                          ;                  ;                       ;
; fifo_rom_v2:memory_buffer|fifo:row1|scfifo:scfifo_component|scfifo_7oe1:auto_generated|a_dpfifo_lic1:dpfifo|cntr_v27:usedw_counter|counter_reg_bit[1]          ; Deleted          ; Physical Synthesis                                ; Timing optimization        ;           ;                ;                                                                                                                                                                          ;                  ;                       ;
; fifo_rom_v2:memory_buffer|fifo:row1|scfifo:scfifo_component|scfifo_7oe1:auto_generated|a_dpfifo_lic1:dpfifo|cntr_v27:usedw_counter|counter_reg_bit[1]_OTERM203 ; Retimed Register ; Physical Synthesis                                ; Timing optimization        ;           ;                ;                                                                                                                                                                          ;                  ;                       ;
; fifo_rom_v2:memory_buffer|fifo:row1|scfifo:scfifo_component|scfifo_7oe1:auto_generated|a_dpfifo_lic1:dpfifo|cntr_v27:usedw_counter|counter_reg_bit[1]_OTERM483 ; Retimed Register ; Physical Synthesis                                ; Timing optimization        ;           ;                ;                                                                                                                                                                          ;                  ;                       ;
; fifo_rom_v2:memory_buffer|fifo:row1|scfifo:scfifo_component|scfifo_7oe1:auto_generated|a_dpfifo_lic1:dpfifo|cntr_v27:usedw_counter|counter_reg_bit[1]_OTERM485 ; Retimed Register ; Physical Synthesis                                ; Timing optimization        ;           ;                ;                                                                                                                                                                          ;                  ;                       ;
; fifo_rom_v2:memory_buffer|fifo:row1|scfifo:scfifo_component|scfifo_7oe1:auto_generated|a_dpfifo_lic1:dpfifo|cntr_v27:usedw_counter|counter_reg_bit[2]          ; Deleted          ; Physical Synthesis                                ; Timing optimization        ;           ;                ;                                                                                                                                                                          ;                  ;                       ;
; fifo_rom_v2:memory_buffer|fifo:row1|scfifo:scfifo_component|scfifo_7oe1:auto_generated|a_dpfifo_lic1:dpfifo|cntr_v27:usedw_counter|counter_reg_bit[2]_OTERM205 ; Retimed Register ; Physical Synthesis                                ; Timing optimization        ;           ;                ;                                                                                                                                                                          ;                  ;                       ;
; fifo_rom_v2:memory_buffer|fifo:row1|scfifo:scfifo_component|scfifo_7oe1:auto_generated|a_dpfifo_lic1:dpfifo|cntr_v27:usedw_counter|counter_reg_bit[2]_OTERM497 ; Retimed Register ; Physical Synthesis                                ; Timing optimization        ;           ;                ;                                                                                                                                                                          ;                  ;                       ;
; fifo_rom_v2:memory_buffer|fifo:row1|scfifo:scfifo_component|scfifo_7oe1:auto_generated|a_dpfifo_lic1:dpfifo|cntr_v27:usedw_counter|counter_reg_bit[2]_OTERM499 ; Retimed Register ; Physical Synthesis                                ; Timing optimization        ;           ;                ;                                                                                                                                                                          ;                  ;                       ;
; fifo_rom_v2:memory_buffer|fifo:row1|scfifo:scfifo_component|scfifo_7oe1:auto_generated|a_dpfifo_lic1:dpfifo|cntr_v27:usedw_counter|counter_reg_bit[3]          ; Deleted          ; Physical Synthesis                                ; Timing optimization        ;           ;                ;                                                                                                                                                                          ;                  ;                       ;
; fifo_rom_v2:memory_buffer|fifo:row1|scfifo:scfifo_component|scfifo_7oe1:auto_generated|a_dpfifo_lic1:dpfifo|cntr_v27:usedw_counter|counter_reg_bit[3]_OTERM207 ; Retimed Register ; Physical Synthesis                                ; Timing optimization        ;           ;                ;                                                                                                                                                                          ;                  ;                       ;
; fifo_rom_v2:memory_buffer|fifo:row1|scfifo:scfifo_component|scfifo_7oe1:auto_generated|a_dpfifo_lic1:dpfifo|cntr_v27:usedw_counter|counter_reg_bit[3]_OTERM511 ; Retimed Register ; Physical Synthesis                                ; Timing optimization        ;           ;                ;                                                                                                                                                                          ;                  ;                       ;
; fifo_rom_v2:memory_buffer|fifo:row1|scfifo:scfifo_component|scfifo_7oe1:auto_generated|a_dpfifo_lic1:dpfifo|cntr_v27:usedw_counter|counter_reg_bit[3]_OTERM513 ; Retimed Register ; Physical Synthesis                                ; Timing optimization        ;           ;                ;                                                                                                                                                                          ;                  ;                       ;
; fifo_rom_v2:memory_buffer|fifo:row1|scfifo:scfifo_component|scfifo_7oe1:auto_generated|a_dpfifo_lic1:dpfifo|cntr_v27:usedw_counter|counter_reg_bit[4]          ; Deleted          ; Physical Synthesis                                ; Timing optimization        ;           ;                ;                                                                                                                                                                          ;                  ;                       ;
; fifo_rom_v2:memory_buffer|fifo:row1|scfifo:scfifo_component|scfifo_7oe1:auto_generated|a_dpfifo_lic1:dpfifo|cntr_v27:usedw_counter|counter_reg_bit[4]_OTERM209 ; Retimed Register ; Physical Synthesis                                ; Timing optimization        ;           ;                ;                                                                                                                                                                          ;                  ;                       ;
; fifo_rom_v2:memory_buffer|fifo:row1|scfifo:scfifo_component|scfifo_7oe1:auto_generated|a_dpfifo_lic1:dpfifo|cntr_v27:usedw_counter|counter_reg_bit[4]_OTERM507 ; Retimed Register ; Physical Synthesis                                ; Timing optimization        ;           ;                ;                                                                                                                                                                          ;                  ;                       ;
; fifo_rom_v2:memory_buffer|fifo:row1|scfifo:scfifo_component|scfifo_7oe1:auto_generated|a_dpfifo_lic1:dpfifo|cntr_v27:usedw_counter|counter_reg_bit[4]_OTERM509 ; Retimed Register ; Physical Synthesis                                ; Timing optimization        ;           ;                ;                                                                                                                                                                          ;                  ;                       ;
; fifo_rom_v2:memory_buffer|fifo:row1|scfifo:scfifo_component|scfifo_7oe1:auto_generated|a_dpfifo_lic1:dpfifo|cntr_v27:usedw_counter|counter_reg_bit[5]          ; Deleted          ; Physical Synthesis                                ; Timing optimization        ;           ;                ;                                                                                                                                                                          ;                  ;                       ;
; fifo_rom_v2:memory_buffer|fifo:row1|scfifo:scfifo_component|scfifo_7oe1:auto_generated|a_dpfifo_lic1:dpfifo|cntr_v27:usedw_counter|counter_reg_bit[5]_OTERM211 ; Retimed Register ; Physical Synthesis                                ; Timing optimization        ;           ;                ;                                                                                                                                                                          ;                  ;                       ;
; fifo_rom_v2:memory_buffer|fifo:row1|scfifo:scfifo_component|scfifo_7oe1:auto_generated|a_dpfifo_lic1:dpfifo|cntr_v27:usedw_counter|counter_reg_bit[5]_OTERM503 ; Retimed Register ; Physical Synthesis                                ; Timing optimization        ;           ;                ;                                                                                                                                                                          ;                  ;                       ;
; fifo_rom_v2:memory_buffer|fifo:row1|scfifo:scfifo_component|scfifo_7oe1:auto_generated|a_dpfifo_lic1:dpfifo|cntr_v27:usedw_counter|counter_reg_bit[5]_OTERM505 ; Retimed Register ; Physical Synthesis                                ; Timing optimization        ;           ;                ;                                                                                                                                                                          ;                  ;                       ;
; fifo_rom_v2:memory_buffer|fifo:row1|scfifo:scfifo_component|scfifo_7oe1:auto_generated|a_dpfifo_lic1:dpfifo|cntr_v27:usedw_counter|counter_reg_bit[6]          ; Deleted          ; Physical Synthesis                                ; Timing optimization        ;           ;                ;                                                                                                                                                                          ;                  ;                       ;
; fifo_rom_v2:memory_buffer|fifo:row1|scfifo:scfifo_component|scfifo_7oe1:auto_generated|a_dpfifo_lic1:dpfifo|cntr_v27:usedw_counter|counter_reg_bit[6]_OTERM213 ; Retimed Register ; Physical Synthesis                                ; Timing optimization        ;           ;                ;                                                                                                                                                                          ;                  ;                       ;
; fifo_rom_v2:memory_buffer|fifo:row1|scfifo:scfifo_component|scfifo_7oe1:auto_generated|a_dpfifo_lic1:dpfifo|cntr_v27:usedw_counter|counter_reg_bit[6]_OTERM487 ; Retimed Register ; Physical Synthesis                                ; Timing optimization        ;           ;                ;                                                                                                                                                                          ;                  ;                       ;
; fifo_rom_v2:memory_buffer|fifo:row1|scfifo:scfifo_component|scfifo_7oe1:auto_generated|a_dpfifo_lic1:dpfifo|cntr_v27:usedw_counter|counter_reg_bit[6]_OTERM489 ; Retimed Register ; Physical Synthesis                                ; Timing optimization        ;           ;                ;                                                                                                                                                                          ;                  ;                       ;
; fifo_rom_v2:memory_buffer|fifo:row1|scfifo:scfifo_component|scfifo_7oe1:auto_generated|a_dpfifo_lic1:dpfifo|cntr_v27:usedw_counter|counter_reg_bit[7]          ; Deleted          ; Physical Synthesis                                ; Timing optimization        ;           ;                ;                                                                                                                                                                          ;                  ;                       ;
; fifo_rom_v2:memory_buffer|fifo:row1|scfifo:scfifo_component|scfifo_7oe1:auto_generated|a_dpfifo_lic1:dpfifo|cntr_v27:usedw_counter|counter_reg_bit[7]_OTERM215 ; Retimed Register ; Physical Synthesis                                ; Timing optimization        ;           ;                ;                                                                                                                                                                          ;                  ;                       ;
; fifo_rom_v2:memory_buffer|fifo:row1|scfifo:scfifo_component|scfifo_7oe1:auto_generated|a_dpfifo_lic1:dpfifo|cntr_v27:usedw_counter|counter_reg_bit[7]_OTERM493 ; Retimed Register ; Physical Synthesis                                ; Timing optimization        ;           ;                ;                                                                                                                                                                          ;                  ;                       ;
; fifo_rom_v2:memory_buffer|fifo:row1|scfifo:scfifo_component|scfifo_7oe1:auto_generated|a_dpfifo_lic1:dpfifo|cntr_v27:usedw_counter|counter_reg_bit[7]_OTERM495 ; Retimed Register ; Physical Synthesis                                ; Timing optimization        ;           ;                ;                                                                                                                                                                          ;                  ;                       ;
; fifo_rom_v2:memory_buffer|fifo:row1|scfifo:scfifo_component|scfifo_7oe1:auto_generated|a_dpfifo_lic1:dpfifo|empty_dff                                          ; Deleted          ; Physical Synthesis                                ; Timing optimization        ;           ;                ;                                                                                                                                                                          ;                  ;                       ;
; fifo_rom_v2:memory_buffer|fifo:row1|scfifo:scfifo_component|scfifo_7oe1:auto_generated|a_dpfifo_lic1:dpfifo|empty_dff_OTERM1                                   ; Retimed Register ; Physical Synthesis                                ; Timing optimization        ;           ;                ;                                                                                                                                                                          ;                  ;                       ;
; fifo_rom_v2:memory_buffer|fifo:row1|scfifo:scfifo_component|scfifo_7oe1:auto_generated|a_dpfifo_lic1:dpfifo|empty_dff_OTERM3                                   ; Retimed Register ; Physical Synthesis                                ; Timing optimization        ;           ;                ;                                                                                                                                                                          ;                  ;                       ;
; fifo_rom_v2:memory_buffer|fifo:row1|scfifo:scfifo_component|scfifo_7oe1:auto_generated|a_dpfifo_lic1:dpfifo|empty_dff_OTERM5                                   ; Retimed Register ; Physical Synthesis                                ; Timing optimization        ;           ;                ;                                                                                                                                                                          ;                  ;                       ;
; fifo_rom_v2:memory_buffer|fifo:row1|scfifo:scfifo_component|scfifo_7oe1:auto_generated|a_dpfifo_lic1:dpfifo|empty_dff_OTERM7                                   ; Retimed Register ; Physical Synthesis                                ; Timing optimization        ;           ;                ;                                                                                                                                                                          ;                  ;                       ;
; fifo_rom_v2:memory_buffer|fifo:row1|scfifo:scfifo_component|scfifo_7oe1:auto_generated|a_dpfifo_lic1:dpfifo|empty_dff_OTERM11                                  ; Retimed Register ; Physical Synthesis                                ; Timing optimization        ;           ;                ;                                                                                                                                                                          ;                  ;                       ;
; fifo_rom_v2:memory_buffer|fifo:row1|scfifo:scfifo_component|scfifo_7oe1:auto_generated|a_dpfifo_lic1:dpfifo|full_dff                                           ; Deleted          ; Physical Synthesis                                ; Timing optimization        ;           ;                ;                                                                                                                                                                          ;                  ;                       ;
; fifo_rom_v2:memory_buffer|fifo:row1|scfifo:scfifo_component|scfifo_7oe1:auto_generated|a_dpfifo_lic1:dpfifo|full_dff_OTERM265                                  ; Retimed Register ; Physical Synthesis                                ; Timing optimization        ;           ;                ;                                                                                                                                                                          ;                  ;                       ;
; fifo_rom_v2:memory_buffer|fifo:row1|scfifo:scfifo_component|scfifo_7oe1:auto_generated|a_dpfifo_lic1:dpfifo|full_dff_OTERM591                                  ; Retimed Register ; Physical Synthesis                                ; Timing optimization        ;           ;                ;                                                                                                                                                                          ;                  ;                       ;
; fifo_rom_v2:memory_buffer|fifo:row1|scfifo:scfifo_component|scfifo_7oe1:auto_generated|a_dpfifo_lic1:dpfifo|low_addressa[0]                                    ; Deleted          ; Physical Synthesis                                ; Timing optimization        ;           ;                ;                                                                                                                                                                          ;                  ;                       ;
; fifo_rom_v2:memory_buffer|fifo:row1|scfifo:scfifo_component|scfifo_7oe1:auto_generated|a_dpfifo_lic1:dpfifo|low_addressa[0]_OTERM111                           ; Retimed Register ; Physical Synthesis                                ; Timing optimization        ;           ;                ;                                                                                                                                                                          ;                  ;                       ;
; fifo_rom_v2:memory_buffer|fifo:row1|scfifo:scfifo_component|scfifo_7oe1:auto_generated|a_dpfifo_lic1:dpfifo|low_addressa[0]_OTERM113                           ; Retimed Register ; Physical Synthesis                                ; Timing optimization        ;           ;                ;                                                                                                                                                                          ;                  ;                       ;
; fifo_rom_v2:memory_buffer|fifo:row1|scfifo:scfifo_component|scfifo_7oe1:auto_generated|a_dpfifo_lic1:dpfifo|low_addressa[0]_OTERM115                           ; Retimed Register ; Physical Synthesis                                ; Timing optimization        ;           ;                ;                                                                                                                                                                          ;                  ;                       ;
; fifo_rom_v2:memory_buffer|fifo:row1|scfifo:scfifo_component|scfifo_7oe1:auto_generated|a_dpfifo_lic1:dpfifo|low_addressa[0]_OTERM117                           ; Retimed Register ; Physical Synthesis                                ; Timing optimization        ;           ;                ;                                                                                                                                                                          ;                  ;                       ;
; fifo_rom_v2:memory_buffer|fifo:row1|scfifo:scfifo_component|scfifo_7oe1:auto_generated|a_dpfifo_lic1:dpfifo|low_addressa[0]_OTERM119                           ; Retimed Register ; Physical Synthesis                                ; Timing optimization        ;           ;                ;                                                                                                                                                                          ;                  ;                       ;
; fifo_rom_v2:memory_buffer|fifo:row1|scfifo:scfifo_component|scfifo_7oe1:auto_generated|a_dpfifo_lic1:dpfifo|low_addressa[1]                                    ; Deleted          ; Physical Synthesis                                ; Timing optimization        ;           ;                ;                                                                                                                                                                          ;                  ;                       ;
; fifo_rom_v2:memory_buffer|fifo:row1|scfifo:scfifo_component|scfifo_7oe1:auto_generated|a_dpfifo_lic1:dpfifo|low_addressa[1]_OTERM149                           ; Retimed Register ; Physical Synthesis                                ; Timing optimization        ;           ;                ;                                                                                                                                                                          ;                  ;                       ;
; fifo_rom_v2:memory_buffer|fifo:row1|scfifo:scfifo_component|scfifo_7oe1:auto_generated|a_dpfifo_lic1:dpfifo|low_addressa[1]_OTERM151                           ; Retimed Register ; Physical Synthesis                                ; Timing optimization        ;           ;                ;                                                                                                                                                                          ;                  ;                       ;
; fifo_rom_v2:memory_buffer|fifo:row1|scfifo:scfifo_component|scfifo_7oe1:auto_generated|a_dpfifo_lic1:dpfifo|low_addressa[2]                                    ; Deleted          ; Physical Synthesis                                ; Timing optimization        ;           ;                ;                                                                                                                                                                          ;                  ;                       ;
; fifo_rom_v2:memory_buffer|fifo:row1|scfifo:scfifo_component|scfifo_7oe1:auto_generated|a_dpfifo_lic1:dpfifo|low_addressa[2]_OTERM145                           ; Retimed Register ; Physical Synthesis                                ; Timing optimization        ;           ;                ;                                                                                                                                                                          ;                  ;                       ;
; fifo_rom_v2:memory_buffer|fifo:row1|scfifo:scfifo_component|scfifo_7oe1:auto_generated|a_dpfifo_lic1:dpfifo|low_addressa[2]_OTERM147                           ; Retimed Register ; Physical Synthesis                                ; Timing optimization        ;           ;                ;                                                                                                                                                                          ;                  ;                       ;
; fifo_rom_v2:memory_buffer|fifo:row1|scfifo:scfifo_component|scfifo_7oe1:auto_generated|a_dpfifo_lic1:dpfifo|low_addressa[3]                                    ; Deleted          ; Physical Synthesis                                ; Timing optimization        ;           ;                ;                                                                                                                                                                          ;                  ;                       ;
; fifo_rom_v2:memory_buffer|fifo:row1|scfifo:scfifo_component|scfifo_7oe1:auto_generated|a_dpfifo_lic1:dpfifo|low_addressa[3]_OTERM141                           ; Retimed Register ; Physical Synthesis                                ; Timing optimization        ;           ;                ;                                                                                                                                                                          ;                  ;                       ;
; fifo_rom_v2:memory_buffer|fifo:row1|scfifo:scfifo_component|scfifo_7oe1:auto_generated|a_dpfifo_lic1:dpfifo|low_addressa[3]_OTERM143                           ; Retimed Register ; Physical Synthesis                                ; Timing optimization        ;           ;                ;                                                                                                                                                                          ;                  ;                       ;
; fifo_rom_v2:memory_buffer|fifo:row1|scfifo:scfifo_component|scfifo_7oe1:auto_generated|a_dpfifo_lic1:dpfifo|low_addressa[4]                                    ; Deleted          ; Physical Synthesis                                ; Timing optimization        ;           ;                ;                                                                                                                                                                          ;                  ;                       ;
; fifo_rom_v2:memory_buffer|fifo:row1|scfifo:scfifo_component|scfifo_7oe1:auto_generated|a_dpfifo_lic1:dpfifo|low_addressa[4]_OTERM137                           ; Retimed Register ; Physical Synthesis                                ; Timing optimization        ;           ;                ;                                                                                                                                                                          ;                  ;                       ;
; fifo_rom_v2:memory_buffer|fifo:row1|scfifo:scfifo_component|scfifo_7oe1:auto_generated|a_dpfifo_lic1:dpfifo|low_addressa[4]_OTERM139                           ; Retimed Register ; Physical Synthesis                                ; Timing optimization        ;           ;                ;                                                                                                                                                                          ;                  ;                       ;
; fifo_rom_v2:memory_buffer|fifo:row1|scfifo:scfifo_component|scfifo_7oe1:auto_generated|a_dpfifo_lic1:dpfifo|low_addressa[5]                                    ; Deleted          ; Physical Synthesis                                ; Timing optimization        ;           ;                ;                                                                                                                                                                          ;                  ;                       ;
; fifo_rom_v2:memory_buffer|fifo:row1|scfifo:scfifo_component|scfifo_7oe1:auto_generated|a_dpfifo_lic1:dpfifo|low_addressa[5]_OTERM133                           ; Retimed Register ; Physical Synthesis                                ; Timing optimization        ;           ;                ;                                                                                                                                                                          ;                  ;                       ;
; fifo_rom_v2:memory_buffer|fifo:row1|scfifo:scfifo_component|scfifo_7oe1:auto_generated|a_dpfifo_lic1:dpfifo|low_addressa[5]_OTERM135                           ; Retimed Register ; Physical Synthesis                                ; Timing optimization        ;           ;                ;                                                                                                                                                                          ;                  ;                       ;
; fifo_rom_v2:memory_buffer|fifo:row1|scfifo:scfifo_component|scfifo_7oe1:auto_generated|a_dpfifo_lic1:dpfifo|low_addressa[6]                                    ; Deleted          ; Physical Synthesis                                ; Timing optimization        ;           ;                ;                                                                                                                                                                          ;                  ;                       ;
; fifo_rom_v2:memory_buffer|fifo:row1|scfifo:scfifo_component|scfifo_7oe1:auto_generated|a_dpfifo_lic1:dpfifo|low_addressa[6]_OTERM129                           ; Retimed Register ; Physical Synthesis                                ; Timing optimization        ;           ;                ;                                                                                                                                                                          ;                  ;                       ;
; fifo_rom_v2:memory_buffer|fifo:row1|scfifo:scfifo_component|scfifo_7oe1:auto_generated|a_dpfifo_lic1:dpfifo|low_addressa[6]_OTERM131                           ; Retimed Register ; Physical Synthesis                                ; Timing optimization        ;           ;                ;                                                                                                                                                                          ;                  ;                       ;
; fifo_rom_v2:memory_buffer|fifo:row1|scfifo:scfifo_component|scfifo_7oe1:auto_generated|a_dpfifo_lic1:dpfifo|low_addressa[7]                                    ; Deleted          ; Physical Synthesis                                ; Timing optimization        ;           ;                ;                                                                                                                                                                          ;                  ;                       ;
; fifo_rom_v2:memory_buffer|fifo:row1|scfifo:scfifo_component|scfifo_7oe1:auto_generated|a_dpfifo_lic1:dpfifo|low_addressa[7]_OTERM125                           ; Retimed Register ; Physical Synthesis                                ; Timing optimization        ;           ;                ;                                                                                                                                                                          ;                  ;                       ;
; fifo_rom_v2:memory_buffer|fifo:row1|scfifo:scfifo_component|scfifo_7oe1:auto_generated|a_dpfifo_lic1:dpfifo|low_addressa[7]_OTERM127                           ; Retimed Register ; Physical Synthesis                                ; Timing optimization        ;           ;                ;                                                                                                                                                                          ;                  ;                       ;
; fifo_rom_v2:memory_buffer|fifo:row1|scfifo:scfifo_component|scfifo_7oe1:auto_generated|a_dpfifo_lic1:dpfifo|rd_ptr_lsb                                         ; Deleted          ; Physical Synthesis                                ; Timing optimization        ;           ;                ;                                                                                                                                                                          ;                  ;                       ;
; fifo_rom_v2:memory_buffer|fifo:row1|scfifo:scfifo_component|scfifo_7oe1:auto_generated|a_dpfifo_lic1:dpfifo|rd_ptr_lsb_NEW_REG50_NEW618_RESYN848_BDD849        ; Created          ; Physical Synthesis                                ; Timing optimization        ;           ;                ;                                                                                                                                                                          ;                  ;                       ;
; fifo_rom_v2:memory_buffer|fifo:row1|scfifo:scfifo_component|scfifo_7oe1:auto_generated|a_dpfifo_lic1:dpfifo|rd_ptr_lsb_NEW_REG50_OTERM619                      ; Retimed Register ; Physical Synthesis                                ; Timing optimization        ;           ;                ;                                                                                                                                                                          ;                  ;                       ;
; fifo_rom_v2:memory_buffer|fifo:row1|scfifo:scfifo_component|scfifo_7oe1:auto_generated|a_dpfifo_lic1:dpfifo|rd_ptr_lsb_NEW_REG52_OTERM853                      ; Retimed Register ; Physical Synthesis                                ; Timing optimization        ;           ;                ;                                                                                                                                                                          ;                  ;                       ;
; fifo_rom_v2:memory_buffer|fifo:row1|scfifo:scfifo_component|scfifo_7oe1:auto_generated|a_dpfifo_lic1:dpfifo|rd_ptr_lsb_NEW_REG52_RTM054                        ; Modified         ; Physical Synthesis                                ; Timing optimization        ;           ;                ;                                                                                                                                                                          ;                  ;                       ;
; fifo_rom_v2:memory_buffer|fifo:row1|scfifo:scfifo_component|scfifo_7oe1:auto_generated|a_dpfifo_lic1:dpfifo|rd_ptr_lsb_OTERM51                                 ; Retimed Register ; Physical Synthesis                                ; Timing optimization        ;           ;                ;                                                                                                                                                                          ;                  ;                       ;
; fifo_rom_v2:memory_buffer|fifo:row1|scfifo:scfifo_component|scfifo_7oe1:auto_generated|a_dpfifo_lic1:dpfifo|rd_ptr_lsb_OTERM53                                 ; Retimed Register ; Physical Synthesis                                ; Timing optimization        ;           ;                ;                                                                                                                                                                          ;                  ;                       ;
; fifo_rom_v2:memory_buffer|fifo:row1|scfifo:scfifo_component|scfifo_7oe1:auto_generated|a_dpfifo_lic1:dpfifo|rd_ptr_lsb~0                                       ; Modified         ; Physical Synthesis                                ; Timing optimization        ;           ;                ;                                                                                                                                                                          ;                  ;                       ;
; fifo_rom_v2:memory_buffer|fifo:row1|scfifo:scfifo_component|scfifo_7oe1:auto_generated|a_dpfifo_lic1:dpfifo|rd_ptr_lsb~0_RTM055                                ; Modified         ; Physical Synthesis                                ; Timing optimization        ;           ;                ;                                                                                                                                                                          ;                  ;                       ;
; fifo_rom_v2:memory_buffer|fifo:row1|scfifo:scfifo_component|scfifo_7oe1:auto_generated|a_dpfifo_lic1:dpfifo|rd_ptr_lsb~1                                       ; Deleted          ; Physical Synthesis                                ; Timing optimization        ;           ;                ;                                                                                                                                                                          ;                  ;                       ;
; fifo_rom_v2:memory_buffer|fifo:row1|scfifo:scfifo_component|scfifo_7oe1:auto_generated|a_dpfifo_lic1:dpfifo|usedw_is_0_dff                                     ; Deleted          ; Physical Synthesis                                ; Timing optimization        ;           ;                ;                                                                                                                                                                          ;                  ;                       ;
; fifo_rom_v2:memory_buffer|fifo:row1|scfifo:scfifo_component|scfifo_7oe1:auto_generated|a_dpfifo_lic1:dpfifo|usedw_is_1_dff                                     ; Deleted          ; Physical Synthesis                                ; Timing optimization        ;           ;                ;                                                                                                                                                                          ;                  ;                       ;
; fifo_rom_v2:memory_buffer|fifo:row1|scfifo:scfifo_component|scfifo_7oe1:auto_generated|a_dpfifo_lic1:dpfifo|usedw_is_1_dff_OTERM13                             ; Retimed Register ; Physical Synthesis                                ; Timing optimization        ;           ;                ;                                                                                                                                                                          ;                  ;                       ;
; fifo_rom_v2:memory_buffer|fifo:row1|scfifo:scfifo_component|scfifo_7oe1:auto_generated|a_dpfifo_lic1:dpfifo|usedw_is_1_dff_OTERM15                             ; Retimed Register ; Physical Synthesis                                ; Timing optimization        ;           ;                ;                                                                                                                                                                          ;                  ;                       ;
; fifo_rom_v2:memory_buffer|fifo:row1|scfifo:scfifo_component|scfifo_7oe1:auto_generated|a_dpfifo_lic1:dpfifo|usedw_is_1_dff_OTERM17                             ; Retimed Register ; Physical Synthesis                                ; Timing optimization        ;           ;                ;                                                                                                                                                                          ;                  ;                       ;
; fifo_rom_v2:memory_buffer|fifo:row1|scfifo:scfifo_component|scfifo_7oe1:auto_generated|a_dpfifo_lic1:dpfifo|usedw_is_1_dff_OTERM19_OTERM543                    ; Retimed Register ; Physical Synthesis                                ; Timing optimization        ;           ;                ;                                                                                                                                                                          ;                  ;                       ;
; fifo_rom_v2:memory_buffer|fifo:row2|scfifo:scfifo_component|scfifo_7oe1:auto_generated|a_dpfifo_lic1:dpfifo|cntr_i2b:rd_ptr_msb|counter_comb_bita0~COUT        ; Modified         ; Physical Synthesis                                ; Timing optimization        ;           ;                ;                                                                                                                                                                          ;                  ;                       ;
; fifo_rom_v2:memory_buffer|fifo:row2|scfifo:scfifo_component|scfifo_7oe1:auto_generated|a_dpfifo_lic1:dpfifo|cntr_i2b:rd_ptr_msb|counter_reg_bit[0]             ; Deleted          ; Physical Synthesis                                ; Timing optimization        ;           ;                ;                                                                                                                                                                          ;                  ;                       ;
; fifo_rom_v2:memory_buffer|fifo:row2|scfifo:scfifo_component|scfifo_7oe1:auto_generated|a_dpfifo_lic1:dpfifo|cntr_i2b:rd_ptr_msb|counter_reg_bit[0]_OTERM279    ; Retimed Register ; Physical Synthesis                                ; Timing optimization        ;           ;                ;                                                                                                                                                                          ;                  ;                       ;
; fifo_rom_v2:memory_buffer|fifo:row2|scfifo:scfifo_component|scfifo_7oe1:auto_generated|a_dpfifo_lic1:dpfifo|cntr_i2b:rd_ptr_msb|counter_reg_bit[0]_OTERM491    ; Retimed Register ; Physical Synthesis                                ; Timing optimization        ;           ;                ;                                                                                                                                                                          ;                  ;                       ;
; fifo_rom_v2:memory_buffer|fifo:row2|scfifo:scfifo_component|scfifo_7oe1:auto_generated|a_dpfifo_lic1:dpfifo|cntr_i2b:rd_ptr_msb|counter_reg_bit[1]             ; Deleted          ; Physical Synthesis                                ; Timing optimization        ;           ;                ;                                                                                                                                                                          ;                  ;                       ;
; fifo_rom_v2:memory_buffer|fifo:row2|scfifo:scfifo_component|scfifo_7oe1:auto_generated|a_dpfifo_lic1:dpfifo|cntr_i2b:rd_ptr_msb|counter_reg_bit[1]_OTERM277    ; Retimed Register ; Physical Synthesis                                ; Timing optimization        ;           ;                ;                                                                                                                                                                          ;                  ;                       ;
; fifo_rom_v2:memory_buffer|fifo:row2|scfifo:scfifo_component|scfifo_7oe1:auto_generated|a_dpfifo_lic1:dpfifo|cntr_i2b:rd_ptr_msb|counter_reg_bit[1]_OTERM525    ; Retimed Register ; Physical Synthesis                                ; Timing optimization        ;           ;                ;                                                                                                                                                                          ;                  ;                       ;
; fifo_rom_v2:memory_buffer|fifo:row2|scfifo:scfifo_component|scfifo_7oe1:auto_generated|a_dpfifo_lic1:dpfifo|cntr_i2b:rd_ptr_msb|counter_reg_bit[2]             ; Deleted          ; Physical Synthesis                                ; Timing optimization        ;           ;                ;                                                                                                                                                                          ;                  ;                       ;
; fifo_rom_v2:memory_buffer|fifo:row2|scfifo:scfifo_component|scfifo_7oe1:auto_generated|a_dpfifo_lic1:dpfifo|cntr_i2b:rd_ptr_msb|counter_reg_bit[2]_OTERM275    ; Retimed Register ; Physical Synthesis                                ; Timing optimization        ;           ;                ;                                                                                                                                                                          ;                  ;                       ;
; fifo_rom_v2:memory_buffer|fifo:row2|scfifo:scfifo_component|scfifo_7oe1:auto_generated|a_dpfifo_lic1:dpfifo|cntr_i2b:rd_ptr_msb|counter_reg_bit[2]_OTERM523    ; Retimed Register ; Physical Synthesis                                ; Timing optimization        ;           ;                ;                                                                                                                                                                          ;                  ;                       ;
; fifo_rom_v2:memory_buffer|fifo:row2|scfifo:scfifo_component|scfifo_7oe1:auto_generated|a_dpfifo_lic1:dpfifo|cntr_i2b:rd_ptr_msb|counter_reg_bit[3]             ; Deleted          ; Physical Synthesis                                ; Timing optimization        ;           ;                ;                                                                                                                                                                          ;                  ;                       ;
; fifo_rom_v2:memory_buffer|fifo:row2|scfifo:scfifo_component|scfifo_7oe1:auto_generated|a_dpfifo_lic1:dpfifo|cntr_i2b:rd_ptr_msb|counter_reg_bit[3]_OTERM273    ; Retimed Register ; Physical Synthesis                                ; Timing optimization        ;           ;                ;                                                                                                                                                                          ;                  ;                       ;
; fifo_rom_v2:memory_buffer|fifo:row2|scfifo:scfifo_component|scfifo_7oe1:auto_generated|a_dpfifo_lic1:dpfifo|cntr_i2b:rd_ptr_msb|counter_reg_bit[3]_OTERM521    ; Retimed Register ; Physical Synthesis                                ; Timing optimization        ;           ;                ;                                                                                                                                                                          ;                  ;                       ;
; fifo_rom_v2:memory_buffer|fifo:row2|scfifo:scfifo_component|scfifo_7oe1:auto_generated|a_dpfifo_lic1:dpfifo|cntr_i2b:rd_ptr_msb|counter_reg_bit[4]             ; Deleted          ; Physical Synthesis                                ; Timing optimization        ;           ;                ;                                                                                                                                                                          ;                  ;                       ;
; fifo_rom_v2:memory_buffer|fifo:row2|scfifo:scfifo_component|scfifo_7oe1:auto_generated|a_dpfifo_lic1:dpfifo|cntr_i2b:rd_ptr_msb|counter_reg_bit[4]_OTERM271    ; Retimed Register ; Physical Synthesis                                ; Timing optimization        ;           ;                ;                                                                                                                                                                          ;                  ;                       ;
; fifo_rom_v2:memory_buffer|fifo:row2|scfifo:scfifo_component|scfifo_7oe1:auto_generated|a_dpfifo_lic1:dpfifo|cntr_i2b:rd_ptr_msb|counter_reg_bit[4]_OTERM519    ; Retimed Register ; Physical Synthesis                                ; Timing optimization        ;           ;                ;                                                                                                                                                                          ;                  ;                       ;
; fifo_rom_v2:memory_buffer|fifo:row2|scfifo:scfifo_component|scfifo_7oe1:auto_generated|a_dpfifo_lic1:dpfifo|cntr_i2b:rd_ptr_msb|counter_reg_bit[5]             ; Deleted          ; Physical Synthesis                                ; Timing optimization        ;           ;                ;                                                                                                                                                                          ;                  ;                       ;
; fifo_rom_v2:memory_buffer|fifo:row2|scfifo:scfifo_component|scfifo_7oe1:auto_generated|a_dpfifo_lic1:dpfifo|cntr_i2b:rd_ptr_msb|counter_reg_bit[5]_OTERM269    ; Retimed Register ; Physical Synthesis                                ; Timing optimization        ;           ;                ;                                                                                                                                                                          ;                  ;                       ;
; fifo_rom_v2:memory_buffer|fifo:row2|scfifo:scfifo_component|scfifo_7oe1:auto_generated|a_dpfifo_lic1:dpfifo|cntr_i2b:rd_ptr_msb|counter_reg_bit[5]_OTERM517    ; Retimed Register ; Physical Synthesis                                ; Timing optimization        ;           ;                ;                                                                                                                                                                          ;                  ;                       ;
; fifo_rom_v2:memory_buffer|fifo:row2|scfifo:scfifo_component|scfifo_7oe1:auto_generated|a_dpfifo_lic1:dpfifo|cntr_i2b:rd_ptr_msb|counter_reg_bit[6]             ; Deleted          ; Physical Synthesis                                ; Timing optimization        ;           ;                ;                                                                                                                                                                          ;                  ;                       ;
; fifo_rom_v2:memory_buffer|fifo:row2|scfifo:scfifo_component|scfifo_7oe1:auto_generated|a_dpfifo_lic1:dpfifo|cntr_i2b:rd_ptr_msb|counter_reg_bit[6]_OTERM267    ; Retimed Register ; Physical Synthesis                                ; Timing optimization        ;           ;                ;                                                                                                                                                                          ;                  ;                       ;
; fifo_rom_v2:memory_buffer|fifo:row2|scfifo:scfifo_component|scfifo_7oe1:auto_generated|a_dpfifo_lic1:dpfifo|cntr_i2b:rd_ptr_msb|counter_reg_bit[6]_OTERM515    ; Retimed Register ; Physical Synthesis                                ; Timing optimization        ;           ;                ;                                                                                                                                                                          ;                  ;                       ;
; fifo_rom_v2:memory_buffer|fifo:row2|scfifo:scfifo_component|scfifo_7oe1:auto_generated|a_dpfifo_lic1:dpfifo|cntr_j2b:wr_ptr|counter_comb_bita0~COUT            ; Modified         ; Physical Synthesis                                ; Timing optimization        ;           ;                ;                                                                                                                                                                          ;                  ;                       ;
; fifo_rom_v2:memory_buffer|fifo:row2|scfifo:scfifo_component|scfifo_7oe1:auto_generated|a_dpfifo_lic1:dpfifo|cntr_j2b:wr_ptr|counter_reg_bit[0]                 ; Deleted          ; Physical Synthesis                                ; Timing optimization        ;           ;                ;                                                                                                                                                                          ;                  ;                       ;
; fifo_rom_v2:memory_buffer|fifo:row2|scfifo:scfifo_component|scfifo_7oe1:auto_generated|a_dpfifo_lic1:dpfifo|cntr_j2b:wr_ptr|counter_reg_bit[0]_OTERM295        ; Retimed Register ; Physical Synthesis                                ; Timing optimization        ;           ;                ;                                                                                                                                                                          ;                  ;                       ;
; fifo_rom_v2:memory_buffer|fifo:row2|scfifo:scfifo_component|scfifo_7oe1:auto_generated|a_dpfifo_lic1:dpfifo|cntr_j2b:wr_ptr|counter_reg_bit[0]_OTERM349        ; Retimed Register ; Physical Synthesis                                ; Timing optimization        ;           ;                ;                                                                                                                                                                          ;                  ;                       ;
; fifo_rom_v2:memory_buffer|fifo:row2|scfifo:scfifo_component|scfifo_7oe1:auto_generated|a_dpfifo_lic1:dpfifo|cntr_j2b:wr_ptr|counter_reg_bit[0]_OTERM351        ; Retimed Register ; Physical Synthesis                                ; Timing optimization        ;           ;                ;                                                                                                                                                                          ;                  ;                       ;
; fifo_rom_v2:memory_buffer|fifo:row2|scfifo:scfifo_component|scfifo_7oe1:auto_generated|a_dpfifo_lic1:dpfifo|cntr_j2b:wr_ptr|counter_reg_bit[1]                 ; Deleted          ; Physical Synthesis                                ; Timing optimization        ;           ;                ;                                                                                                                                                                          ;                  ;                       ;
; fifo_rom_v2:memory_buffer|fifo:row2|scfifo:scfifo_component|scfifo_7oe1:auto_generated|a_dpfifo_lic1:dpfifo|cntr_j2b:wr_ptr|counter_reg_bit[1]_OTERM293        ; Retimed Register ; Physical Synthesis                                ; Timing optimization        ;           ;                ;                                                                                                                                                                          ;                  ;                       ;
; fifo_rom_v2:memory_buffer|fifo:row2|scfifo:scfifo_component|scfifo_7oe1:auto_generated|a_dpfifo_lic1:dpfifo|cntr_j2b:wr_ptr|counter_reg_bit[1]_OTERM429        ; Retimed Register ; Physical Synthesis                                ; Timing optimization        ;           ;                ;                                                                                                                                                                          ;                  ;                       ;
; fifo_rom_v2:memory_buffer|fifo:row2|scfifo:scfifo_component|scfifo_7oe1:auto_generated|a_dpfifo_lic1:dpfifo|cntr_j2b:wr_ptr|counter_reg_bit[1]_OTERM431        ; Retimed Register ; Physical Synthesis                                ; Timing optimization        ;           ;                ;                                                                                                                                                                          ;                  ;                       ;
; fifo_rom_v2:memory_buffer|fifo:row2|scfifo:scfifo_component|scfifo_7oe1:auto_generated|a_dpfifo_lic1:dpfifo|cntr_j2b:wr_ptr|counter_reg_bit[2]                 ; Deleted          ; Physical Synthesis                                ; Timing optimization        ;           ;                ;                                                                                                                                                                          ;                  ;                       ;
; fifo_rom_v2:memory_buffer|fifo:row2|scfifo:scfifo_component|scfifo_7oe1:auto_generated|a_dpfifo_lic1:dpfifo|cntr_j2b:wr_ptr|counter_reg_bit[2]_OTERM291        ; Retimed Register ; Physical Synthesis                                ; Timing optimization        ;           ;                ;                                                                                                                                                                          ;                  ;                       ;
; fifo_rom_v2:memory_buffer|fifo:row2|scfifo:scfifo_component|scfifo_7oe1:auto_generated|a_dpfifo_lic1:dpfifo|cntr_j2b:wr_ptr|counter_reg_bit[2]_OTERM409        ; Retimed Register ; Physical Synthesis                                ; Timing optimization        ;           ;                ;                                                                                                                                                                          ;                  ;                       ;
; fifo_rom_v2:memory_buffer|fifo:row2|scfifo:scfifo_component|scfifo_7oe1:auto_generated|a_dpfifo_lic1:dpfifo|cntr_j2b:wr_ptr|counter_reg_bit[2]_OTERM411        ; Retimed Register ; Physical Synthesis                                ; Timing optimization        ;           ;                ;                                                                                                                                                                          ;                  ;                       ;
; fifo_rom_v2:memory_buffer|fifo:row2|scfifo:scfifo_component|scfifo_7oe1:auto_generated|a_dpfifo_lic1:dpfifo|cntr_j2b:wr_ptr|counter_reg_bit[3]                 ; Deleted          ; Physical Synthesis                                ; Timing optimization        ;           ;                ;                                                                                                                                                                          ;                  ;                       ;
; fifo_rom_v2:memory_buffer|fifo:row2|scfifo:scfifo_component|scfifo_7oe1:auto_generated|a_dpfifo_lic1:dpfifo|cntr_j2b:wr_ptr|counter_reg_bit[3]_OTERM289        ; Retimed Register ; Physical Synthesis                                ; Timing optimization        ;           ;                ;                                                                                                                                                                          ;                  ;                       ;
; fifo_rom_v2:memory_buffer|fifo:row2|scfifo:scfifo_component|scfifo_7oe1:auto_generated|a_dpfifo_lic1:dpfifo|cntr_j2b:wr_ptr|counter_reg_bit[3]_OTERM405        ; Retimed Register ; Physical Synthesis                                ; Timing optimization        ;           ;                ;                                                                                                                                                                          ;                  ;                       ;
; fifo_rom_v2:memory_buffer|fifo:row2|scfifo:scfifo_component|scfifo_7oe1:auto_generated|a_dpfifo_lic1:dpfifo|cntr_j2b:wr_ptr|counter_reg_bit[3]_OTERM407        ; Retimed Register ; Physical Synthesis                                ; Timing optimization        ;           ;                ;                                                                                                                                                                          ;                  ;                       ;
; fifo_rom_v2:memory_buffer|fifo:row2|scfifo:scfifo_component|scfifo_7oe1:auto_generated|a_dpfifo_lic1:dpfifo|cntr_j2b:wr_ptr|counter_reg_bit[4]                 ; Deleted          ; Physical Synthesis                                ; Timing optimization        ;           ;                ;                                                                                                                                                                          ;                  ;                       ;
; fifo_rom_v2:memory_buffer|fifo:row2|scfifo:scfifo_component|scfifo_7oe1:auto_generated|a_dpfifo_lic1:dpfifo|cntr_j2b:wr_ptr|counter_reg_bit[4]_OTERM287        ; Retimed Register ; Physical Synthesis                                ; Timing optimization        ;           ;                ;                                                                                                                                                                          ;                  ;                       ;
; fifo_rom_v2:memory_buffer|fifo:row2|scfifo:scfifo_component|scfifo_7oe1:auto_generated|a_dpfifo_lic1:dpfifo|cntr_j2b:wr_ptr|counter_reg_bit[4]_OTERM401        ; Retimed Register ; Physical Synthesis                                ; Timing optimization        ;           ;                ;                                                                                                                                                                          ;                  ;                       ;
; fifo_rom_v2:memory_buffer|fifo:row2|scfifo:scfifo_component|scfifo_7oe1:auto_generated|a_dpfifo_lic1:dpfifo|cntr_j2b:wr_ptr|counter_reg_bit[4]_OTERM403        ; Retimed Register ; Physical Synthesis                                ; Timing optimization        ;           ;                ;                                                                                                                                                                          ;                  ;                       ;
; fifo_rom_v2:memory_buffer|fifo:row2|scfifo:scfifo_component|scfifo_7oe1:auto_generated|a_dpfifo_lic1:dpfifo|cntr_j2b:wr_ptr|counter_reg_bit[5]                 ; Deleted          ; Physical Synthesis                                ; Timing optimization        ;           ;                ;                                                                                                                                                                          ;                  ;                       ;
; fifo_rom_v2:memory_buffer|fifo:row2|scfifo:scfifo_component|scfifo_7oe1:auto_generated|a_dpfifo_lic1:dpfifo|cntr_j2b:wr_ptr|counter_reg_bit[5]_OTERM285        ; Retimed Register ; Physical Synthesis                                ; Timing optimization        ;           ;                ;                                                                                                                                                                          ;                  ;                       ;
; fifo_rom_v2:memory_buffer|fifo:row2|scfifo:scfifo_component|scfifo_7oe1:auto_generated|a_dpfifo_lic1:dpfifo|cntr_j2b:wr_ptr|counter_reg_bit[5]_OTERM397        ; Retimed Register ; Physical Synthesis                                ; Timing optimization        ;           ;                ;                                                                                                                                                                          ;                  ;                       ;
; fifo_rom_v2:memory_buffer|fifo:row2|scfifo:scfifo_component|scfifo_7oe1:auto_generated|a_dpfifo_lic1:dpfifo|cntr_j2b:wr_ptr|counter_reg_bit[5]_OTERM399        ; Retimed Register ; Physical Synthesis                                ; Timing optimization        ;           ;                ;                                                                                                                                                                          ;                  ;                       ;
; fifo_rom_v2:memory_buffer|fifo:row2|scfifo:scfifo_component|scfifo_7oe1:auto_generated|a_dpfifo_lic1:dpfifo|cntr_j2b:wr_ptr|counter_reg_bit[6]                 ; Deleted          ; Physical Synthesis                                ; Timing optimization        ;           ;                ;                                                                                                                                                                          ;                  ;                       ;
; fifo_rom_v2:memory_buffer|fifo:row2|scfifo:scfifo_component|scfifo_7oe1:auto_generated|a_dpfifo_lic1:dpfifo|cntr_j2b:wr_ptr|counter_reg_bit[6]_OTERM283        ; Retimed Register ; Physical Synthesis                                ; Timing optimization        ;           ;                ;                                                                                                                                                                          ;                  ;                       ;
; fifo_rom_v2:memory_buffer|fifo:row2|scfifo:scfifo_component|scfifo_7oe1:auto_generated|a_dpfifo_lic1:dpfifo|cntr_j2b:wr_ptr|counter_reg_bit[6]_OTERM393        ; Retimed Register ; Physical Synthesis                                ; Timing optimization        ;           ;                ;                                                                                                                                                                          ;                  ;                       ;
; fifo_rom_v2:memory_buffer|fifo:row2|scfifo:scfifo_component|scfifo_7oe1:auto_generated|a_dpfifo_lic1:dpfifo|cntr_j2b:wr_ptr|counter_reg_bit[6]_OTERM395        ; Retimed Register ; Physical Synthesis                                ; Timing optimization        ;           ;                ;                                                                                                                                                                          ;                  ;                       ;
; fifo_rom_v2:memory_buffer|fifo:row2|scfifo:scfifo_component|scfifo_7oe1:auto_generated|a_dpfifo_lic1:dpfifo|cntr_j2b:wr_ptr|counter_reg_bit[7]                 ; Deleted          ; Physical Synthesis                                ; Timing optimization        ;           ;                ;                                                                                                                                                                          ;                  ;                       ;
; fifo_rom_v2:memory_buffer|fifo:row2|scfifo:scfifo_component|scfifo_7oe1:auto_generated|a_dpfifo_lic1:dpfifo|cntr_j2b:wr_ptr|counter_reg_bit[7]_OTERM281        ; Retimed Register ; Physical Synthesis                                ; Timing optimization        ;           ;                ;                                                                                                                                                                          ;                  ;                       ;
; fifo_rom_v2:memory_buffer|fifo:row2|scfifo:scfifo_component|scfifo_7oe1:auto_generated|a_dpfifo_lic1:dpfifo|cntr_j2b:wr_ptr|counter_reg_bit[7]_OTERM389        ; Retimed Register ; Physical Synthesis                                ; Timing optimization        ;           ;                ;                                                                                                                                                                          ;                  ;                       ;
; fifo_rom_v2:memory_buffer|fifo:row2|scfifo:scfifo_component|scfifo_7oe1:auto_generated|a_dpfifo_lic1:dpfifo|cntr_j2b:wr_ptr|counter_reg_bit[7]_OTERM391        ; Retimed Register ; Physical Synthesis                                ; Timing optimization        ;           ;                ;                                                                                                                                                                          ;                  ;                       ;
; fifo_rom_v2:memory_buffer|fifo:row2|scfifo:scfifo_component|scfifo_7oe1:auto_generated|a_dpfifo_lic1:dpfifo|cntr_v27:usedw_counter|counter_comb_bita0~COUT     ; Modified         ; Physical Synthesis                                ; Timing optimization        ;           ;                ;                                                                                                                                                                          ;                  ;                       ;
; fifo_rom_v2:memory_buffer|fifo:row2|scfifo:scfifo_component|scfifo_7oe1:auto_generated|a_dpfifo_lic1:dpfifo|cntr_v27:usedw_counter|counter_reg_bit[0]          ; Deleted          ; Physical Synthesis                                ; Timing optimization        ;           ;                ;                                                                                                                                                                          ;                  ;                       ;
; fifo_rom_v2:memory_buffer|fifo:row2|scfifo:scfifo_component|scfifo_7oe1:auto_generated|a_dpfifo_lic1:dpfifo|cntr_v27:usedw_counter|counter_reg_bit[0]_OTERM231 ; Retimed Register ; Physical Synthesis                                ; Timing optimization        ;           ;                ;                                                                                                                                                                          ;                  ;                       ;
; fifo_rom_v2:memory_buffer|fifo:row2|scfifo:scfifo_component|scfifo_7oe1:auto_generated|a_dpfifo_lic1:dpfifo|cntr_v27:usedw_counter|counter_reg_bit[0]_OTERM479 ; Retimed Register ; Physical Synthesis                                ; Timing optimization        ;           ;                ;                                                                                                                                                                          ;                  ;                       ;
; fifo_rom_v2:memory_buffer|fifo:row2|scfifo:scfifo_component|scfifo_7oe1:auto_generated|a_dpfifo_lic1:dpfifo|cntr_v27:usedw_counter|counter_reg_bit[0]_OTERM481 ; Retimed Register ; Physical Synthesis                                ; Timing optimization        ;           ;                ;                                                                                                                                                                          ;                  ;                       ;
; fifo_rom_v2:memory_buffer|fifo:row2|scfifo:scfifo_component|scfifo_7oe1:auto_generated|a_dpfifo_lic1:dpfifo|cntr_v27:usedw_counter|counter_reg_bit[1]          ; Deleted          ; Physical Synthesis                                ; Timing optimization        ;           ;                ;                                                                                                                                                                          ;                  ;                       ;
; fifo_rom_v2:memory_buffer|fifo:row2|scfifo:scfifo_component|scfifo_7oe1:auto_generated|a_dpfifo_lic1:dpfifo|cntr_v27:usedw_counter|counter_reg_bit[1]_OTERM233 ; Retimed Register ; Physical Synthesis                                ; Timing optimization        ;           ;                ;                                                                                                                                                                          ;                  ;                       ;
; fifo_rom_v2:memory_buffer|fifo:row2|scfifo:scfifo_component|scfifo_7oe1:auto_generated|a_dpfifo_lic1:dpfifo|cntr_v27:usedw_counter|counter_reg_bit[1]_OTERM527 ; Retimed Register ; Physical Synthesis                                ; Timing optimization        ;           ;                ;                                                                                                                                                                          ;                  ;                       ;
; fifo_rom_v2:memory_buffer|fifo:row2|scfifo:scfifo_component|scfifo_7oe1:auto_generated|a_dpfifo_lic1:dpfifo|cntr_v27:usedw_counter|counter_reg_bit[1]_OTERM529 ; Retimed Register ; Physical Synthesis                                ; Timing optimization        ;           ;                ;                                                                                                                                                                          ;                  ;                       ;
; fifo_rom_v2:memory_buffer|fifo:row2|scfifo:scfifo_component|scfifo_7oe1:auto_generated|a_dpfifo_lic1:dpfifo|cntr_v27:usedw_counter|counter_reg_bit[2]          ; Deleted          ; Physical Synthesis                                ; Timing optimization        ;           ;                ;                                                                                                                                                                          ;                  ;                       ;
; fifo_rom_v2:memory_buffer|fifo:row2|scfifo:scfifo_component|scfifo_7oe1:auto_generated|a_dpfifo_lic1:dpfifo|cntr_v27:usedw_counter|counter_reg_bit[2]_OTERM219 ; Retimed Register ; Physical Synthesis                                ; Timing optimization        ;           ;                ;                                                                                                                                                                          ;                  ;                       ;
; fifo_rom_v2:memory_buffer|fifo:row2|scfifo:scfifo_component|scfifo_7oe1:auto_generated|a_dpfifo_lic1:dpfifo|cntr_v27:usedw_counter|counter_reg_bit[2]_OTERM565 ; Retimed Register ; Physical Synthesis                                ; Timing optimization        ;           ;                ;                                                                                                                                                                          ;                  ;                       ;
; fifo_rom_v2:memory_buffer|fifo:row2|scfifo:scfifo_component|scfifo_7oe1:auto_generated|a_dpfifo_lic1:dpfifo|cntr_v27:usedw_counter|counter_reg_bit[2]_OTERM567 ; Retimed Register ; Physical Synthesis                                ; Timing optimization        ;           ;                ;                                                                                                                                                                          ;                  ;                       ;
; fifo_rom_v2:memory_buffer|fifo:row2|scfifo:scfifo_component|scfifo_7oe1:auto_generated|a_dpfifo_lic1:dpfifo|cntr_v27:usedw_counter|counter_reg_bit[3]          ; Deleted          ; Physical Synthesis                                ; Timing optimization        ;           ;                ;                                                                                                                                                                          ;                  ;                       ;
; fifo_rom_v2:memory_buffer|fifo:row2|scfifo:scfifo_component|scfifo_7oe1:auto_generated|a_dpfifo_lic1:dpfifo|cntr_v27:usedw_counter|counter_reg_bit[3]_OTERM221 ; Retimed Register ; Physical Synthesis                                ; Timing optimization        ;           ;                ;                                                                                                                                                                          ;                  ;                       ;
; fifo_rom_v2:memory_buffer|fifo:row2|scfifo:scfifo_component|scfifo_7oe1:auto_generated|a_dpfifo_lic1:dpfifo|cntr_v27:usedw_counter|counter_reg_bit[3]_OTERM557 ; Retimed Register ; Physical Synthesis                                ; Timing optimization        ;           ;                ;                                                                                                                                                                          ;                  ;                       ;
; fifo_rom_v2:memory_buffer|fifo:row2|scfifo:scfifo_component|scfifo_7oe1:auto_generated|a_dpfifo_lic1:dpfifo|cntr_v27:usedw_counter|counter_reg_bit[3]_OTERM559 ; Retimed Register ; Physical Synthesis                                ; Timing optimization        ;           ;                ;                                                                                                                                                                          ;                  ;                       ;
; fifo_rom_v2:memory_buffer|fifo:row2|scfifo:scfifo_component|scfifo_7oe1:auto_generated|a_dpfifo_lic1:dpfifo|cntr_v27:usedw_counter|counter_reg_bit[4]          ; Deleted          ; Physical Synthesis                                ; Timing optimization        ;           ;                ;                                                                                                                                                                          ;                  ;                       ;
; fifo_rom_v2:memory_buffer|fifo:row2|scfifo:scfifo_component|scfifo_7oe1:auto_generated|a_dpfifo_lic1:dpfifo|cntr_v27:usedw_counter|counter_reg_bit[4]_OTERM223 ; Retimed Register ; Physical Synthesis                                ; Timing optimization        ;           ;                ;                                                                                                                                                                          ;                  ;                       ;
; fifo_rom_v2:memory_buffer|fifo:row2|scfifo:scfifo_component|scfifo_7oe1:auto_generated|a_dpfifo_lic1:dpfifo|cntr_v27:usedw_counter|counter_reg_bit[4]_OTERM549 ; Retimed Register ; Physical Synthesis                                ; Timing optimization        ;           ;                ;                                                                                                                                                                          ;                  ;                       ;
; fifo_rom_v2:memory_buffer|fifo:row2|scfifo:scfifo_component|scfifo_7oe1:auto_generated|a_dpfifo_lic1:dpfifo|cntr_v27:usedw_counter|counter_reg_bit[4]_OTERM551 ; Retimed Register ; Physical Synthesis                                ; Timing optimization        ;           ;                ;                                                                                                                                                                          ;                  ;                       ;
; fifo_rom_v2:memory_buffer|fifo:row2|scfifo:scfifo_component|scfifo_7oe1:auto_generated|a_dpfifo_lic1:dpfifo|cntr_v27:usedw_counter|counter_reg_bit[5]          ; Deleted          ; Physical Synthesis                                ; Timing optimization        ;           ;                ;                                                                                                                                                                          ;                  ;                       ;
; fifo_rom_v2:memory_buffer|fifo:row2|scfifo:scfifo_component|scfifo_7oe1:auto_generated|a_dpfifo_lic1:dpfifo|cntr_v27:usedw_counter|counter_reg_bit[5]_OTERM225 ; Retimed Register ; Physical Synthesis                                ; Timing optimization        ;           ;                ;                                                                                                                                                                          ;                  ;                       ;
; fifo_rom_v2:memory_buffer|fifo:row2|scfifo:scfifo_component|scfifo_7oe1:auto_generated|a_dpfifo_lic1:dpfifo|cntr_v27:usedw_counter|counter_reg_bit[5]_OTERM553 ; Retimed Register ; Physical Synthesis                                ; Timing optimization        ;           ;                ;                                                                                                                                                                          ;                  ;                       ;
; fifo_rom_v2:memory_buffer|fifo:row2|scfifo:scfifo_component|scfifo_7oe1:auto_generated|a_dpfifo_lic1:dpfifo|cntr_v27:usedw_counter|counter_reg_bit[5]_OTERM555 ; Retimed Register ; Physical Synthesis                                ; Timing optimization        ;           ;                ;                                                                                                                                                                          ;                  ;                       ;
; fifo_rom_v2:memory_buffer|fifo:row2|scfifo:scfifo_component|scfifo_7oe1:auto_generated|a_dpfifo_lic1:dpfifo|cntr_v27:usedw_counter|counter_reg_bit[6]          ; Deleted          ; Physical Synthesis                                ; Timing optimization        ;           ;                ;                                                                                                                                                                          ;                  ;                       ;
; fifo_rom_v2:memory_buffer|fifo:row2|scfifo:scfifo_component|scfifo_7oe1:auto_generated|a_dpfifo_lic1:dpfifo|cntr_v27:usedw_counter|counter_reg_bit[6]_OTERM227 ; Retimed Register ; Physical Synthesis                                ; Timing optimization        ;           ;                ;                                                                                                                                                                          ;                  ;                       ;
; fifo_rom_v2:memory_buffer|fifo:row2|scfifo:scfifo_component|scfifo_7oe1:auto_generated|a_dpfifo_lic1:dpfifo|cntr_v27:usedw_counter|counter_reg_bit[6]_OTERM561 ; Retimed Register ; Physical Synthesis                                ; Timing optimization        ;           ;                ;                                                                                                                                                                          ;                  ;                       ;
; fifo_rom_v2:memory_buffer|fifo:row2|scfifo:scfifo_component|scfifo_7oe1:auto_generated|a_dpfifo_lic1:dpfifo|cntr_v27:usedw_counter|counter_reg_bit[6]_OTERM563 ; Retimed Register ; Physical Synthesis                                ; Timing optimization        ;           ;                ;                                                                                                                                                                          ;                  ;                       ;
; fifo_rom_v2:memory_buffer|fifo:row2|scfifo:scfifo_component|scfifo_7oe1:auto_generated|a_dpfifo_lic1:dpfifo|cntr_v27:usedw_counter|counter_reg_bit[7]          ; Deleted          ; Physical Synthesis                                ; Timing optimization        ;           ;                ;                                                                                                                                                                          ;                  ;                       ;
; fifo_rom_v2:memory_buffer|fifo:row2|scfifo:scfifo_component|scfifo_7oe1:auto_generated|a_dpfifo_lic1:dpfifo|cntr_v27:usedw_counter|counter_reg_bit[7]_OTERM229 ; Retimed Register ; Physical Synthesis                                ; Timing optimization        ;           ;                ;                                                                                                                                                                          ;                  ;                       ;
; fifo_rom_v2:memory_buffer|fifo:row2|scfifo:scfifo_component|scfifo_7oe1:auto_generated|a_dpfifo_lic1:dpfifo|cntr_v27:usedw_counter|counter_reg_bit[7]_OTERM573 ; Retimed Register ; Physical Synthesis                                ; Timing optimization        ;           ;                ;                                                                                                                                                                          ;                  ;                       ;
; fifo_rom_v2:memory_buffer|fifo:row2|scfifo:scfifo_component|scfifo_7oe1:auto_generated|a_dpfifo_lic1:dpfifo|cntr_v27:usedw_counter|counter_reg_bit[7]_OTERM575 ; Retimed Register ; Physical Synthesis                                ; Timing optimization        ;           ;                ;                                                                                                                                                                          ;                  ;                       ;
; fifo_rom_v2:memory_buffer|fifo:row2|scfifo:scfifo_component|scfifo_7oe1:auto_generated|a_dpfifo_lic1:dpfifo|empty_dff                                          ; Deleted          ; Physical Synthesis                                ; Timing optimization        ;           ;                ;                                                                                                                                                                          ;                  ;                       ;
; fifo_rom_v2:memory_buffer|fifo:row2|scfifo:scfifo_component|scfifo_7oe1:auto_generated|a_dpfifo_lic1:dpfifo|empty_dff_OTERM57                                  ; Retimed Register ; Physical Synthesis                                ; Timing optimization        ;           ;                ;                                                                                                                                                                          ;                  ;                       ;
; fifo_rom_v2:memory_buffer|fifo:row2|scfifo:scfifo_component|scfifo_7oe1:auto_generated|a_dpfifo_lic1:dpfifo|empty_dff_OTERM59                                  ; Retimed Register ; Physical Synthesis                                ; Timing optimization        ;           ;                ;                                                                                                                                                                          ;                  ;                       ;
; fifo_rom_v2:memory_buffer|fifo:row2|scfifo:scfifo_component|scfifo_7oe1:auto_generated|a_dpfifo_lic1:dpfifo|full_dff                                           ; Deleted          ; Physical Synthesis                                ; Timing optimization        ;           ;                ;                                                                                                                                                                          ;                  ;                       ;
; fifo_rom_v2:memory_buffer|fifo:row2|scfifo:scfifo_component|scfifo_7oe1:auto_generated|a_dpfifo_lic1:dpfifo|full_dff_OTERM299                                  ; Retimed Register ; Physical Synthesis                                ; Timing optimization        ;           ;                ;                                                                                                                                                                          ;                  ;                       ;
; fifo_rom_v2:memory_buffer|fifo:row2|scfifo:scfifo_component|scfifo_7oe1:auto_generated|a_dpfifo_lic1:dpfifo|full_dff_OTERM589                                  ; Retimed Register ; Physical Synthesis                                ; Timing optimization        ;           ;                ;                                                                                                                                                                          ;                  ;                       ;
; fifo_rom_v2:memory_buffer|fifo:row2|scfifo:scfifo_component|scfifo_7oe1:auto_generated|a_dpfifo_lic1:dpfifo|low_addressa[0]                                    ; Deleted          ; Physical Synthesis                                ; Timing optimization        ;           ;                ;                                                                                                                                                                          ;                  ;                       ;
; fifo_rom_v2:memory_buffer|fifo:row2|scfifo:scfifo_component|scfifo_7oe1:auto_generated|a_dpfifo_lic1:dpfifo|low_addressa[0]_OTERM121                           ; Retimed Register ; Physical Synthesis                                ; Timing optimization        ;           ;                ;                                                                                                                                                                          ;                  ;                       ;
; fifo_rom_v2:memory_buffer|fifo:row2|scfifo:scfifo_component|scfifo_7oe1:auto_generated|a_dpfifo_lic1:dpfifo|low_addressa[0]~0                                  ; Deleted          ; Physical Synthesis                                ; Timing optimization        ;           ;                ;                                                                                                                                                                          ;                  ;                       ;
; fifo_rom_v2:memory_buffer|fifo:row2|scfifo:scfifo_component|scfifo_7oe1:auto_generated|a_dpfifo_lic1:dpfifo|low_addressa[1]                                    ; Deleted          ; Physical Synthesis                                ; Timing optimization        ;           ;                ;                                                                                                                                                                          ;                  ;                       ;
; fifo_rom_v2:memory_buffer|fifo:row2|scfifo:scfifo_component|scfifo_7oe1:auto_generated|a_dpfifo_lic1:dpfifo|low_addressa[1]_OTERM105                           ; Retimed Register ; Physical Synthesis                                ; Timing optimization        ;           ;                ;                                                                                                                                                                          ;                  ;                       ;
; fifo_rom_v2:memory_buffer|fifo:row2|scfifo:scfifo_component|scfifo_7oe1:auto_generated|a_dpfifo_lic1:dpfifo|low_addressa[1]_OTERM107                           ; Retimed Register ; Physical Synthesis                                ; Timing optimization        ;           ;                ;                                                                                                                                                                          ;                  ;                       ;
; fifo_rom_v2:memory_buffer|fifo:row2|scfifo:scfifo_component|scfifo_7oe1:auto_generated|a_dpfifo_lic1:dpfifo|low_addressa[2]                                    ; Deleted          ; Physical Synthesis                                ; Timing optimization        ;           ;                ;                                                                                                                                                                          ;                  ;                       ;
; fifo_rom_v2:memory_buffer|fifo:row2|scfifo:scfifo_component|scfifo_7oe1:auto_generated|a_dpfifo_lic1:dpfifo|low_addressa[2]_OTERM101                           ; Retimed Register ; Physical Synthesis                                ; Timing optimization        ;           ;                ;                                                                                                                                                                          ;                  ;                       ;
; fifo_rom_v2:memory_buffer|fifo:row2|scfifo:scfifo_component|scfifo_7oe1:auto_generated|a_dpfifo_lic1:dpfifo|low_addressa[2]_OTERM103                           ; Retimed Register ; Physical Synthesis                                ; Timing optimization        ;           ;                ;                                                                                                                                                                          ;                  ;                       ;
; fifo_rom_v2:memory_buffer|fifo:row2|scfifo:scfifo_component|scfifo_7oe1:auto_generated|a_dpfifo_lic1:dpfifo|low_addressa[3]                                    ; Deleted          ; Physical Synthesis                                ; Timing optimization        ;           ;                ;                                                                                                                                                                          ;                  ;                       ;
; fifo_rom_v2:memory_buffer|fifo:row2|scfifo:scfifo_component|scfifo_7oe1:auto_generated|a_dpfifo_lic1:dpfifo|low_addressa[3]_OTERM97                            ; Retimed Register ; Physical Synthesis                                ; Timing optimization        ;           ;                ;                                                                                                                                                                          ;                  ;                       ;
; fifo_rom_v2:memory_buffer|fifo:row2|scfifo:scfifo_component|scfifo_7oe1:auto_generated|a_dpfifo_lic1:dpfifo|low_addressa[3]_OTERM99                            ; Retimed Register ; Physical Synthesis                                ; Timing optimization        ;           ;                ;                                                                                                                                                                          ;                  ;                       ;
; fifo_rom_v2:memory_buffer|fifo:row2|scfifo:scfifo_component|scfifo_7oe1:auto_generated|a_dpfifo_lic1:dpfifo|low_addressa[4]                                    ; Deleted          ; Physical Synthesis                                ; Timing optimization        ;           ;                ;                                                                                                                                                                          ;                  ;                       ;
; fifo_rom_v2:memory_buffer|fifo:row2|scfifo:scfifo_component|scfifo_7oe1:auto_generated|a_dpfifo_lic1:dpfifo|low_addressa[4]_OTERM93                            ; Retimed Register ; Physical Synthesis                                ; Timing optimization        ;           ;                ;                                                                                                                                                                          ;                  ;                       ;
; fifo_rom_v2:memory_buffer|fifo:row2|scfifo:scfifo_component|scfifo_7oe1:auto_generated|a_dpfifo_lic1:dpfifo|low_addressa[4]_OTERM95                            ; Retimed Register ; Physical Synthesis                                ; Timing optimization        ;           ;                ;                                                                                                                                                                          ;                  ;                       ;
; fifo_rom_v2:memory_buffer|fifo:row2|scfifo:scfifo_component|scfifo_7oe1:auto_generated|a_dpfifo_lic1:dpfifo|low_addressa[5]                                    ; Deleted          ; Physical Synthesis                                ; Timing optimization        ;           ;                ;                                                                                                                                                                          ;                  ;                       ;
; fifo_rom_v2:memory_buffer|fifo:row2|scfifo:scfifo_component|scfifo_7oe1:auto_generated|a_dpfifo_lic1:dpfifo|low_addressa[5]_OTERM89                            ; Retimed Register ; Physical Synthesis                                ; Timing optimization        ;           ;                ;                                                                                                                                                                          ;                  ;                       ;
; fifo_rom_v2:memory_buffer|fifo:row2|scfifo:scfifo_component|scfifo_7oe1:auto_generated|a_dpfifo_lic1:dpfifo|low_addressa[5]_OTERM91                            ; Retimed Register ; Physical Synthesis                                ; Timing optimization        ;           ;                ;                                                                                                                                                                          ;                  ;                       ;
; fifo_rom_v2:memory_buffer|fifo:row2|scfifo:scfifo_component|scfifo_7oe1:auto_generated|a_dpfifo_lic1:dpfifo|low_addressa[6]                                    ; Deleted          ; Physical Synthesis                                ; Timing optimization        ;           ;                ;                                                                                                                                                                          ;                  ;                       ;
; fifo_rom_v2:memory_buffer|fifo:row2|scfifo:scfifo_component|scfifo_7oe1:auto_generated|a_dpfifo_lic1:dpfifo|low_addressa[6]_OTERM85                            ; Retimed Register ; Physical Synthesis                                ; Timing optimization        ;           ;                ;                                                                                                                                                                          ;                  ;                       ;
; fifo_rom_v2:memory_buffer|fifo:row2|scfifo:scfifo_component|scfifo_7oe1:auto_generated|a_dpfifo_lic1:dpfifo|low_addressa[6]_OTERM87                            ; Retimed Register ; Physical Synthesis                                ; Timing optimization        ;           ;                ;                                                                                                                                                                          ;                  ;                       ;
; fifo_rom_v2:memory_buffer|fifo:row2|scfifo:scfifo_component|scfifo_7oe1:auto_generated|a_dpfifo_lic1:dpfifo|low_addressa[7]                                    ; Deleted          ; Physical Synthesis                                ; Timing optimization        ;           ;                ;                                                                                                                                                                          ;                  ;                       ;
; fifo_rom_v2:memory_buffer|fifo:row2|scfifo:scfifo_component|scfifo_7oe1:auto_generated|a_dpfifo_lic1:dpfifo|low_addressa[7]_OTERM79                            ; Retimed Register ; Physical Synthesis                                ; Timing optimization        ;           ;                ;                                                                                                                                                                          ;                  ;                       ;
; fifo_rom_v2:memory_buffer|fifo:row2|scfifo:scfifo_component|scfifo_7oe1:auto_generated|a_dpfifo_lic1:dpfifo|low_addressa[7]_OTERM81                            ; Retimed Register ; Physical Synthesis                                ; Timing optimization        ;           ;                ;                                                                                                                                                                          ;                  ;                       ;
; fifo_rom_v2:memory_buffer|fifo:row2|scfifo:scfifo_component|scfifo_7oe1:auto_generated|a_dpfifo_lic1:dpfifo|low_addressa[7]_OTERM83                            ; Retimed Register ; Physical Synthesis                                ; Timing optimization        ;           ;                ;                                                                                                                                                                          ;                  ;                       ;
; fifo_rom_v2:memory_buffer|fifo:row2|scfifo:scfifo_component|scfifo_7oe1:auto_generated|a_dpfifo_lic1:dpfifo|ram_read_address[0]~0                              ; Modified         ; Physical Synthesis                                ; Timing optimization        ;           ;                ;                                                                                                                                                                          ;                  ;                       ;
; fifo_rom_v2:memory_buffer|fifo:row2|scfifo:scfifo_component|scfifo_7oe1:auto_generated|a_dpfifo_lic1:dpfifo|rd_ptr_lsb                                         ; Deleted          ; Physical Synthesis                                ; Timing optimization        ;           ;                ;                                                                                                                                                                          ;                  ;                       ;
; fifo_rom_v2:memory_buffer|fifo:row2|scfifo:scfifo_component|scfifo_7oe1:auto_generated|a_dpfifo_lic1:dpfifo|rd_ptr_lsb_NEW_REG44_OTERM621                      ; Retimed Register ; Physical Synthesis                                ; Timing optimization        ;           ;                ;                                                                                                                                                                          ;                  ;                       ;
; fifo_rom_v2:memory_buffer|fifo:row2|scfifo:scfifo_component|scfifo_7oe1:auto_generated|a_dpfifo_lic1:dpfifo|rd_ptr_lsb_NEW_REG46_OTERM851                      ; Retimed Register ; Physical Synthesis                                ; Timing optimization        ;           ;                ;                                                                                                                                                                          ;                  ;                       ;
; fifo_rom_v2:memory_buffer|fifo:row2|scfifo:scfifo_component|scfifo_7oe1:auto_generated|a_dpfifo_lic1:dpfifo|rd_ptr_lsb_NEW_REG46_RTM048                        ; Modified         ; Physical Synthesis                                ; Timing optimization        ;           ;                ;                                                                                                                                                                          ;                  ;                       ;
; fifo_rom_v2:memory_buffer|fifo:row2|scfifo:scfifo_component|scfifo_7oe1:auto_generated|a_dpfifo_lic1:dpfifo|rd_ptr_lsb_OTERM45                                 ; Retimed Register ; Physical Synthesis                                ; Timing optimization        ;           ;                ;                                                                                                                                                                          ;                  ;                       ;
; fifo_rom_v2:memory_buffer|fifo:row2|scfifo:scfifo_component|scfifo_7oe1:auto_generated|a_dpfifo_lic1:dpfifo|rd_ptr_lsb_OTERM47                                 ; Retimed Register ; Physical Synthesis                                ; Timing optimization        ;           ;                ;                                                                                                                                                                          ;                  ;                       ;
; fifo_rom_v2:memory_buffer|fifo:row2|scfifo:scfifo_component|scfifo_7oe1:auto_generated|a_dpfifo_lic1:dpfifo|rd_ptr_lsb~0                                       ; Modified         ; Physical Synthesis                                ; Timing optimization        ;           ;                ;                                                                                                                                                                          ;                  ;                       ;
; fifo_rom_v2:memory_buffer|fifo:row2|scfifo:scfifo_component|scfifo_7oe1:auto_generated|a_dpfifo_lic1:dpfifo|rd_ptr_lsb~0_RTM049                                ; Modified         ; Physical Synthesis                                ; Timing optimization        ;           ;                ;                                                                                                                                                                          ;                  ;                       ;
; fifo_rom_v2:memory_buffer|fifo:row2|scfifo:scfifo_component|scfifo_7oe1:auto_generated|a_dpfifo_lic1:dpfifo|usedw_is_0_dff                                     ; Modified         ; Physical Synthesis                                ; Timing optimization        ;           ;                ;                                                                                                                                                                          ;                  ;                       ;
; fifo_rom_v2:memory_buffer|fifo:row2|scfifo:scfifo_component|scfifo_7oe1:auto_generated|a_dpfifo_lic1:dpfifo|usedw_is_1_dff                                     ; Deleted          ; Physical Synthesis                                ; Timing optimization        ;           ;                ;                                                                                                                                                                          ;                  ;                       ;
; fifo_rom_v2:memory_buffer|fifo:row2|scfifo:scfifo_component|scfifo_7oe1:auto_generated|a_dpfifo_lic1:dpfifo|usedw_is_1_dff_OTERM21                             ; Retimed Register ; Physical Synthesis                                ; Timing optimization        ;           ;                ;                                                                                                                                                                          ;                  ;                       ;
; fifo_rom_v2:memory_buffer|fifo:row2|scfifo:scfifo_component|scfifo_7oe1:auto_generated|a_dpfifo_lic1:dpfifo|usedw_is_1_dff_OTERM23                             ; Retimed Register ; Physical Synthesis                                ; Timing optimization        ;           ;                ;                                                                                                                                                                          ;                  ;                       ;
; fifo_rom_v2:memory_buffer|fifo:row2|scfifo:scfifo_component|scfifo_7oe1:auto_generated|a_dpfifo_lic1:dpfifo|usedw_is_1_dff_OTERM25                             ; Retimed Register ; Physical Synthesis                                ; Timing optimization        ;           ;                ;                                                                                                                                                                          ;                  ;                       ;
; fifo_rom_v2:memory_buffer|fifo:row2|scfifo:scfifo_component|scfifo_7oe1:auto_generated|a_dpfifo_lic1:dpfifo|usedw_is_1_dff_OTERM27                             ; Retimed Register ; Physical Synthesis                                ; Timing optimization        ;           ;                ;                                                                                                                                                                          ;                  ;                       ;
; fifo_rom_v2:memory_buffer|fifo:row2|scfifo:scfifo_component|scfifo_7oe1:auto_generated|a_dpfifo_lic1:dpfifo|usedw_is_1_dff_OTERM29                             ; Retimed Register ; Physical Synthesis                                ; Timing optimization        ;           ;                ;                                                                                                                                                                          ;                  ;                       ;
; fifo_rom_v2:memory_buffer|fifo:row2|scfifo:scfifo_component|scfifo_7oe1:auto_generated|a_dpfifo_lic1:dpfifo|usedw_is_1_dff_OTERM31                             ; Retimed Register ; Physical Synthesis                                ; Timing optimization        ;           ;                ;                                                                                                                                                                          ;                  ;                       ;
; fifo_rom_v2:memory_buffer|state.DONE                                                                                                                           ; Deleted          ; Physical Synthesis                                ; Timing optimization        ;           ;                ;                                                                                                                                                                          ;                  ;                       ;
; fifo_rom_v2:memory_buffer|state.DONE_OTERM301                                                                                                                  ; Retimed Register ; Physical Synthesis                                ; Timing optimization        ;           ;                ;                                                                                                                                                                          ;                  ;                       ;
; fifo_rom_v2:memory_buffer|state.DONE_OTERM571                                                                                                                  ; Retimed Register ; Physical Synthesis                                ; Timing optimization        ;           ;                ;                                                                                                                                                                          ;                  ;                       ;
; fifo_rom_v2:memory_buffer|state.INIT                                                                                                                           ; Deleted          ; Physical Synthesis                                ; Timing optimization        ;           ;                ;                                                                                                                                                                          ;                  ;                       ;
; fifo_rom_v2:memory_buffer|state.INIT_OTERM75                                                                                                                   ; Retimed Register ; Physical Synthesis                                ; Timing optimization        ;           ;                ;                                                                                                                                                                          ;                  ;                       ;
; fifo_rom_v2:memory_buffer|state.INIT_OTERM77                                                                                                                   ; Retimed Register ; Physical Synthesis                                ; Timing optimization        ;           ;                ;                                                                                                                                                                          ;                  ;                       ;
; fifo_rom_v2:memory_buffer|state.RDBUF                                                                                                                          ; Deleted          ; Physical Synthesis                                ; Timing optimization        ;           ;                ;                                                                                                                                                                          ;                  ;                       ;
; fifo_rom_v2:memory_buffer|state.RDBUF_OTERM153                                                                                                                 ; Retimed Register ; Physical Synthesis                                ; Timing optimization        ;           ;                ;                                                                                                                                                                          ;                  ;                       ;
; fifo_rom_v2:memory_buffer|state.RDBUF_OTERM155                                                                                                                 ; Retimed Register ; Physical Synthesis                                ; Timing optimization        ;           ;                ;                                                                                                                                                                          ;                  ;                       ;
; fifo_rom_v2:memory_buffer|state.RDBUF_OTERM157                                                                                                                 ; Retimed Register ; Physical Synthesis                                ; Timing optimization        ;           ;                ;                                                                                                                                                                          ;                  ;                       ;
; fifo_rom_v2:memory_buffer|state.RDBUF_OTERM159                                                                                                                 ; Retimed Register ; Physical Synthesis                                ; Timing optimization        ;           ;                ;                                                                                                                                                                          ;                  ;                       ;
; fifo_rom_v2:memory_buffer|state.RDBUF_OTERM161                                                                                                                 ; Retimed Register ; Physical Synthesis                                ; Timing optimization        ;           ;                ;                                                                                                                                                                          ;                  ;                       ;
; fifo_rom_v2:memory_buffer|state.VALID                                                                                                                          ; Deleted          ; Physical Synthesis                                ; Timing optimization        ;           ;                ;                                                                                                                                                                          ;                  ;                       ;
; fifo_rom_v2:memory_buffer|state.VALID_OTERM109                                                                                                                 ; Retimed Register ; Physical Synthesis                                ; Timing optimization        ;           ;                ;                                                                                                                                                                          ;                  ;                       ;
; fifo_rom_v2:memory_buffer|state.WAIT_FF                                                                                                                        ; Deleted          ; Physical Synthesis                                ; Timing optimization        ;           ;                ;                                                                                                                                                                          ;                  ;                       ;
; fifo_rom_v2:memory_buffer|state.WAIT_FF_OTERM69                                                                                                                ; Retimed Register ; Physical Synthesis                                ; Timing optimization        ;           ;                ;                                                                                                                                                                          ;                  ;                       ;
; fifo_rom_v2:memory_buffer|state.WAIT_REQ                                                                                                                       ; Deleted          ; Physical Synthesis                                ; Timing optimization        ;           ;                ;                                                                                                                                                                          ;                  ;                       ;
; fifo_rom_v2:memory_buffer|state.WAIT_REQ_OTERM217                                                                                                              ; Retimed Register ; Physical Synthesis                                ; Timing optimization        ;           ;                ;                                                                                                                                                                          ;                  ;                       ;
; fifo_rom_v2:memory_buffer|state.WAIT_REQ_OTERM477                                                                                                              ; Retimed Register ; Physical Synthesis                                ; Timing optimization        ;           ;                ;                                                                                                                                                                          ;                  ;                       ;
; fifo_rom_v2:memory_buffer|state.WRBUF                                                                                                                          ; Deleted          ; Physical Synthesis                                ; Timing optimization        ;           ;                ;                                                                                                                                                                          ;                  ;                       ;
; fifo_rom_v2:memory_buffer|state.WRBUF_OTERM123                                                                                                                 ; Retimed Register ; Physical Synthesis                                ; Timing optimization        ;           ;                ;                                                                                                                                                                          ;                  ;                       ;
; fifo_rom_v2:memory_buffer|state.WRITE                                                                                                                          ; Deleted          ; Physical Synthesis                                ; Timing optimization        ;           ;                ;                                                                                                                                                                          ;                  ;                       ;
; fifo_rom_v2:memory_buffer|state.WRITE_OTERM297                                                                                                                 ; Retimed Register ; Physical Synthesis                                ; Timing optimization        ;           ;                ;                                                                                                                                                                          ;                  ;                       ;
; fifo_rom_v2:memory_buffer|state.WRITE_OTERM585                                                                                                                 ; Retimed Register ; Physical Synthesis                                ; Timing optimization        ;           ;                ;                                                                                                                                                                          ;                  ;                       ;
; fifo_rom_v2:memory_buffer|state.WRITE_OTERM587                                                                                                                 ; Retimed Register ; Physical Synthesis                                ; Timing optimization        ;           ;                ;                                                                                                                                                                          ;                  ;                       ;
; init_buff                                                                                                                                                      ; Deleted          ; Physical Synthesis                                ; Timing optimization        ;           ;                ;                                                                                                                                                                          ;                  ;                       ;
; init_buff_OTERM61                                                                                                                                              ; Retimed Register ; Physical Synthesis                                ; Timing optimization        ;           ;                ;                                                                                                                                                                          ;                  ;                       ;
; init_buff_OTERM63                                                                                                                                              ; Retimed Register ; Physical Synthesis                                ; Timing optimization        ;           ;                ;                                                                                                                                                                          ;                  ;                       ;
; init_buff_OTERM65                                                                                                                                              ; Retimed Register ; Physical Synthesis                                ; Timing optimization        ;           ;                ;                                                                                                                                                                          ;                  ;                       ;
; init_buff_OTERM67                                                                                                                                              ; Retimed Register ; Physical Synthesis                                ; Timing optimization        ;           ;                ;                                                                                                                                                                          ;                  ;                       ;
; initial_delay[0]                                                                                                                                               ; Deleted          ; Physical Synthesis                                ; Timing optimization        ;           ;                ;                                                                                                                                                                          ;                  ;                       ;
; initial_delay[0]_NEW310_RTM0546                                                                                                                                ; Modified         ; Physical Synthesis                                ; Timing optimization        ;           ;                ;                                                                                                                                                                          ;                  ;                       ;
; initial_delay[0]_NEW310_RTM0546                                                                                                                                ; Retimed Register ; Physical Synthesis                                ; Timing optimization        ;           ;                ;                                                                                                                                                                          ;                  ;                       ;
; initial_delay[0]_NEW310_RTM0547                                                                                                                                ; Modified         ; Physical Synthesis                                ; Timing optimization        ;           ;                ;                                                                                                                                                                          ;                  ;                       ;
; initial_delay[0]_OTERM311                                                                                                                                      ; Retimed Register ; Physical Synthesis                                ; Timing optimization        ;           ;                ;                                                                                                                                                                          ;                  ;                       ;
; initial_delay[0]_OTERM545                                                                                                                                      ; Retimed Register ; Physical Synthesis                                ; Timing optimization        ;           ;                ;                                                                                                                                                                          ;                  ;                       ;
; initial_delay[0]~2                                                                                                                                             ; Deleted          ; Physical Synthesis                                ; Timing optimization        ;           ;                ;                                                                                                                                                                          ;                  ;                       ;
; initial_delay[1]                                                                                                                                               ; Deleted          ; Physical Synthesis                                ; Timing optimization        ;           ;                ;                                                                                                                                                                          ;                  ;                       ;
; initial_delay[2]                                                                                                                                               ; Deleted          ; Physical Synthesis                                ; Timing optimization        ;           ;                ;                                                                                                                                                                          ;                  ;                       ;
; initial_delay[3]                                                                                                                                               ; Deleted          ; Physical Synthesis                                ; Timing optimization        ;           ;                ;                                                                                                                                                                          ;                  ;                       ;
; median_filter:filter_module|Selector1~2                                                                                                                        ; Deleted          ; Physical Synthesis                                ; Timing optimization        ;           ;                ;                                                                                                                                                                          ;                  ;                       ;
; median_filter:filter_module|Selector2~2                                                                                                                        ; Deleted          ; Physical Synthesis                                ; Timing optimization        ;           ;                ;                                                                                                                                                                          ;                  ;                       ;
; median_filter:filter_module|Selector3~2                                                                                                                        ; Deleted          ; Physical Synthesis                                ; Timing optimization        ;           ;                ;                                                                                                                                                                          ;                  ;                       ;
; median_filter:filter_module|Selector4~2                                                                                                                        ; Deleted          ; Physical Synthesis                                ; Timing optimization        ;           ;                ;                                                                                                                                                                          ;                  ;                       ;
; median_filter:filter_module|Selector5~2                                                                                                                        ; Deleted          ; Physical Synthesis                                ; Timing optimization        ;           ;                ;                                                                                                                                                                          ;                  ;                       ;
; median_filter:filter_module|Selector6~2                                                                                                                        ; Deleted          ; Physical Synthesis                                ; Timing optimization        ;           ;                ;                                                                                                                                                                          ;                  ;                       ;
; median_filter:filter_module|Selector7~2                                                                                                                        ; Deleted          ; Physical Synthesis                                ; Timing optimization        ;           ;                ;                                                                                                                                                                          ;                  ;                       ;
; median_filter:filter_module|Selector8~2                                                                                                                        ; Deleted          ; Physical Synthesis                                ; Timing optimization        ;           ;                ;                                                                                                                                                                          ;                  ;                       ;
; median_filter:filter_module|Selector9~2                                                                                                                        ; Deleted          ; Physical Synthesis                                ; Timing optimization        ;           ;                ;                                                                                                                                                                          ;                  ;                       ;
; median_filter:filter_module|Selector10~2                                                                                                                       ; Deleted          ; Physical Synthesis                                ; Timing optimization        ;           ;                ;                                                                                                                                                                          ;                  ;                       ;
; median_filter:filter_module|Selector11~2                                                                                                                       ; Deleted          ; Physical Synthesis                                ; Timing optimization        ;           ;                ;                                                                                                                                                                          ;                  ;                       ;
; median_filter:filter_module|Selector12~2                                                                                                                       ; Deleted          ; Physical Synthesis                                ; Timing optimization        ;           ;                ;                                                                                                                                                                          ;                  ;                       ;
; median_filter:filter_module|Selector13~2                                                                                                                       ; Deleted          ; Physical Synthesis                                ; Timing optimization        ;           ;                ;                                                                                                                                                                          ;                  ;                       ;
; median_filter:filter_module|Selector14~2                                                                                                                       ; Deleted          ; Physical Synthesis                                ; Timing optimization        ;           ;                ;                                                                                                                                                                          ;                  ;                       ;
; median_filter:filter_module|Selector15~2                                                                                                                       ; Deleted          ; Physical Synthesis                                ; Timing optimization        ;           ;                ;                                                                                                                                                                          ;                  ;                       ;
; median_filter:filter_module|Selector16~2                                                                                                                       ; Deleted          ; Physical Synthesis                                ; Timing optimization        ;           ;                ;                                                                                                                                                                          ;                  ;                       ;
; median_filter:filter_module|Selector17~0                                                                                                                       ; Deleted          ; Physical Synthesis                                ; Timing optimization        ;           ;                ;                                                                                                                                                                          ;                  ;                       ;
; median_filter:filter_module|Selector17~2                                                                                                                       ; Deleted          ; Physical Synthesis                                ; Timing optimization        ;           ;                ;                                                                                                                                                                          ;                  ;                       ;
; median_filter:filter_module|Selector18~0                                                                                                                       ; Deleted          ; Physical Synthesis                                ; Timing optimization        ;           ;                ;                                                                                                                                                                          ;                  ;                       ;
; median_filter:filter_module|Selector18~2                                                                                                                       ; Deleted          ; Physical Synthesis                                ; Timing optimization        ;           ;                ;                                                                                                                                                                          ;                  ;                       ;
; median_filter:filter_module|Selector19~0                                                                                                                       ; Deleted          ; Physical Synthesis                                ; Timing optimization        ;           ;                ;                                                                                                                                                                          ;                  ;                       ;
; median_filter:filter_module|Selector19~2                                                                                                                       ; Deleted          ; Physical Synthesis                                ; Timing optimization        ;           ;                ;                                                                                                                                                                          ;                  ;                       ;
; median_filter:filter_module|Selector23~0                                                                                                                       ; Deleted          ; Physical Synthesis                                ; Timing optimization        ;           ;                ;                                                                                                                                                                          ;                  ;                       ;
; median_filter:filter_module|Selector23~2                                                                                                                       ; Deleted          ; Physical Synthesis                                ; Timing optimization        ;           ;                ;                                                                                                                                                                          ;                  ;                       ;
; median_filter:filter_module|Selector24~0                                                                                                                       ; Deleted          ; Physical Synthesis                                ; Timing optimization        ;           ;                ;                                                                                                                                                                          ;                  ;                       ;
; median_filter:filter_module|Selector24~2                                                                                                                       ; Deleted          ; Physical Synthesis                                ; Timing optimization        ;           ;                ;                                                                                                                                                                          ;                  ;                       ;
; median_filter:filter_module|Selector25~3                                                                                                                       ; Deleted          ; Physical Synthesis                                ; Timing optimization        ;           ;                ;                                                                                                                                                                          ;                  ;                       ;
; median_filter:filter_module|Selector26~3                                                                                                                       ; Deleted          ; Physical Synthesis                                ; Timing optimization        ;           ;                ;                                                                                                                                                                          ;                  ;                       ;
; median_filter:filter_module|Selector27~3                                                                                                                       ; Deleted          ; Physical Synthesis                                ; Timing optimization        ;           ;                ;                                                                                                                                                                          ;                  ;                       ;
; median_filter:filter_module|Selector28~3                                                                                                                       ; Deleted          ; Physical Synthesis                                ; Timing optimization        ;           ;                ;                                                                                                                                                                          ;                  ;                       ;
; median_filter:filter_module|Selector29~3                                                                                                                       ; Deleted          ; Physical Synthesis                                ; Timing optimization        ;           ;                ;                                                                                                                                                                          ;                  ;                       ;
; median_filter:filter_module|Selector30~3                                                                                                                       ; Deleted          ; Physical Synthesis                                ; Timing optimization        ;           ;                ;                                                                                                                                                                          ;                  ;                       ;
; median_filter:filter_module|Selector31~3                                                                                                                       ; Deleted          ; Physical Synthesis                                ; Timing optimization        ;           ;                ;                                                                                                                                                                          ;                  ;                       ;
; median_filter:filter_module|Selector32~3                                                                                                                       ; Deleted          ; Physical Synthesis                                ; Timing optimization        ;           ;                ;                                                                                                                                                                          ;                  ;                       ;
; median_filter:filter_module|Selector49~3                                                                                                                       ; Deleted          ; Physical Synthesis                                ; Timing optimization        ;           ;                ;                                                                                                                                                                          ;                  ;                       ;
; median_filter:filter_module|Selector50~3                                                                                                                       ; Deleted          ; Physical Synthesis                                ; Timing optimization        ;           ;                ;                                                                                                                                                                          ;                  ;                       ;
; median_filter:filter_module|Selector51~3                                                                                                                       ; Deleted          ; Physical Synthesis                                ; Timing optimization        ;           ;                ;                                                                                                                                                                          ;                  ;                       ;
; median_filter:filter_module|Selector52~3                                                                                                                       ; Deleted          ; Physical Synthesis                                ; Timing optimization        ;           ;                ;                                                                                                                                                                          ;                  ;                       ;
; median_filter:filter_module|Selector53~3                                                                                                                       ; Deleted          ; Physical Synthesis                                ; Timing optimization        ;           ;                ;                                                                                                                                                                          ;                  ;                       ;
; median_filter:filter_module|Selector54~3                                                                                                                       ; Deleted          ; Physical Synthesis                                ; Timing optimization        ;           ;                ;                                                                                                                                                                          ;                  ;                       ;
; median_filter:filter_module|Selector55~3                                                                                                                       ; Deleted          ; Physical Synthesis                                ; Timing optimization        ;           ;                ;                                                                                                                                                                          ;                  ;                       ;
; median_filter:filter_module|Selector56~3                                                                                                                       ; Deleted          ; Physical Synthesis                                ; Timing optimization        ;           ;                ;                                                                                                                                                                          ;                  ;                       ;
; median_filter:filter_module|Selector57~2                                                                                                                       ; Deleted          ; Physical Synthesis                                ; Timing optimization        ;           ;                ;                                                                                                                                                                          ;                  ;                       ;
; median_filter:filter_module|Selector58~2                                                                                                                       ; Deleted          ; Physical Synthesis                                ; Timing optimization        ;           ;                ;                                                                                                                                                                          ;                  ;                       ;
; median_filter:filter_module|Selector59~2                                                                                                                       ; Deleted          ; Physical Synthesis                                ; Timing optimization        ;           ;                ;                                                                                                                                                                          ;                  ;                       ;
; median_filter:filter_module|Selector60~2                                                                                                                       ; Deleted          ; Physical Synthesis                                ; Timing optimization        ;           ;                ;                                                                                                                                                                          ;                  ;                       ;
; median_filter:filter_module|Selector61~2                                                                                                                       ; Deleted          ; Physical Synthesis                                ; Timing optimization        ;           ;                ;                                                                                                                                                                          ;                  ;                       ;
; median_filter:filter_module|Selector62~2                                                                                                                       ; Deleted          ; Physical Synthesis                                ; Timing optimization        ;           ;                ;                                                                                                                                                                          ;                  ;                       ;
; median_filter:filter_module|Selector63~2                                                                                                                       ; Deleted          ; Physical Synthesis                                ; Timing optimization        ;           ;                ;                                                                                                                                                                          ;                  ;                       ;
; median_filter:filter_module|Selector64~2                                                                                                                       ; Deleted          ; Physical Synthesis                                ; Timing optimization        ;           ;                ;                                                                                                                                                                          ;                  ;                       ;
; median_filter:filter_module|a11[0]                                                                                                                             ; Modified         ; Physical Synthesis                                ; Timing optimization        ;           ;                ;                                                                                                                                                                          ;                  ;                       ;
; median_filter:filter_module|a11[0]_OTERM733                                                                                                                    ; Retimed Register ; Physical Synthesis                                ; Timing optimization        ;           ;                ;                                                                                                                                                                          ;                  ;                       ;
; median_filter:filter_module|a11[1]                                                                                                                             ; Modified         ; Physical Synthesis                                ; Timing optimization        ;           ;                ;                                                                                                                                                                          ;                  ;                       ;
; median_filter:filter_module|a11[1]_OTERM719                                                                                                                    ; Retimed Register ; Physical Synthesis                                ; Timing optimization        ;           ;                ;                                                                                                                                                                          ;                  ;                       ;
; median_filter:filter_module|a11[2]                                                                                                                             ; Modified         ; Physical Synthesis                                ; Timing optimization        ;           ;                ;                                                                                                                                                                          ;                  ;                       ;
; median_filter:filter_module|a11[2]_OTERM721                                                                                                                    ; Retimed Register ; Physical Synthesis                                ; Timing optimization        ;           ;                ;                                                                                                                                                                          ;                  ;                       ;
; median_filter:filter_module|a11[3]                                                                                                                             ; Modified         ; Physical Synthesis                                ; Timing optimization        ;           ;                ;                                                                                                                                                                          ;                  ;                       ;
; median_filter:filter_module|a11[3]_OTERM723                                                                                                                    ; Retimed Register ; Physical Synthesis                                ; Timing optimization        ;           ;                ;                                                                                                                                                                          ;                  ;                       ;
; median_filter:filter_module|a11[4]                                                                                                                             ; Modified         ; Physical Synthesis                                ; Timing optimization        ;           ;                ;                                                                                                                                                                          ;                  ;                       ;
; median_filter:filter_module|a11[4]_OTERM725                                                                                                                    ; Retimed Register ; Physical Synthesis                                ; Timing optimization        ;           ;                ;                                                                                                                                                                          ;                  ;                       ;
; median_filter:filter_module|a11[5]                                                                                                                             ; Modified         ; Physical Synthesis                                ; Timing optimization        ;           ;                ;                                                                                                                                                                          ;                  ;                       ;
; median_filter:filter_module|a11[5]_OTERM727                                                                                                                    ; Retimed Register ; Physical Synthesis                                ; Timing optimization        ;           ;                ;                                                                                                                                                                          ;                  ;                       ;
; median_filter:filter_module|a11[6]                                                                                                                             ; Modified         ; Physical Synthesis                                ; Timing optimization        ;           ;                ;                                                                                                                                                                          ;                  ;                       ;
; median_filter:filter_module|a11[6]_OTERM731                                                                                                                    ; Retimed Register ; Physical Synthesis                                ; Timing optimization        ;           ;                ;                                                                                                                                                                          ;                  ;                       ;
; median_filter:filter_module|a11[7]                                                                                                                             ; Modified         ; Physical Synthesis                                ; Timing optimization        ;           ;                ;                                                                                                                                                                          ;                  ;                       ;
; median_filter:filter_module|a11[7]_OTERM729                                                                                                                    ; Retimed Register ; Physical Synthesis                                ; Timing optimization        ;           ;                ;                                                                                                                                                                          ;                  ;                       ;
; median_filter:filter_module|a12[0]                                                                                                                             ; Modified         ; Physical Synthesis                                ; Timing optimization        ;           ;                ;                                                                                                                                                                          ;                  ;                       ;
; median_filter:filter_module|a12[0]_OTERM183                                                                                                                    ; Retimed Register ; Physical Synthesis                                ; Timing optimization        ;           ;                ;                                                                                                                                                                          ;                  ;                       ;
; median_filter:filter_module|a12[1]                                                                                                                             ; Modified         ; Physical Synthesis                                ; Timing optimization        ;           ;                ;                                                                                                                                                                          ;                  ;                       ;
; median_filter:filter_module|a12[1]_OTERM169                                                                                                                    ; Retimed Register ; Physical Synthesis                                ; Timing optimization        ;           ;                ;                                                                                                                                                                          ;                  ;                       ;
; median_filter:filter_module|a12[2]                                                                                                                             ; Modified         ; Physical Synthesis                                ; Timing optimization        ;           ;                ;                                                                                                                                                                          ;                  ;                       ;
; median_filter:filter_module|a12[2]_OTERM171                                                                                                                    ; Retimed Register ; Physical Synthesis                                ; Timing optimization        ;           ;                ;                                                                                                                                                                          ;                  ;                       ;
; median_filter:filter_module|a12[3]                                                                                                                             ; Modified         ; Physical Synthesis                                ; Timing optimization        ;           ;                ;                                                                                                                                                                          ;                  ;                       ;
; median_filter:filter_module|a12[3]_OTERM173                                                                                                                    ; Retimed Register ; Physical Synthesis                                ; Timing optimization        ;           ;                ;                                                                                                                                                                          ;                  ;                       ;
; median_filter:filter_module|a12[4]                                                                                                                             ; Deleted          ; Physical Synthesis                                ; Timing optimization        ;           ;                ;                                                                                                                                                                          ;                  ;                       ;
; median_filter:filter_module|a12[4]_OTERM175                                                                                                                    ; Retimed Register ; Physical Synthesis                                ; Timing optimization        ;           ;                ;                                                                                                                                                                          ;                  ;                       ;
; median_filter:filter_module|a12[4]_OTERM593                                                                                                                    ; Retimed Register ; Physical Synthesis                                ; Timing optimization        ;           ;                ;                                                                                                                                                                          ;                  ;                       ;
; median_filter:filter_module|a12[4]_OTERM595                                                                                                                    ; Retimed Register ; Physical Synthesis                                ; Timing optimization        ;           ;                ;                                                                                                                                                                          ;                  ;                       ;
; median_filter:filter_module|a12[4]_OTERM597                                                                                                                    ; Retimed Register ; Physical Synthesis                                ; Timing optimization        ;           ;                ;                                                                                                                                                                          ;                  ;                       ;
; median_filter:filter_module|a12[4]_OTERM599                                                                                                                    ; Retimed Register ; Physical Synthesis                                ; Timing optimization        ;           ;                ;                                                                                                                                                                          ;                  ;                       ;
; median_filter:filter_module|a12[4]_OTERM601                                                                                                                    ; Retimed Register ; Physical Synthesis                                ; Timing optimization        ;           ;                ;                                                                                                                                                                          ;                  ;                       ;
; median_filter:filter_module|a12[5]                                                                                                                             ; Modified         ; Physical Synthesis                                ; Timing optimization        ;           ;                ;                                                                                                                                                                          ;                  ;                       ;
; median_filter:filter_module|a12[5]_OTERM177                                                                                                                    ; Retimed Register ; Physical Synthesis                                ; Timing optimization        ;           ;                ;                                                                                                                                                                          ;                  ;                       ;
; median_filter:filter_module|a12[6]                                                                                                                             ; Modified         ; Physical Synthesis                                ; Timing optimization        ;           ;                ;                                                                                                                                                                          ;                  ;                       ;
; median_filter:filter_module|a12[6]_OTERM181                                                                                                                    ; Retimed Register ; Physical Synthesis                                ; Timing optimization        ;           ;                ;                                                                                                                                                                          ;                  ;                       ;
; median_filter:filter_module|a12[7]                                                                                                                             ; Modified         ; Physical Synthesis                                ; Timing optimization        ;           ;                ;                                                                                                                                                                          ;                  ;                       ;
; median_filter:filter_module|a12[7]_OTERM179                                                                                                                    ; Retimed Register ; Physical Synthesis                                ; Timing optimization        ;           ;                ;                                                                                                                                                                          ;                  ;                       ;
; median_filter:filter_module|a13[0]                                                                                                                             ; Modified         ; Physical Synthesis                                ; Timing optimization        ;           ;                ;                                                                                                                                                                          ;                  ;                       ;
; median_filter:filter_module|a13[0]_NEW198_RESYN844_BDD845                                                                                                      ; Created          ; Physical Synthesis                                ; Timing optimization        ;           ;                ;                                                                                                                                                                          ;                  ;                       ;
; median_filter:filter_module|a13[0]_NEW198_RESYN846_BDD847                                                                                                      ; Created          ; Physical Synthesis                                ; Timing optimization        ;           ;                ;                                                                                                                                                                          ;                  ;                       ;
; median_filter:filter_module|a13[0]_OTERM199                                                                                                                    ; Retimed Register ; Physical Synthesis                                ; Timing optimization        ;           ;                ;                                                                                                                                                                          ;                  ;                       ;
; median_filter:filter_module|a13[1]                                                                                                                             ; Modified         ; Physical Synthesis                                ; Timing optimization        ;           ;                ;                                                                                                                                                                          ;                  ;                       ;
; median_filter:filter_module|a13[1]_NEW184_RESYN828_BDD829                                                                                                      ; Created          ; Physical Synthesis                                ; Timing optimization        ;           ;                ;                                                                                                                                                                          ;                  ;                       ;
; median_filter:filter_module|a13[1]_NEW184_RESYN830_BDD831                                                                                                      ; Created          ; Physical Synthesis                                ; Timing optimization        ;           ;                ;                                                                                                                                                                          ;                  ;                       ;
; median_filter:filter_module|a13[1]_OTERM185                                                                                                                    ; Retimed Register ; Physical Synthesis                                ; Timing optimization        ;           ;                ;                                                                                                                                                                          ;                  ;                       ;
; median_filter:filter_module|a13[2]                                                                                                                             ; Deleted          ; Physical Synthesis                                ; Timing optimization        ;           ;                ;                                                                                                                                                                          ;                  ;                       ;
; median_filter:filter_module|a13[2]_OTERM187                                                                                                                    ; Retimed Register ; Physical Synthesis                                ; Timing optimization        ;           ;                ;                                                                                                                                                                          ;                  ;                       ;
; median_filter:filter_module|a13[2]_OTERM603                                                                                                                    ; Retimed Register ; Physical Synthesis                                ; Timing optimization        ;           ;                ;                                                                                                                                                                          ;                  ;                       ;
; median_filter:filter_module|a13[2]_OTERM605                                                                                                                    ; Retimed Register ; Physical Synthesis                                ; Timing optimization        ;           ;                ;                                                                                                                                                                          ;                  ;                       ;
; median_filter:filter_module|a13[2]_OTERM607                                                                                                                    ; Retimed Register ; Physical Synthesis                                ; Timing optimization        ;           ;                ;                                                                                                                                                                          ;                  ;                       ;
; median_filter:filter_module|a13[3]                                                                                                                             ; Deleted          ; Physical Synthesis                                ; Timing optimization        ;           ;                ;                                                                                                                                                                          ;                  ;                       ;
; median_filter:filter_module|a13[3]_OTERM189                                                                                                                    ; Retimed Register ; Physical Synthesis                                ; Timing optimization        ;           ;                ;                                                                                                                                                                          ;                  ;                       ;
; median_filter:filter_module|a13[3]_OTERM613                                                                                                                    ; Retimed Register ; Physical Synthesis                                ; Timing optimization        ;           ;                ;                                                                                                                                                                          ;                  ;                       ;
; median_filter:filter_module|a13[3]_OTERM615                                                                                                                    ; Retimed Register ; Physical Synthesis                                ; Timing optimization        ;           ;                ;                                                                                                                                                                          ;                  ;                       ;
; median_filter:filter_module|a13[4]                                                                                                                             ; Deleted          ; Physical Synthesis                                ; Timing optimization        ;           ;                ;                                                                                                                                                                          ;                  ;                       ;
; median_filter:filter_module|a13[4]_OTERM191                                                                                                                    ; Retimed Register ; Physical Synthesis                                ; Timing optimization        ;           ;                ;                                                                                                                                                                          ;                  ;                       ;
; median_filter:filter_module|a13[4]_OTERM609                                                                                                                    ; Retimed Register ; Physical Synthesis                                ; Timing optimization        ;           ;                ;                                                                                                                                                                          ;                  ;                       ;
; median_filter:filter_module|a13[4]_OTERM611                                                                                                                    ; Retimed Register ; Physical Synthesis                                ; Timing optimization        ;           ;                ;                                                                                                                                                                          ;                  ;                       ;
; median_filter:filter_module|a13[5]                                                                                                                             ; Modified         ; Physical Synthesis                                ; Timing optimization        ;           ;                ;                                                                                                                                                                          ;                  ;                       ;
; median_filter:filter_module|a13[5]_NEW192_RESYN832_BDD833                                                                                                      ; Created          ; Physical Synthesis                                ; Timing optimization        ;           ;                ;                                                                                                                                                                          ;                  ;                       ;
; median_filter:filter_module|a13[5]_NEW192_RESYN834_BDD835                                                                                                      ; Created          ; Physical Synthesis                                ; Timing optimization        ;           ;                ;                                                                                                                                                                          ;                  ;                       ;
; median_filter:filter_module|a13[5]_OTERM193                                                                                                                    ; Retimed Register ; Physical Synthesis                                ; Timing optimization        ;           ;                ;                                                                                                                                                                          ;                  ;                       ;
; median_filter:filter_module|a13[6]                                                                                                                             ; Modified         ; Physical Synthesis                                ; Timing optimization        ;           ;                ;                                                                                                                                                                          ;                  ;                       ;
; median_filter:filter_module|a13[6]_NEW196_RESYN840_BDD841                                                                                                      ; Created          ; Physical Synthesis                                ; Timing optimization        ;           ;                ;                                                                                                                                                                          ;                  ;                       ;
; median_filter:filter_module|a13[6]_NEW196_RESYN842_BDD843                                                                                                      ; Created          ; Physical Synthesis                                ; Timing optimization        ;           ;                ;                                                                                                                                                                          ;                  ;                       ;
; median_filter:filter_module|a13[6]_OTERM197                                                                                                                    ; Retimed Register ; Physical Synthesis                                ; Timing optimization        ;           ;                ;                                                                                                                                                                          ;                  ;                       ;
; median_filter:filter_module|a13[7]                                                                                                                             ; Modified         ; Physical Synthesis                                ; Timing optimization        ;           ;                ;                                                                                                                                                                          ;                  ;                       ;
; median_filter:filter_module|a13[7]_NEW194_RESYN836_BDD837                                                                                                      ; Created          ; Physical Synthesis                                ; Timing optimization        ;           ;                ;                                                                                                                                                                          ;                  ;                       ;
; median_filter:filter_module|a13[7]_NEW194_RESYN838_BDD839                                                                                                      ; Created          ; Physical Synthesis                                ; Timing optimization        ;           ;                ;                                                                                                                                                                          ;                  ;                       ;
; median_filter:filter_module|a13[7]_OTERM195                                                                                                                    ; Retimed Register ; Physical Synthesis                                ; Timing optimization        ;           ;                ;                                                                                                                                                                          ;                  ;                       ;
; median_filter:filter_module|a21[0]                                                                                                                             ; Modified         ; Physical Synthesis                                ; Timing optimization        ;           ;                ;                                                                                                                                                                          ;                  ;                       ;
; median_filter:filter_module|a21[0]_OTERM701                                                                                                                    ; Retimed Register ; Physical Synthesis                                ; Timing optimization        ;           ;                ;                                                                                                                                                                          ;                  ;                       ;
; median_filter:filter_module|a21[1]                                                                                                                             ; Modified         ; Physical Synthesis                                ; Timing optimization        ;           ;                ;                                                                                                                                                                          ;                  ;                       ;
; median_filter:filter_module|a21[1]_OTERM687                                                                                                                    ; Retimed Register ; Physical Synthesis                                ; Timing optimization        ;           ;                ;                                                                                                                                                                          ;                  ;                       ;
; median_filter:filter_module|a21[2]                                                                                                                             ; Modified         ; Physical Synthesis                                ; Timing optimization        ;           ;                ;                                                                                                                                                                          ;                  ;                       ;
; median_filter:filter_module|a21[2]_OTERM689                                                                                                                    ; Retimed Register ; Physical Synthesis                                ; Timing optimization        ;           ;                ;                                                                                                                                                                          ;                  ;                       ;
; median_filter:filter_module|a21[3]                                                                                                                             ; Modified         ; Physical Synthesis                                ; Timing optimization        ;           ;                ;                                                                                                                                                                          ;                  ;                       ;
; median_filter:filter_module|a21[3]_OTERM691                                                                                                                    ; Retimed Register ; Physical Synthesis                                ; Timing optimization        ;           ;                ;                                                                                                                                                                          ;                  ;                       ;
; median_filter:filter_module|a21[4]                                                                                                                             ; Modified         ; Physical Synthesis                                ; Timing optimization        ;           ;                ;                                                                                                                                                                          ;                  ;                       ;
; median_filter:filter_module|a21[4]_OTERM693                                                                                                                    ; Retimed Register ; Physical Synthesis                                ; Timing optimization        ;           ;                ;                                                                                                                                                                          ;                  ;                       ;
; median_filter:filter_module|a21[5]                                                                                                                             ; Modified         ; Physical Synthesis                                ; Timing optimization        ;           ;                ;                                                                                                                                                                          ;                  ;                       ;
; median_filter:filter_module|a21[5]_OTERM695                                                                                                                    ; Retimed Register ; Physical Synthesis                                ; Timing optimization        ;           ;                ;                                                                                                                                                                          ;                  ;                       ;
; median_filter:filter_module|a21[6]                                                                                                                             ; Modified         ; Physical Synthesis                                ; Timing optimization        ;           ;                ;                                                                                                                                                                          ;                  ;                       ;
; median_filter:filter_module|a21[6]_OTERM697                                                                                                                    ; Retimed Register ; Physical Synthesis                                ; Timing optimization        ;           ;                ;                                                                                                                                                                          ;                  ;                       ;
; median_filter:filter_module|a21[7]                                                                                                                             ; Modified         ; Physical Synthesis                                ; Timing optimization        ;           ;                ;                                                                                                                                                                          ;                  ;                       ;
; median_filter:filter_module|a21[7]_OTERM699                                                                                                                    ; Retimed Register ; Physical Synthesis                                ; Timing optimization        ;           ;                ;                                                                                                                                                                          ;                  ;                       ;
; median_filter:filter_module|a22[0]                                                                                                                             ; Modified         ; Physical Synthesis                                ; Timing optimization        ;           ;                ;                                                                                                                                                                          ;                  ;                       ;
; median_filter:filter_module|a22[0]_OTERM623                                                                                                                    ; Retimed Register ; Physical Synthesis                                ; Timing optimization        ;           ;                ;                                                                                                                                                                          ;                  ;                       ;
; median_filter:filter_module|a22[1]                                                                                                                             ; Modified         ; Physical Synthesis                                ; Timing optimization        ;           ;                ;                                                                                                                                                                          ;                  ;                       ;
; median_filter:filter_module|a22[1]_OTERM637                                                                                                                    ; Retimed Register ; Physical Synthesis                                ; Timing optimization        ;           ;                ;                                                                                                                                                                          ;                  ;                       ;
; median_filter:filter_module|a22[2]                                                                                                                             ; Modified         ; Physical Synthesis                                ; Timing optimization        ;           ;                ;                                                                                                                                                                          ;                  ;                       ;
; median_filter:filter_module|a22[2]_OTERM635                                                                                                                    ; Retimed Register ; Physical Synthesis                                ; Timing optimization        ;           ;                ;                                                                                                                                                                          ;                  ;                       ;
; median_filter:filter_module|a22[3]                                                                                                                             ; Modified         ; Physical Synthesis                                ; Timing optimization        ;           ;                ;                                                                                                                                                                          ;                  ;                       ;
; median_filter:filter_module|a22[3]_OTERM633                                                                                                                    ; Retimed Register ; Physical Synthesis                                ; Timing optimization        ;           ;                ;                                                                                                                                                                          ;                  ;                       ;
; median_filter:filter_module|a22[4]                                                                                                                             ; Modified         ; Physical Synthesis                                ; Timing optimization        ;           ;                ;                                                                                                                                                                          ;                  ;                       ;
; median_filter:filter_module|a22[4]_OTERM631                                                                                                                    ; Retimed Register ; Physical Synthesis                                ; Timing optimization        ;           ;                ;                                                                                                                                                                          ;                  ;                       ;
; median_filter:filter_module|a22[5]                                                                                                                             ; Modified         ; Physical Synthesis                                ; Timing optimization        ;           ;                ;                                                                                                                                                                          ;                  ;                       ;
; median_filter:filter_module|a22[5]_OTERM629                                                                                                                    ; Retimed Register ; Physical Synthesis                                ; Timing optimization        ;           ;                ;                                                                                                                                                                          ;                  ;                       ;
; median_filter:filter_module|a22[6]                                                                                                                             ; Modified         ; Physical Synthesis                                ; Timing optimization        ;           ;                ;                                                                                                                                                                          ;                  ;                       ;
; median_filter:filter_module|a22[6]_OTERM627                                                                                                                    ; Retimed Register ; Physical Synthesis                                ; Timing optimization        ;           ;                ;                                                                                                                                                                          ;                  ;                       ;
; median_filter:filter_module|a22[7]                                                                                                                             ; Modified         ; Physical Synthesis                                ; Timing optimization        ;           ;                ;                                                                                                                                                                          ;                  ;                       ;
; median_filter:filter_module|a22[7]_OTERM625                                                                                                                    ; Retimed Register ; Physical Synthesis                                ; Timing optimization        ;           ;                ;                                                                                                                                                                          ;                  ;                       ;
; median_filter:filter_module|a23[0]                                                                                                                             ; Modified         ; Physical Synthesis                                ; Timing optimization        ;           ;                ;                                                                                                                                                                          ;                  ;                       ;
; median_filter:filter_module|a23[0]_OTERM717                                                                                                                    ; Retimed Register ; Physical Synthesis                                ; Timing optimization        ;           ;                ;                                                                                                                                                                          ;                  ;                       ;
; median_filter:filter_module|a23[1]                                                                                                                             ; Modified         ; Physical Synthesis                                ; Timing optimization        ;           ;                ;                                                                                                                                                                          ;                  ;                       ;
; median_filter:filter_module|a23[1]_OTERM703                                                                                                                    ; Retimed Register ; Physical Synthesis                                ; Timing optimization        ;           ;                ;                                                                                                                                                                          ;                  ;                       ;
; median_filter:filter_module|a23[2]                                                                                                                             ; Modified         ; Physical Synthesis                                ; Timing optimization        ;           ;                ;                                                                                                                                                                          ;                  ;                       ;
; median_filter:filter_module|a23[2]_OTERM705                                                                                                                    ; Retimed Register ; Physical Synthesis                                ; Timing optimization        ;           ;                ;                                                                                                                                                                          ;                  ;                       ;
; median_filter:filter_module|a23[3]                                                                                                                             ; Modified         ; Physical Synthesis                                ; Timing optimization        ;           ;                ;                                                                                                                                                                          ;                  ;                       ;
; median_filter:filter_module|a23[3]_OTERM707                                                                                                                    ; Retimed Register ; Physical Synthesis                                ; Timing optimization        ;           ;                ;                                                                                                                                                                          ;                  ;                       ;
; median_filter:filter_module|a23[4]                                                                                                                             ; Modified         ; Physical Synthesis                                ; Timing optimization        ;           ;                ;                                                                                                                                                                          ;                  ;                       ;
; median_filter:filter_module|a23[4]_OTERM709                                                                                                                    ; Retimed Register ; Physical Synthesis                                ; Timing optimization        ;           ;                ;                                                                                                                                                                          ;                  ;                       ;
; median_filter:filter_module|a23[5]                                                                                                                             ; Modified         ; Physical Synthesis                                ; Timing optimization        ;           ;                ;                                                                                                                                                                          ;                  ;                       ;
; median_filter:filter_module|a23[5]_OTERM711                                                                                                                    ; Retimed Register ; Physical Synthesis                                ; Timing optimization        ;           ;                ;                                                                                                                                                                          ;                  ;                       ;
; median_filter:filter_module|a23[6]                                                                                                                             ; Modified         ; Physical Synthesis                                ; Timing optimization        ;           ;                ;                                                                                                                                                                          ;                  ;                       ;
; median_filter:filter_module|a23[6]_OTERM713                                                                                                                    ; Retimed Register ; Physical Synthesis                                ; Timing optimization        ;           ;                ;                                                                                                                                                                          ;                  ;                       ;
; median_filter:filter_module|a23[7]                                                                                                                             ; Modified         ; Physical Synthesis                                ; Timing optimization        ;           ;                ;                                                                                                                                                                          ;                  ;                       ;
; median_filter:filter_module|a23[7]_OTERM715                                                                                                                    ; Retimed Register ; Physical Synthesis                                ; Timing optimization        ;           ;                ;                                                                                                                                                                          ;                  ;                       ;
; median_filter:filter_module|a31[0]                                                                                                                             ; Modified         ; Physical Synthesis                                ; Timing optimization        ;           ;                ;                                                                                                                                                                          ;                  ;                       ;
; median_filter:filter_module|a31[0]_OTERM669                                                                                                                    ; Retimed Register ; Physical Synthesis                                ; Timing optimization        ;           ;                ;                                                                                                                                                                          ;                  ;                       ;
; median_filter:filter_module|a31[1]                                                                                                                             ; Modified         ; Physical Synthesis                                ; Timing optimization        ;           ;                ;                                                                                                                                                                          ;                  ;                       ;
; median_filter:filter_module|a31[1]_OTERM655                                                                                                                    ; Retimed Register ; Physical Synthesis                                ; Timing optimization        ;           ;                ;                                                                                                                                                                          ;                  ;                       ;
; median_filter:filter_module|a31[2]                                                                                                                             ; Modified         ; Physical Synthesis                                ; Timing optimization        ;           ;                ;                                                                                                                                                                          ;                  ;                       ;
; median_filter:filter_module|a31[2]_OTERM657                                                                                                                    ; Retimed Register ; Physical Synthesis                                ; Timing optimization        ;           ;                ;                                                                                                                                                                          ;                  ;                       ;
; median_filter:filter_module|a31[3]                                                                                                                             ; Modified         ; Physical Synthesis                                ; Timing optimization        ;           ;                ;                                                                                                                                                                          ;                  ;                       ;
; median_filter:filter_module|a31[3]_OTERM659                                                                                                                    ; Retimed Register ; Physical Synthesis                                ; Timing optimization        ;           ;                ;                                                                                                                                                                          ;                  ;                       ;
; median_filter:filter_module|a31[4]                                                                                                                             ; Modified         ; Physical Synthesis                                ; Timing optimization        ;           ;                ;                                                                                                                                                                          ;                  ;                       ;
; median_filter:filter_module|a31[4]_OTERM661                                                                                                                    ; Retimed Register ; Physical Synthesis                                ; Timing optimization        ;           ;                ;                                                                                                                                                                          ;                  ;                       ;
; median_filter:filter_module|a31[5]                                                                                                                             ; Modified         ; Physical Synthesis                                ; Timing optimization        ;           ;                ;                                                                                                                                                                          ;                  ;                       ;
; median_filter:filter_module|a31[5]_OTERM663                                                                                                                    ; Retimed Register ; Physical Synthesis                                ; Timing optimization        ;           ;                ;                                                                                                                                                                          ;                  ;                       ;
; median_filter:filter_module|a31[6]                                                                                                                             ; Modified         ; Physical Synthesis                                ; Timing optimization        ;           ;                ;                                                                                                                                                                          ;                  ;                       ;
; median_filter:filter_module|a31[6]_OTERM665                                                                                                                    ; Retimed Register ; Physical Synthesis                                ; Timing optimization        ;           ;                ;                                                                                                                                                                          ;                  ;                       ;
; median_filter:filter_module|a31[7]                                                                                                                             ; Modified         ; Physical Synthesis                                ; Timing optimization        ;           ;                ;                                                                                                                                                                          ;                  ;                       ;
; median_filter:filter_module|a31[7]_OTERM667                                                                                                                    ; Retimed Register ; Physical Synthesis                                ; Timing optimization        ;           ;                ;                                                                                                                                                                          ;                  ;                       ;
; median_filter:filter_module|a32[0]                                                                                                                             ; Modified         ; Physical Synthesis                                ; Timing optimization        ;           ;                ;                                                                                                                                                                          ;                  ;                       ;
; median_filter:filter_module|a32[0]_OTERM639                                                                                                                    ; Retimed Register ; Physical Synthesis                                ; Timing optimization        ;           ;                ;                                                                                                                                                                          ;                  ;                       ;
; median_filter:filter_module|a32[1]                                                                                                                             ; Modified         ; Physical Synthesis                                ; Timing optimization        ;           ;                ;                                                                                                                                                                          ;                  ;                       ;
; median_filter:filter_module|a32[1]_OTERM641                                                                                                                    ; Retimed Register ; Physical Synthesis                                ; Timing optimization        ;           ;                ;                                                                                                                                                                          ;                  ;                       ;
; median_filter:filter_module|a32[2]                                                                                                                             ; Modified         ; Physical Synthesis                                ; Timing optimization        ;           ;                ;                                                                                                                                                                          ;                  ;                       ;
; median_filter:filter_module|a32[2]_OTERM643                                                                                                                    ; Retimed Register ; Physical Synthesis                                ; Timing optimization        ;           ;                ;                                                                                                                                                                          ;                  ;                       ;
; median_filter:filter_module|a32[3]                                                                                                                             ; Modified         ; Physical Synthesis                                ; Timing optimization        ;           ;                ;                                                                                                                                                                          ;                  ;                       ;
; median_filter:filter_module|a32[3]_OTERM645                                                                                                                    ; Retimed Register ; Physical Synthesis                                ; Timing optimization        ;           ;                ;                                                                                                                                                                          ;                  ;                       ;
; median_filter:filter_module|a32[4]                                                                                                                             ; Modified         ; Physical Synthesis                                ; Timing optimization        ;           ;                ;                                                                                                                                                                          ;                  ;                       ;
; median_filter:filter_module|a32[4]_OTERM647                                                                                                                    ; Retimed Register ; Physical Synthesis                                ; Timing optimization        ;           ;                ;                                                                                                                                                                          ;                  ;                       ;
; median_filter:filter_module|a32[5]                                                                                                                             ; Modified         ; Physical Synthesis                                ; Timing optimization        ;           ;                ;                                                                                                                                                                          ;                  ;                       ;
; median_filter:filter_module|a32[5]_OTERM649                                                                                                                    ; Retimed Register ; Physical Synthesis                                ; Timing optimization        ;           ;                ;                                                                                                                                                                          ;                  ;                       ;
; median_filter:filter_module|a32[6]                                                                                                                             ; Modified         ; Physical Synthesis                                ; Timing optimization        ;           ;                ;                                                                                                                                                                          ;                  ;                       ;
; median_filter:filter_module|a32[6]_OTERM651                                                                                                                    ; Retimed Register ; Physical Synthesis                                ; Timing optimization        ;           ;                ;                                                                                                                                                                          ;                  ;                       ;
; median_filter:filter_module|a32[7]                                                                                                                             ; Modified         ; Physical Synthesis                                ; Timing optimization        ;           ;                ;                                                                                                                                                                          ;                  ;                       ;
; median_filter:filter_module|a32[7]_OTERM653                                                                                                                    ; Retimed Register ; Physical Synthesis                                ; Timing optimization        ;           ;                ;                                                                                                                                                                          ;                  ;                       ;
; median_filter:filter_module|a33[0]                                                                                                                             ; Modified         ; Physical Synthesis                                ; Timing optimization        ;           ;                ;                                                                                                                                                                          ;                  ;                       ;
; median_filter:filter_module|a33[0]_OTERM671                                                                                                                    ; Retimed Register ; Physical Synthesis                                ; Timing optimization        ;           ;                ;                                                                                                                                                                          ;                  ;                       ;
; median_filter:filter_module|a33[1]                                                                                                                             ; Modified         ; Physical Synthesis                                ; Timing optimization        ;           ;                ;                                                                                                                                                                          ;                  ;                       ;
; median_filter:filter_module|a33[1]_OTERM673                                                                                                                    ; Retimed Register ; Physical Synthesis                                ; Timing optimization        ;           ;                ;                                                                                                                                                                          ;                  ;                       ;
; median_filter:filter_module|a33[2]                                                                                                                             ; Modified         ; Physical Synthesis                                ; Timing optimization        ;           ;                ;                                                                                                                                                                          ;                  ;                       ;
; median_filter:filter_module|a33[2]_OTERM675                                                                                                                    ; Retimed Register ; Physical Synthesis                                ; Timing optimization        ;           ;                ;                                                                                                                                                                          ;                  ;                       ;
; median_filter:filter_module|a33[3]                                                                                                                             ; Modified         ; Physical Synthesis                                ; Timing optimization        ;           ;                ;                                                                                                                                                                          ;                  ;                       ;
; median_filter:filter_module|a33[3]_OTERM677                                                                                                                    ; Retimed Register ; Physical Synthesis                                ; Timing optimization        ;           ;                ;                                                                                                                                                                          ;                  ;                       ;
; median_filter:filter_module|a33[4]                                                                                                                             ; Modified         ; Physical Synthesis                                ; Timing optimization        ;           ;                ;                                                                                                                                                                          ;                  ;                       ;
; median_filter:filter_module|a33[4]_OTERM679                                                                                                                    ; Retimed Register ; Physical Synthesis                                ; Timing optimization        ;           ;                ;                                                                                                                                                                          ;                  ;                       ;
; median_filter:filter_module|a33[5]                                                                                                                             ; Modified         ; Physical Synthesis                                ; Timing optimization        ;           ;                ;                                                                                                                                                                          ;                  ;                       ;
; median_filter:filter_module|a33[5]_OTERM681                                                                                                                    ; Retimed Register ; Physical Synthesis                                ; Timing optimization        ;           ;                ;                                                                                                                                                                          ;                  ;                       ;
; median_filter:filter_module|a33[6]                                                                                                                             ; Modified         ; Physical Synthesis                                ; Timing optimization        ;           ;                ;                                                                                                                                                                          ;                  ;                       ;
; median_filter:filter_module|a33[6]_OTERM683                                                                                                                    ; Retimed Register ; Physical Synthesis                                ; Timing optimization        ;           ;                ;                                                                                                                                                                          ;                  ;                       ;
; median_filter:filter_module|a33[7]                                                                                                                             ; Modified         ; Physical Synthesis                                ; Timing optimization        ;           ;                ;                                                                                                                                                                          ;                  ;                       ;
; median_filter:filter_module|a33[7]_OTERM685                                                                                                                    ; Retimed Register ; Physical Synthesis                                ; Timing optimization        ;           ;                ;                                                                                                                                                                          ;                  ;                       ;
; median_filter:filter_module|state.0000                                                                                                                         ; Deleted          ; Physical Synthesis                                ; Timing optimization        ;           ;                ;                                                                                                                                                                          ;                  ;                       ;
; median_filter:filter_module|state.0000_OTERM163                                                                                                                ; Retimed Register ; Physical Synthesis                                ; Timing optimization        ;           ;                ;                                                                                                                                                                          ;                  ;                       ;
; median_filter:filter_module|state.0000_OTERM165                                                                                                                ; Retimed Register ; Physical Synthesis                                ; Timing optimization        ;           ;                ;                                                                                                                                                                          ;                  ;                       ;
; median_filter:filter_module|state.S6                                                                                                                           ; Deleted          ; Physical Synthesis                                ; Timing optimization        ;           ;                ;                                                                                                                                                                          ;                  ;                       ;
; median_filter:filter_module|state.S6_OTERM617                                                                                                                  ; Retimed Register ; Physical Synthesis                                ; Timing optimization        ;           ;                ;                                                                                                                                                                          ;                  ;                       ;
; median_filter:filter_module|state.S8                                                                                                                           ; Deleted          ; Physical Synthesis                                ; Timing optimization        ;           ;                ;                                                                                                                                                                          ;                  ;                       ;
; median_filter:filter_module|state.S8_OTERM167                                                                                                                  ; Retimed Register ; Physical Synthesis                                ; Timing optimization        ;           ;                ;                                                                                                                                                                          ;                  ;                       ;
; win_gen:window_generation|Add3~2                                                                                                                               ; Modified         ; Physical Synthesis                                ; Timing optimization        ;           ;                ;                                                                                                                                                                          ;                  ;                       ;
; win_gen:window_generation|row~0                                                                                                                                ; Modified         ; Physical Synthesis                                ; Timing optimization        ;           ;                ;                                                                                                                                                                          ;                  ;                       ;
; win_gen:window_generation|state.DONE_GEN                                                                                                                       ; Deleted          ; Physical Synthesis                                ; Timing optimization        ;           ;                ;                                                                                                                                                                          ;                  ;                       ;
; win_gen:window_generation|state.DONE_GEN_OTERM71                                                                                                               ; Retimed Register ; Physical Synthesis                                ; Timing optimization        ;           ;                ;                                                                                                                                                                          ;                  ;                       ;
; win_gen:window_generation|state.DONE_GEN_OTERM73                                                                                                               ; Retimed Register ; Physical Synthesis                                ; Timing optimization        ;           ;                ;                                                                                                                                                                          ;                  ;                       ;
; win_gen:window_generation|state.INITREQ                                                                                                                        ; Deleted          ; Physical Synthesis                                ; Timing optimization        ;           ;                ;                                                                                                                                                                          ;                  ;                       ;
; win_gen:window_generation|state.INITREQ_OTERM305                                                                                                               ; Retimed Register ; Physical Synthesis                                ; Timing optimization        ;           ;                ;                                                                                                                                                                          ;                  ;                       ;
; win_gen:window_generation|state.INITREQ_OTERM577                                                                                                               ; Retimed Register ; Physical Synthesis                                ; Timing optimization        ;           ;                ;                                                                                                                                                                          ;                  ;                       ;
; win_gen:window_generation|state.REQBUF                                                                                                                         ; Deleted          ; Physical Synthesis                                ; Timing optimization        ;           ;                ;                                                                                                                                                                          ;                  ;                       ;
; win_gen:window_generation|state.REQBUF_OTERM307                                                                                                                ; Retimed Register ; Physical Synthesis                                ; Timing optimization        ;           ;                ;                                                                                                                                                                          ;                  ;                       ;
; win_gen:window_generation|state.REQBUF_OTERM579                                                                                                                ; Retimed Register ; Physical Synthesis                                ; Timing optimization        ;           ;                ;                                                                                                                                                                          ;                  ;                       ;
; win_gen:window_generation|state.WAITBUF                                                                                                                        ; Deleted          ; Physical Synthesis                                ; Timing optimization        ;           ;                ;                                                                                                                                                                          ;                  ;                       ;
; win_gen:window_generation|state.WAITBUF_OTERM309                                                                                                               ; Retimed Register ; Physical Synthesis                                ; Timing optimization        ;           ;                ;                                                                                                                                                                          ;                  ;                       ;
; win_gen:window_generation|state.WAITBUF_OTERM569                                                                                                               ; Retimed Register ; Physical Synthesis                                ; Timing optimization        ;           ;                ;                                                                                                                                                                          ;                  ;                       ;
; win_gen:window_generation|state.WAIT_FILT                                                                                                                      ; Deleted          ; Physical Synthesis                                ; Timing optimization        ;           ;                ;                                                                                                                                                                          ;                  ;                       ;
; win_gen:window_generation|state.WAIT_FILT_OTERM303                                                                                                             ; Retimed Register ; Physical Synthesis                                ; Timing optimization        ;           ;                ;                                                                                                                                                                          ;                  ;                       ;
; win_gen:window_generation|state.WAIT_FILT_OTERM581                                                                                                             ; Retimed Register ; Physical Synthesis                                ; Timing optimization        ;           ;                ;                                                                                                                                                                          ;                  ;                       ;
; win_gen:window_generation|state.WAIT_INIT                                                                                                                      ; Deleted          ; Physical Synthesis                                ; Timing optimization        ;           ;                ;                                                                                                                                                                          ;                  ;                       ;
; win_gen:window_generation|state.WAIT_INIT_OTERM33                                                                                                              ; Retimed Register ; Physical Synthesis                                ; Timing optimization        ;           ;                ;                                                                                                                                                                          ;                  ;                       ;
; win_gen:window_generation|state.WAIT_INIT_OTERM35                                                                                                              ; Retimed Register ; Physical Synthesis                                ; Timing optimization        ;           ;                ;                                                                                                                                                                          ;                  ;                       ;
; win_gen:window_generation|state.WAIT_INIT_OTERM37                                                                                                              ; Retimed Register ; Physical Synthesis                                ; Timing optimization        ;           ;                ;                                                                                                                                                                          ;                  ;                       ;
; win_gen:window_generation|state.WAIT_INIT_OTERM39                                                                                                              ; Retimed Register ; Physical Synthesis                                ; Timing optimization        ;           ;                ;                                                                                                                                                                          ;                  ;                       ;
; win_gen:window_generation|state.WAIT_INIT_OTERM41                                                                                                              ; Retimed Register ; Physical Synthesis                                ; Timing optimization        ;           ;                ;                                                                                                                                                                          ;                  ;                       ;
; win_gen:window_generation|state.WAIT_INIT_OTERM43_OTERM583                                                                                                     ; Retimed Register ; Physical Synthesis                                ; Timing optimization        ;           ;                ;                                                                                                                                                                          ;                  ;                       ;
; wr_addr[0]                                                                                                                                                     ; Deleted          ; Physical Synthesis                                ; Timing optimization        ;           ;                ;                                                                                                                                                                          ;                  ;                       ;
; wr_addr[0]_OTERM337                                                                                                                                            ; Retimed Register ; Physical Synthesis                                ; Timing optimization        ;           ;                ;                                                                                                                                                                          ;                  ;                       ;
; wr_addr[0]_OTERM469                                                                                                                                            ; Retimed Register ; Physical Synthesis                                ; Timing optimization        ;           ;                ;                                                                                                                                                                          ;                  ;                       ;
; wr_addr[0]_OTERM471                                                                                                                                            ; Retimed Register ; Physical Synthesis                                ; Timing optimization        ;           ;                ;                                                                                                                                                                          ;                  ;                       ;
; wr_addr[1]                                                                                                                                                     ; Deleted          ; Physical Synthesis                                ; Timing optimization        ;           ;                ;                                                                                                                                                                          ;                  ;                       ;
; wr_addr[1]_OTERM335                                                                                                                                            ; Retimed Register ; Physical Synthesis                                ; Timing optimization        ;           ;                ;                                                                                                                                                                          ;                  ;                       ;
; wr_addr[1]_OTERM465                                                                                                                                            ; Retimed Register ; Physical Synthesis                                ; Timing optimization        ;           ;                ;                                                                                                                                                                          ;                  ;                       ;
; wr_addr[1]_OTERM467                                                                                                                                            ; Retimed Register ; Physical Synthesis                                ; Timing optimization        ;           ;                ;                                                                                                                                                                          ;                  ;                       ;
; wr_addr[2]                                                                                                                                                     ; Deleted          ; Physical Synthesis                                ; Timing optimization        ;           ;                ;                                                                                                                                                                          ;                  ;                       ;
; wr_addr[2]_OTERM333                                                                                                                                            ; Retimed Register ; Physical Synthesis                                ; Timing optimization        ;           ;                ;                                                                                                                                                                          ;                  ;                       ;
; wr_addr[2]_OTERM461                                                                                                                                            ; Retimed Register ; Physical Synthesis                                ; Timing optimization        ;           ;                ;                                                                                                                                                                          ;                  ;                       ;
; wr_addr[2]_OTERM463                                                                                                                                            ; Retimed Register ; Physical Synthesis                                ; Timing optimization        ;           ;                ;                                                                                                                                                                          ;                  ;                       ;
; wr_addr[3]                                                                                                                                                     ; Deleted          ; Physical Synthesis                                ; Timing optimization        ;           ;                ;                                                                                                                                                                          ;                  ;                       ;
; wr_addr[3]_OTERM331                                                                                                                                            ; Retimed Register ; Physical Synthesis                                ; Timing optimization        ;           ;                ;                                                                                                                                                                          ;                  ;                       ;
; wr_addr[3]_OTERM457                                                                                                                                            ; Retimed Register ; Physical Synthesis                                ; Timing optimization        ;           ;                ;                                                                                                                                                                          ;                  ;                       ;
; wr_addr[3]_OTERM459                                                                                                                                            ; Retimed Register ; Physical Synthesis                                ; Timing optimization        ;           ;                ;                                                                                                                                                                          ;                  ;                       ;
; wr_addr[4]                                                                                                                                                     ; Deleted          ; Physical Synthesis                                ; Timing optimization        ;           ;                ;                                                                                                                                                                          ;                  ;                       ;
; wr_addr[4]_OTERM329                                                                                                                                            ; Retimed Register ; Physical Synthesis                                ; Timing optimization        ;           ;                ;                                                                                                                                                                          ;                  ;                       ;
; wr_addr[4]_OTERM453                                                                                                                                            ; Retimed Register ; Physical Synthesis                                ; Timing optimization        ;           ;                ;                                                                                                                                                                          ;                  ;                       ;
; wr_addr[4]_OTERM455                                                                                                                                            ; Retimed Register ; Physical Synthesis                                ; Timing optimization        ;           ;                ;                                                                                                                                                                          ;                  ;                       ;
; wr_addr[5]                                                                                                                                                     ; Deleted          ; Physical Synthesis                                ; Timing optimization        ;           ;                ;                                                                                                                                                                          ;                  ;                       ;
; wr_addr[5]_OTERM327                                                                                                                                            ; Retimed Register ; Physical Synthesis                                ; Timing optimization        ;           ;                ;                                                                                                                                                                          ;                  ;                       ;
; wr_addr[5]_OTERM449                                                                                                                                            ; Retimed Register ; Physical Synthesis                                ; Timing optimization        ;           ;                ;                                                                                                                                                                          ;                  ;                       ;
; wr_addr[5]_OTERM451                                                                                                                                            ; Retimed Register ; Physical Synthesis                                ; Timing optimization        ;           ;                ;                                                                                                                                                                          ;                  ;                       ;
; wr_addr[6]                                                                                                                                                     ; Deleted          ; Physical Synthesis                                ; Timing optimization        ;           ;                ;                                                                                                                                                                          ;                  ;                       ;
; wr_addr[6]_OTERM325                                                                                                                                            ; Retimed Register ; Physical Synthesis                                ; Timing optimization        ;           ;                ;                                                                                                                                                                          ;                  ;                       ;
; wr_addr[6]_OTERM445                                                                                                                                            ; Retimed Register ; Physical Synthesis                                ; Timing optimization        ;           ;                ;                                                                                                                                                                          ;                  ;                       ;
; wr_addr[6]_OTERM447                                                                                                                                            ; Retimed Register ; Physical Synthesis                                ; Timing optimization        ;           ;                ;                                                                                                                                                                          ;                  ;                       ;
; wr_addr[7]                                                                                                                                                     ; Deleted          ; Physical Synthesis                                ; Timing optimization        ;           ;                ;                                                                                                                                                                          ;                  ;                       ;
; wr_addr[7]_OTERM323                                                                                                                                            ; Retimed Register ; Physical Synthesis                                ; Timing optimization        ;           ;                ;                                                                                                                                                                          ;                  ;                       ;
; wr_addr[7]_OTERM441                                                                                                                                            ; Retimed Register ; Physical Synthesis                                ; Timing optimization        ;           ;                ;                                                                                                                                                                          ;                  ;                       ;
; wr_addr[7]_OTERM443                                                                                                                                            ; Retimed Register ; Physical Synthesis                                ; Timing optimization        ;           ;                ;                                                                                                                                                                          ;                  ;                       ;
; wr_addr[8]                                                                                                                                                     ; Deleted          ; Physical Synthesis                                ; Timing optimization        ;           ;                ;                                                                                                                                                                          ;                  ;                       ;
; wr_addr[8]_OTERM321                                                                                                                                            ; Retimed Register ; Physical Synthesis                                ; Timing optimization        ;           ;                ;                                                                                                                                                                          ;                  ;                       ;
; wr_addr[8]_OTERM437                                                                                                                                            ; Retimed Register ; Physical Synthesis                                ; Timing optimization        ;           ;                ;                                                                                                                                                                          ;                  ;                       ;
; wr_addr[8]_OTERM439                                                                                                                                            ; Retimed Register ; Physical Synthesis                                ; Timing optimization        ;           ;                ;                                                                                                                                                                          ;                  ;                       ;
; wr_addr[9]                                                                                                                                                     ; Deleted          ; Physical Synthesis                                ; Timing optimization        ;           ;                ;                                                                                                                                                                          ;                  ;                       ;
; wr_addr[9]_OTERM319                                                                                                                                            ; Retimed Register ; Physical Synthesis                                ; Timing optimization        ;           ;                ;                                                                                                                                                                          ;                  ;                       ;
; wr_addr[9]_OTERM433                                                                                                                                            ; Retimed Register ; Physical Synthesis                                ; Timing optimization        ;           ;                ;                                                                                                                                                                          ;                  ;                       ;
; wr_addr[9]_OTERM435                                                                                                                                            ; Retimed Register ; Physical Synthesis                                ; Timing optimization        ;           ;                ;                                                                                                                                                                          ;                  ;                       ;
; wr_addr[10]                                                                                                                                                    ; Deleted          ; Physical Synthesis                                ; Timing optimization        ;           ;                ;                                                                                                                                                                          ;                  ;                       ;
; wr_addr[10]_OTERM317                                                                                                                                           ; Retimed Register ; Physical Synthesis                                ; Timing optimization        ;           ;                ;                                                                                                                                                                          ;                  ;                       ;
; wr_addr[10]_OTERM421                                                                                                                                           ; Retimed Register ; Physical Synthesis                                ; Timing optimization        ;           ;                ;                                                                                                                                                                          ;                  ;                       ;
; wr_addr[10]_OTERM423                                                                                                                                           ; Retimed Register ; Physical Synthesis                                ; Timing optimization        ;           ;                ;                                                                                                                                                                          ;                  ;                       ;
; wr_addr[11]                                                                                                                                                    ; Deleted          ; Physical Synthesis                                ; Timing optimization        ;           ;                ;                                                                                                                                                                          ;                  ;                       ;
; wr_addr[11]_OTERM315                                                                                                                                           ; Retimed Register ; Physical Synthesis                                ; Timing optimization        ;           ;                ;                                                                                                                                                                          ;                  ;                       ;
; wr_addr[11]_OTERM417                                                                                                                                           ; Retimed Register ; Physical Synthesis                                ; Timing optimization        ;           ;                ;                                                                                                                                                                          ;                  ;                       ;
; wr_addr[11]_OTERM419                                                                                                                                           ; Retimed Register ; Physical Synthesis                                ; Timing optimization        ;           ;                ;                                                                                                                                                                          ;                  ;                       ;
; wr_addr[12]                                                                                                                                                    ; Deleted          ; Physical Synthesis                                ; Timing optimization        ;           ;                ;                                                                                                                                                                          ;                  ;                       ;
; wr_addr[12]_OTERM313                                                                                                                                           ; Retimed Register ; Physical Synthesis                                ; Timing optimization        ;           ;                ;                                                                                                                                                                          ;                  ;                       ;
; wr_addr[12]_OTERM413                                                                                                                                           ; Retimed Register ; Physical Synthesis                                ; Timing optimization        ;           ;                ;                                                                                                                                                                          ;                  ;                       ;
; wr_addr[12]_OTERM415                                                                                                                                           ; Retimed Register ; Physical Synthesis                                ; Timing optimization        ;           ;                ;                                                                                                                                                                          ;                  ;                       ;
; wr_addr[13]                                                                                                                                                    ; Deleted          ; Physical Synthesis                                ; Timing optimization        ;           ;                ;                                                                                                                                                                          ;                  ;                       ;
; wr_addr[13]_OTERM343                                                                                                                                           ; Retimed Register ; Physical Synthesis                                ; Timing optimization        ;           ;                ;                                                                                                                                                                          ;                  ;                       ;
; wr_addr[13]_OTERM473                                                                                                                                           ; Retimed Register ; Physical Synthesis                                ; Timing optimization        ;           ;                ;                                                                                                                                                                          ;                  ;                       ;
; wr_addr[13]_OTERM475                                                                                                                                           ; Retimed Register ; Physical Synthesis                                ; Timing optimization        ;           ;                ;                                                                                                                                                                          ;                  ;                       ;
; wr_addr[14]                                                                                                                                                    ; Deleted          ; Physical Synthesis                                ; Timing optimization        ;           ;                ;                                                                                                                                                                          ;                  ;                       ;
; wr_addr[14]_OTERM341                                                                                                                                           ; Retimed Register ; Physical Synthesis                                ; Timing optimization        ;           ;                ;                                                                                                                                                                          ;                  ;                       ;
; wr_addr[14]_OTERM361                                                                                                                                           ; Retimed Register ; Physical Synthesis                                ; Timing optimization        ;           ;                ;                                                                                                                                                                          ;                  ;                       ;
; wr_addr[14]_OTERM363                                                                                                                                           ; Retimed Register ; Physical Synthesis                                ; Timing optimization        ;           ;                ;                                                                                                                                                                          ;                  ;                       ;
; wr_addr[15]                                                                                                                                                    ; Deleted          ; Physical Synthesis                                ; Timing optimization        ;           ;                ;                                                                                                                                                                          ;                  ;                       ;
; wr_addr[15]_OTERM339                                                                                                                                           ; Retimed Register ; Physical Synthesis                                ; Timing optimization        ;           ;                ;                                                                                                                                                                          ;                  ;                       ;
; wr_addr[15]_OTERM355                                                                                                                                           ; Retimed Register ; Physical Synthesis                                ; Timing optimization        ;           ;                ;                                                                                                                                                                          ;                  ;                       ;
; wr_addr[15]_OTERM357                                                                                                                                           ; Retimed Register ; Physical Synthesis                                ; Timing optimization        ;           ;                ;                                                                                                                                                                          ;                  ;                       ;
; wr_addr[15]_OTERM359                                                                                                                                           ; Retimed Register ; Physical Synthesis                                ; Timing optimization        ;           ;                ;                                                                                                                                                                          ;                  ;                       ;
; fifo_rom_v2:memory_buffer|addr[0]                                                                                                                              ; Duplicated       ; Router Logic Cell Insertion and Logic Duplication ; Routability optimization   ;           ;                ; fifo_rom_v2:memory_buffer|addr[0]~DUPLICATE                                                                                                                              ;                  ;                       ;
; fifo_rom_v2:memory_buffer|addr[1]                                                                                                                              ; Duplicated       ; Router Logic Cell Insertion and Logic Duplication ; Routability optimization   ;           ;                ; fifo_rom_v2:memory_buffer|addr[1]~DUPLICATE                                                                                                                              ;                  ;                       ;
; fifo_rom_v2:memory_buffer|addr[2]                                                                                                                              ; Duplicated       ; Router Logic Cell Insertion and Logic Duplication ; Routability optimization   ;           ;                ; fifo_rom_v2:memory_buffer|addr[2]~DUPLICATE                                                                                                                              ;                  ;                       ;
; fifo_rom_v2:memory_buffer|addr[3]                                                                                                                              ; Duplicated       ; Router Logic Cell Insertion and Logic Duplication ; Routability optimization   ;           ;                ; fifo_rom_v2:memory_buffer|addr[3]~DUPLICATE                                                                                                                              ;                  ;                       ;
; fifo_rom_v2:memory_buffer|addr[5]                                                                                                                              ; Duplicated       ; Router Logic Cell Insertion and Logic Duplication ; Routability optimization   ;           ;                ; fifo_rom_v2:memory_buffer|addr[5]~DUPLICATE                                                                                                                              ;                  ;                       ;
; fifo_rom_v2:memory_buffer|addr[11]                                                                                                                             ; Duplicated       ; Router Logic Cell Insertion and Logic Duplication ; Routability optimization   ;           ;                ; fifo_rom_v2:memory_buffer|addr[11]~DUPLICATE                                                                                                                             ;                  ;                       ;
; fifo_rom_v2:memory_buffer|addr[12]                                                                                                                             ; Duplicated       ; Router Logic Cell Insertion and Logic Duplication ; Routability optimization   ;           ;                ; fifo_rom_v2:memory_buffer|addr[12]~DUPLICATE                                                                                                                             ;                  ;                       ;
; fifo_rom_v2:memory_buffer|addr[13]                                                                                                                             ; Duplicated       ; Router Logic Cell Insertion and Logic Duplication ; Routability optimization   ;           ;                ; fifo_rom_v2:memory_buffer|addr[13]~DUPLICATE                                                                                                                             ;                  ;                       ;
; fifo_rom_v2:memory_buffer|addr[14]                                                                                                                             ; Duplicated       ; Router Logic Cell Insertion and Logic Duplication ; Routability optimization   ;           ;                ; fifo_rom_v2:memory_buffer|addr[14]~DUPLICATE                                                                                                                             ;                  ;                       ;
; fifo_rom_v2:memory_buffer|addr[15]                                                                                                                             ; Duplicated       ; Router Logic Cell Insertion and Logic Duplication ; Routability optimization   ;           ;                ; fifo_rom_v2:memory_buffer|addr[15]~DUPLICATE                                                                                                                             ;                  ;                       ;
; fifo_rom_v2:memory_buffer|fifo:row1|scfifo:scfifo_component|scfifo_7oe1:auto_generated|a_dpfifo_lic1:dpfifo|cntr_j2b:wr_ptr|counter_reg_bit[0]_OTERM347        ; Duplicated       ; Router Logic Cell Insertion and Logic Duplication ; Routability optimization   ;           ;                ; fifo_rom_v2:memory_buffer|fifo:row1|scfifo:scfifo_component|scfifo_7oe1:auto_generated|a_dpfifo_lic1:dpfifo|cntr_j2b:wr_ptr|counter_reg_bit[0]_OTERM347~DUPLICATE        ;                  ;                       ;
; fifo_rom_v2:memory_buffer|fifo:row1|scfifo:scfifo_component|scfifo_7oe1:auto_generated|a_dpfifo_lic1:dpfifo|low_addressa[0]_OTERM113                           ; Duplicated       ; Router Logic Cell Insertion and Logic Duplication ; Routability optimization   ;           ;                ; fifo_rom_v2:memory_buffer|fifo:row1|scfifo:scfifo_component|scfifo_7oe1:auto_generated|a_dpfifo_lic1:dpfifo|low_addressa[0]_OTERM113~DUPLICATE                           ;                  ;                       ;
; fifo_rom_v2:memory_buffer|fifo:row1|scfifo:scfifo_component|scfifo_7oe1:auto_generated|a_dpfifo_lic1:dpfifo|low_addressa[0]_OTERM117                           ; Duplicated       ; Router Logic Cell Insertion and Logic Duplication ; Routability optimization   ;           ;                ; fifo_rom_v2:memory_buffer|fifo:row1|scfifo:scfifo_component|scfifo_7oe1:auto_generated|a_dpfifo_lic1:dpfifo|low_addressa[0]_OTERM117~DUPLICATE                           ;                  ;                       ;
; fifo_rom_v2:memory_buffer|fifo:row2|scfifo:scfifo_component|scfifo_7oe1:auto_generated|a_dpfifo_lic1:dpfifo|cntr_v27:usedw_counter|counter_reg_bit[0]_OTERM481 ; Duplicated       ; Router Logic Cell Insertion and Logic Duplication ; Routability optimization   ;           ;                ; fifo_rom_v2:memory_buffer|fifo:row2|scfifo:scfifo_component|scfifo_7oe1:auto_generated|a_dpfifo_lic1:dpfifo|cntr_v27:usedw_counter|counter_reg_bit[0]_OTERM481~DUPLICATE ;                  ;                       ;
; fifo_rom_v2:memory_buffer|fifo:row2|scfifo:scfifo_component|scfifo_7oe1:auto_generated|a_dpfifo_lic1:dpfifo|low_addressa[7]_OTERM81                            ; Duplicated       ; Router Logic Cell Insertion and Logic Duplication ; Routability optimization   ;           ;                ; fifo_rom_v2:memory_buffer|fifo:row2|scfifo:scfifo_component|scfifo_7oe1:auto_generated|a_dpfifo_lic1:dpfifo|low_addressa[7]_OTERM81~DUPLICATE                            ;                  ;                       ;
; fifo_rom_v2:memory_buffer|fifo:row2|scfifo:scfifo_component|scfifo_7oe1:auto_generated|a_dpfifo_lic1:dpfifo|usedw_is_0_dff                                     ; Duplicated       ; Router Logic Cell Insertion and Logic Duplication ; Routability optimization   ;           ;                ; fifo_rom_v2:memory_buffer|fifo:row2|scfifo:scfifo_component|scfifo_7oe1:auto_generated|a_dpfifo_lic1:dpfifo|usedw_is_0_dff~DUPLICATE                                     ;                  ;                       ;
; fifo_rom_v2:memory_buffer|img_sel_reg[0]                                                                                                                       ; Duplicated       ; Router Logic Cell Insertion and Logic Duplication ; Routability optimization   ;           ;                ; fifo_rom_v2:memory_buffer|img_sel_reg[0]~DUPLICATE                                                                                                                       ;                  ;                       ;
; fifo_rom_v2:memory_buffer|img_sel_reg[1]                                                                                                                       ; Duplicated       ; Router Logic Cell Insertion and Logic Duplication ; Routability optimization   ;           ;                ; fifo_rom_v2:memory_buffer|img_sel_reg[1]~DUPLICATE                                                                                                                       ;                  ;                       ;
; fifo_rom_v2:memory_buffer|rom:lena_data|altsyncram:altsyncram_component|altsyncram_tvi1:auto_generated|out_address_reg_a[0]                                    ; Duplicated       ; Router Logic Cell Insertion and Logic Duplication ; Routability optimization   ;           ;                ; fifo_rom_v2:memory_buffer|rom:lena_data|altsyncram:altsyncram_component|altsyncram_tvi1:auto_generated|out_address_reg_a[0]~DUPLICATE                                    ;                  ;                       ;
; fifo_rom_v2:memory_buffer|state.INIT_OTERM75                                                                                                                   ; Duplicated       ; Router Logic Cell Insertion and Logic Duplication ; Routability optimization   ;           ;                ; fifo_rom_v2:memory_buffer|state.INIT_OTERM75~DUPLICATE                                                                                                                   ;                  ;                       ;
; fifo_rom_v2:memory_buffer|state.INIT_OTERM77                                                                                                                   ; Duplicated       ; Router Logic Cell Insertion and Logic Duplication ; Routability optimization   ;           ;                ; fifo_rom_v2:memory_buffer|state.INIT_OTERM77~DUPLICATE                                                                                                                   ;                  ;                       ;
; fifo_rom_v2:memory_buffer|wrcount[0]                                                                                                                           ; Duplicated       ; Router Logic Cell Insertion and Logic Duplication ; Routability optimization   ;           ;                ; fifo_rom_v2:memory_buffer|wrcount[0]~DUPLICATE                                                                                                                           ;                  ;                       ;
; fifo_rom_v2:memory_buffer|wrcount[1]                                                                                                                           ; Duplicated       ; Router Logic Cell Insertion and Logic Duplication ; Routability optimization   ;           ;                ; fifo_rom_v2:memory_buffer|wrcount[1]~DUPLICATE                                                                                                                           ;                  ;                       ;
; init_buff_OTERM61                                                                                                                                              ; Duplicated       ; Router Logic Cell Insertion and Logic Duplication ; Routability optimization   ;           ;                ; init_buff_OTERM61~DUPLICATE                                                                                                                                              ;                  ;                       ;
; init_buff_OTERM63                                                                                                                                              ; Duplicated       ; Router Logic Cell Insertion and Logic Duplication ; Routability optimization   ;           ;                ; init_buff_OTERM63~DUPLICATE                                                                                                                                              ;                  ;                       ;
; init_buff_OTERM67                                                                                                                                              ; Duplicated       ; Router Logic Cell Insertion and Logic Duplication ; Routability optimization   ;           ;                ; init_buff_OTERM67~DUPLICATE                                                                                                                                              ;                  ;                       ;
; median_filter:filter_module|a11[0]                                                                                                                             ; Duplicated       ; Router Logic Cell Insertion and Logic Duplication ; Routability optimization   ;           ;                ; median_filter:filter_module|a11[0]~DUPLICATE                                                                                                                             ;                  ;                       ;
; median_filter:filter_module|a11[1]                                                                                                                             ; Duplicated       ; Router Logic Cell Insertion and Logic Duplication ; Routability optimization   ;           ;                ; median_filter:filter_module|a11[1]~DUPLICATE                                                                                                                             ;                  ;                       ;
; median_filter:filter_module|a11[3]                                                                                                                             ; Duplicated       ; Router Logic Cell Insertion and Logic Duplication ; Routability optimization   ;           ;                ; median_filter:filter_module|a11[3]~DUPLICATE                                                                                                                             ;                  ;                       ;
; median_filter:filter_module|a11[7]                                                                                                                             ; Duplicated       ; Router Logic Cell Insertion and Logic Duplication ; Routability optimization   ;           ;                ; median_filter:filter_module|a11[7]~DUPLICATE                                                                                                                             ;                  ;                       ;
; median_filter:filter_module|a12[0]                                                                                                                             ; Duplicated       ; Router Logic Cell Insertion and Logic Duplication ; Routability optimization   ;           ;                ; median_filter:filter_module|a12[0]~DUPLICATE                                                                                                                             ;                  ;                       ;
; median_filter:filter_module|a12[1]                                                                                                                             ; Duplicated       ; Router Logic Cell Insertion and Logic Duplication ; Routability optimization   ;           ;                ; median_filter:filter_module|a12[1]~DUPLICATE                                                                                                                             ;                  ;                       ;
; median_filter:filter_module|a12[2]                                                                                                                             ; Duplicated       ; Router Logic Cell Insertion and Logic Duplication ; Routability optimization   ;           ;                ; median_filter:filter_module|a12[2]~DUPLICATE                                                                                                                             ;                  ;                       ;
; median_filter:filter_module|a12[3]                                                                                                                             ; Duplicated       ; Router Logic Cell Insertion and Logic Duplication ; Routability optimization   ;           ;                ; median_filter:filter_module|a12[3]~DUPLICATE                                                                                                                             ;                  ;                       ;
; median_filter:filter_module|a12[7]                                                                                                                             ; Duplicated       ; Router Logic Cell Insertion and Logic Duplication ; Routability optimization   ;           ;                ; median_filter:filter_module|a12[7]~DUPLICATE                                                                                                                             ;                  ;                       ;
; median_filter:filter_module|a13[1]                                                                                                                             ; Duplicated       ; Router Logic Cell Insertion and Logic Duplication ; Routability optimization   ;           ;                ; median_filter:filter_module|a13[1]~DUPLICATE                                                                                                                             ;                  ;                       ;
; median_filter:filter_module|a13[5]                                                                                                                             ; Duplicated       ; Router Logic Cell Insertion and Logic Duplication ; Routability optimization   ;           ;                ; median_filter:filter_module|a13[5]~DUPLICATE                                                                                                                             ;                  ;                       ;
; median_filter:filter_module|a13[7]                                                                                                                             ; Duplicated       ; Router Logic Cell Insertion and Logic Duplication ; Routability optimization   ;           ;                ; median_filter:filter_module|a13[7]~DUPLICATE                                                                                                                             ;                  ;                       ;
; median_filter:filter_module|a21[0]                                                                                                                             ; Duplicated       ; Router Logic Cell Insertion and Logic Duplication ; Routability optimization   ;           ;                ; median_filter:filter_module|a21[0]~DUPLICATE                                                                                                                             ;                  ;                       ;
; median_filter:filter_module|a21[1]                                                                                                                             ; Duplicated       ; Router Logic Cell Insertion and Logic Duplication ; Routability optimization   ;           ;                ; median_filter:filter_module|a21[1]~DUPLICATE                                                                                                                             ;                  ;                       ;
; median_filter:filter_module|a21[2]                                                                                                                             ; Duplicated       ; Router Logic Cell Insertion and Logic Duplication ; Routability optimization   ;           ;                ; median_filter:filter_module|a21[2]~DUPLICATE                                                                                                                             ;                  ;                       ;
; median_filter:filter_module|a21[3]                                                                                                                             ; Duplicated       ; Router Logic Cell Insertion and Logic Duplication ; Routability optimization   ;           ;                ; median_filter:filter_module|a21[3]~DUPLICATE                                                                                                                             ;                  ;                       ;
; median_filter:filter_module|a21[4]                                                                                                                             ; Duplicated       ; Router Logic Cell Insertion and Logic Duplication ; Routability optimization   ;           ;                ; median_filter:filter_module|a21[4]~DUPLICATE                                                                                                                             ;                  ;                       ;
; median_filter:filter_module|a21[5]                                                                                                                             ; Duplicated       ; Router Logic Cell Insertion and Logic Duplication ; Routability optimization   ;           ;                ; median_filter:filter_module|a21[5]~DUPLICATE                                                                                                                             ;                  ;                       ;
; median_filter:filter_module|a21[6]                                                                                                                             ; Duplicated       ; Router Logic Cell Insertion and Logic Duplication ; Routability optimization   ;           ;                ; median_filter:filter_module|a21[6]~DUPLICATE                                                                                                                             ;                  ;                       ;
; median_filter:filter_module|a21[7]                                                                                                                             ; Duplicated       ; Router Logic Cell Insertion and Logic Duplication ; Routability optimization   ;           ;                ; median_filter:filter_module|a21[7]~DUPLICATE                                                                                                                             ;                  ;                       ;
; median_filter:filter_module|a22[0]                                                                                                                             ; Duplicated       ; Router Logic Cell Insertion and Logic Duplication ; Routability optimization   ;           ;                ; median_filter:filter_module|a22[0]~DUPLICATE                                                                                                                             ;                  ;                       ;
; median_filter:filter_module|a22[2]                                                                                                                             ; Duplicated       ; Router Logic Cell Insertion and Logic Duplication ; Routability optimization   ;           ;                ; median_filter:filter_module|a22[2]~DUPLICATE                                                                                                                             ;                  ;                       ;
; median_filter:filter_module|a22[3]                                                                                                                             ; Duplicated       ; Router Logic Cell Insertion and Logic Duplication ; Routability optimization   ;           ;                ; median_filter:filter_module|a22[3]~DUPLICATE                                                                                                                             ;                  ;                       ;
; median_filter:filter_module|a22[4]                                                                                                                             ; Duplicated       ; Router Logic Cell Insertion and Logic Duplication ; Routability optimization   ;           ;                ; median_filter:filter_module|a22[4]~DUPLICATE                                                                                                                             ;                  ;                       ;
; median_filter:filter_module|a22[5]                                                                                                                             ; Duplicated       ; Router Logic Cell Insertion and Logic Duplication ; Routability optimization   ;           ;                ; median_filter:filter_module|a22[5]~DUPLICATE                                                                                                                             ;                  ;                       ;
; median_filter:filter_module|a22[6]                                                                                                                             ; Duplicated       ; Router Logic Cell Insertion and Logic Duplication ; Routability optimization   ;           ;                ; median_filter:filter_module|a22[6]~DUPLICATE                                                                                                                             ;                  ;                       ;
; median_filter:filter_module|a22[7]                                                                                                                             ; Duplicated       ; Router Logic Cell Insertion and Logic Duplication ; Routability optimization   ;           ;                ; median_filter:filter_module|a22[7]~DUPLICATE                                                                                                                             ;                  ;                       ;
; median_filter:filter_module|a22_i[4]                                                                                                                           ; Duplicated       ; Router Logic Cell Insertion and Logic Duplication ; Routability optimization   ;           ;                ; median_filter:filter_module|a22_i[4]~DUPLICATE                                                                                                                           ;                  ;                       ;
; median_filter:filter_module|a23[0]                                                                                                                             ; Duplicated       ; Router Logic Cell Insertion and Logic Duplication ; Routability optimization   ;           ;                ; median_filter:filter_module|a23[0]~DUPLICATE                                                                                                                             ;                  ;                       ;
; median_filter:filter_module|a23[1]                                                                                                                             ; Duplicated       ; Router Logic Cell Insertion and Logic Duplication ; Routability optimization   ;           ;                ; median_filter:filter_module|a23[1]~DUPLICATE                                                                                                                             ;                  ;                       ;
; median_filter:filter_module|a23[2]                                                                                                                             ; Duplicated       ; Router Logic Cell Insertion and Logic Duplication ; Routability optimization   ;           ;                ; median_filter:filter_module|a23[2]~DUPLICATE                                                                                                                             ;                  ;                       ;
; median_filter:filter_module|a23[3]                                                                                                                             ; Duplicated       ; Router Logic Cell Insertion and Logic Duplication ; Routability optimization   ;           ;                ; median_filter:filter_module|a23[3]~DUPLICATE                                                                                                                             ;                  ;                       ;
; median_filter:filter_module|a23[4]                                                                                                                             ; Duplicated       ; Router Logic Cell Insertion and Logic Duplication ; Routability optimization   ;           ;                ; median_filter:filter_module|a23[4]~DUPLICATE                                                                                                                             ;                  ;                       ;
; median_filter:filter_module|a23[5]                                                                                                                             ; Duplicated       ; Router Logic Cell Insertion and Logic Duplication ; Routability optimization   ;           ;                ; median_filter:filter_module|a23[5]~DUPLICATE                                                                                                                             ;                  ;                       ;
; median_filter:filter_module|a23[6]                                                                                                                             ; Duplicated       ; Router Logic Cell Insertion and Logic Duplication ; Routability optimization   ;           ;                ; median_filter:filter_module|a23[6]~DUPLICATE                                                                                                                             ;                  ;                       ;
; median_filter:filter_module|a23[7]                                                                                                                             ; Duplicated       ; Router Logic Cell Insertion and Logic Duplication ; Routability optimization   ;           ;                ; median_filter:filter_module|a23[7]~DUPLICATE                                                                                                                             ;                  ;                       ;
; median_filter:filter_module|a31[1]                                                                                                                             ; Duplicated       ; Router Logic Cell Insertion and Logic Duplication ; Routability optimization   ;           ;                ; median_filter:filter_module|a31[1]~DUPLICATE                                                                                                                             ;                  ;                       ;
; median_filter:filter_module|a31[2]                                                                                                                             ; Duplicated       ; Router Logic Cell Insertion and Logic Duplication ; Routability optimization   ;           ;                ; median_filter:filter_module|a31[2]~DUPLICATE                                                                                                                             ;                  ;                       ;
; median_filter:filter_module|a31[3]                                                                                                                             ; Duplicated       ; Router Logic Cell Insertion and Logic Duplication ; Routability optimization   ;           ;                ; median_filter:filter_module|a31[3]~DUPLICATE                                                                                                                             ;                  ;                       ;
; median_filter:filter_module|a31[4]                                                                                                                             ; Duplicated       ; Router Logic Cell Insertion and Logic Duplication ; Routability optimization   ;           ;                ; median_filter:filter_module|a31[4]~DUPLICATE                                                                                                                             ;                  ;                       ;
; median_filter:filter_module|a31[5]                                                                                                                             ; Duplicated       ; Router Logic Cell Insertion and Logic Duplication ; Routability optimization   ;           ;                ; median_filter:filter_module|a31[5]~DUPLICATE                                                                                                                             ;                  ;                       ;
; median_filter:filter_module|a31[6]                                                                                                                             ; Duplicated       ; Router Logic Cell Insertion and Logic Duplication ; Routability optimization   ;           ;                ; median_filter:filter_module|a31[6]~DUPLICATE                                                                                                                             ;                  ;                       ;
; median_filter:filter_module|a31[7]                                                                                                                             ; Duplicated       ; Router Logic Cell Insertion and Logic Duplication ; Routability optimization   ;           ;                ; median_filter:filter_module|a31[7]~DUPLICATE                                                                                                                             ;                  ;                       ;
; median_filter:filter_module|a32[0]                                                                                                                             ; Duplicated       ; Router Logic Cell Insertion and Logic Duplication ; Routability optimization   ;           ;                ; median_filter:filter_module|a32[0]~DUPLICATE                                                                                                                             ;                  ;                       ;
; median_filter:filter_module|a32[1]                                                                                                                             ; Duplicated       ; Router Logic Cell Insertion and Logic Duplication ; Routability optimization   ;           ;                ; median_filter:filter_module|a32[1]~DUPLICATE                                                                                                                             ;                  ;                       ;
; median_filter:filter_module|a32[2]                                                                                                                             ; Duplicated       ; Router Logic Cell Insertion and Logic Duplication ; Routability optimization   ;           ;                ; median_filter:filter_module|a32[2]~DUPLICATE                                                                                                                             ;                  ;                       ;
; median_filter:filter_module|a32[3]                                                                                                                             ; Duplicated       ; Router Logic Cell Insertion and Logic Duplication ; Routability optimization   ;           ;                ; median_filter:filter_module|a32[3]~DUPLICATE                                                                                                                             ;                  ;                       ;
; median_filter:filter_module|a32[4]                                                                                                                             ; Duplicated       ; Router Logic Cell Insertion and Logic Duplication ; Routability optimization   ;           ;                ; median_filter:filter_module|a32[4]~DUPLICATE                                                                                                                             ;                  ;                       ;
; median_filter:filter_module|a32[5]                                                                                                                             ; Duplicated       ; Router Logic Cell Insertion and Logic Duplication ; Routability optimization   ;           ;                ; median_filter:filter_module|a32[5]~DUPLICATE                                                                                                                             ;                  ;                       ;
; median_filter:filter_module|a32[6]                                                                                                                             ; Duplicated       ; Router Logic Cell Insertion and Logic Duplication ; Routability optimization   ;           ;                ; median_filter:filter_module|a32[6]~DUPLICATE                                                                                                                             ;                  ;                       ;
; median_filter:filter_module|a32[7]                                                                                                                             ; Duplicated       ; Router Logic Cell Insertion and Logic Duplication ; Routability optimization   ;           ;                ; median_filter:filter_module|a32[7]~DUPLICATE                                                                                                                             ;                  ;                       ;
; median_filter:filter_module|a33[0]                                                                                                                             ; Duplicated       ; Router Logic Cell Insertion and Logic Duplication ; Routability optimization   ;           ;                ; median_filter:filter_module|a33[0]~DUPLICATE                                                                                                                             ;                  ;                       ;
; median_filter:filter_module|a33[1]                                                                                                                             ; Duplicated       ; Router Logic Cell Insertion and Logic Duplication ; Routability optimization   ;           ;                ; median_filter:filter_module|a33[1]~DUPLICATE                                                                                                                             ;                  ;                       ;
; median_filter:filter_module|a33[2]                                                                                                                             ; Duplicated       ; Router Logic Cell Insertion and Logic Duplication ; Routability optimization   ;           ;                ; median_filter:filter_module|a33[2]~DUPLICATE                                                                                                                             ;                  ;                       ;
; median_filter:filter_module|a33[4]                                                                                                                             ; Duplicated       ; Router Logic Cell Insertion and Logic Duplication ; Routability optimization   ;           ;                ; median_filter:filter_module|a33[4]~DUPLICATE                                                                                                                             ;                  ;                       ;
; median_filter:filter_module|a33[5]                                                                                                                             ; Duplicated       ; Router Logic Cell Insertion and Logic Duplication ; Routability optimization   ;           ;                ; median_filter:filter_module|a33[5]~DUPLICATE                                                                                                                             ;                  ;                       ;
; median_filter:filter_module|a33[6]                                                                                                                             ; Duplicated       ; Router Logic Cell Insertion and Logic Duplication ; Routability optimization   ;           ;                ; median_filter:filter_module|a33[6]~DUPLICATE                                                                                                                             ;                  ;                       ;
; median_filter:filter_module|state.S1                                                                                                                           ; Duplicated       ; Router Logic Cell Insertion and Logic Duplication ; Routability optimization   ;           ;                ; median_filter:filter_module|state.S1~DUPLICATE                                                                                                                           ;                  ;                       ;
; median_filter:filter_module|state.S3                                                                                                                           ; Duplicated       ; Router Logic Cell Insertion and Logic Duplication ; Routability optimization   ;           ;                ; median_filter:filter_module|state.S3~DUPLICATE                                                                                                                           ;                  ;                       ;
; median_filter:filter_module|state.S4                                                                                                                           ; Duplicated       ; Router Logic Cell Insertion and Logic Duplication ; Routability optimization   ;           ;                ; median_filter:filter_module|state.S4~DUPLICATE                                                                                                                           ;                  ;                       ;
; median_filter:filter_module|state.S5                                                                                                                           ; Duplicated       ; Router Logic Cell Insertion and Logic Duplication ; Routability optimization   ;           ;                ; median_filter:filter_module|state.S5~DUPLICATE                                                                                                                           ;                  ;                       ;
; median_filter:filter_module|state.S7                                                                                                                           ; Duplicated       ; Router Logic Cell Insertion and Logic Duplication ; Routability optimization   ;           ;                ; median_filter:filter_module|state.S7~DUPLICATE                                                                                                                           ;                  ;                       ;
; median_filter:filter_module|state.S8_OTERM167                                                                                                                  ; Duplicated       ; Router Logic Cell Insertion and Logic Duplication ; Routability optimization   ;           ;                ; median_filter:filter_module|state.S8_OTERM167~DUPLICATE                                                                                                                  ;                  ;                       ;
; median_filter:filter_module|state.S10                                                                                                                          ; Duplicated       ; Router Logic Cell Insertion and Logic Duplication ; Routability optimization   ;           ;                ; median_filter:filter_module|state.S10~DUPLICATE                                                                                                                          ;                  ;                       ;
; vga_controller:VGA_u0|rd_addr[1]                                                                                                                               ; Duplicated       ; Router Logic Cell Insertion and Logic Duplication ; Routability optimization   ;           ;                ; vga_controller:VGA_u0|rd_addr[1]~DUPLICATE                                                                                                                               ;                  ;                       ;
; vga_controller:VGA_u0|rd_addr[5]                                                                                                                               ; Duplicated       ; Router Logic Cell Insertion and Logic Duplication ; Routability optimization   ;           ;                ; vga_controller:VGA_u0|rd_addr[5]~DUPLICATE                                                                                                                               ;                  ;                       ;
; vga_controller:VGA_u0|x_count[7]                                                                                                                               ; Duplicated       ; Router Logic Cell Insertion and Logic Duplication ; Routability optimization   ;           ;                ; vga_controller:VGA_u0|x_count[7]~DUPLICATE                                                                                                                               ;                  ;                       ;
; vga_controller:VGA_u0|x_count[8]                                                                                                                               ; Duplicated       ; Router Logic Cell Insertion and Logic Duplication ; Routability optimization   ;           ;                ; vga_controller:VGA_u0|x_count[8]~DUPLICATE                                                                                                                               ;                  ;                       ;
; vga_controller:VGA_u0|y_count[0]                                                                                                                               ; Duplicated       ; Router Logic Cell Insertion and Logic Duplication ; Routability optimization   ;           ;                ; vga_controller:VGA_u0|y_count[0]~DUPLICATE                                                                                                                               ;                  ;                       ;
; vga_controller:VGA_u0|y_count[9]                                                                                                                               ; Duplicated       ; Router Logic Cell Insertion and Logic Duplication ; Routability optimization   ;           ;                ; vga_controller:VGA_u0|y_count[9]~DUPLICATE                                                                                                                               ;                  ;                       ;
; win_gen:window_generation|col[0]                                                                                                                               ; Duplicated       ; Router Logic Cell Insertion and Logic Duplication ; Routability optimization   ;           ;                ; win_gen:window_generation|col[0]~DUPLICATE                                                                                                                               ;                  ;                       ;
; win_gen:window_generation|col[3]                                                                                                                               ; Duplicated       ; Router Logic Cell Insertion and Logic Duplication ; Routability optimization   ;           ;                ; win_gen:window_generation|col[3]~DUPLICATE                                                                                                                               ;                  ;                       ;
; win_gen:window_generation|col[7]                                                                                                                               ; Duplicated       ; Router Logic Cell Insertion and Logic Duplication ; Routability optimization   ;           ;                ; win_gen:window_generation|col[7]~DUPLICATE                                                                                                                               ;                  ;                       ;
; win_gen:window_generation|counter[0]                                                                                                                           ; Duplicated       ; Router Logic Cell Insertion and Logic Duplication ; Routability optimization   ;           ;                ; win_gen:window_generation|counter[0]~DUPLICATE                                                                                                                           ;                  ;                       ;
; win_gen:window_generation|counter[1]                                                                                                                           ; Duplicated       ; Router Logic Cell Insertion and Logic Duplication ; Routability optimization   ;           ;                ; win_gen:window_generation|counter[1]~DUPLICATE                                                                                                                           ;                  ;                       ;
; win_gen:window_generation|p5[0]                                                                                                                                ; Duplicated       ; Router Logic Cell Insertion and Logic Duplication ; Routability optimization   ;           ;                ; win_gen:window_generation|p5[0]~DUPLICATE                                                                                                                                ;                  ;                       ;
; win_gen:window_generation|p5[1]                                                                                                                                ; Duplicated       ; Router Logic Cell Insertion and Logic Duplication ; Routability optimization   ;           ;                ; win_gen:window_generation|p5[1]~DUPLICATE                                                                                                                                ;                  ;                       ;
; win_gen:window_generation|row[1]                                                                                                                               ; Duplicated       ; Router Logic Cell Insertion and Logic Duplication ; Routability optimization   ;           ;                ; win_gen:window_generation|row[1]~DUPLICATE                                                                                                                               ;                  ;                       ;
; win_gen:window_generation|row[3]                                                                                                                               ; Duplicated       ; Router Logic Cell Insertion and Logic Duplication ; Routability optimization   ;           ;                ; win_gen:window_generation|row[3]~DUPLICATE                                                                                                                               ;                  ;                       ;
; win_gen:window_generation|row[5]                                                                                                                               ; Duplicated       ; Router Logic Cell Insertion and Logic Duplication ; Routability optimization   ;           ;                ; win_gen:window_generation|row[5]~DUPLICATE                                                                                                                               ;                  ;                       ;
; win_gen:window_generation|state.WAIT_INIT_OTERM37                                                                                                              ; Duplicated       ; Router Logic Cell Insertion and Logic Duplication ; Routability optimization   ;           ;                ; win_gen:window_generation|state.WAIT_INIT_OTERM37~DUPLICATE                                                                                                              ;                  ;                       ;
+----------------------------------------------------------------------------------------------------------------------------------------------------------------+------------------+---------------------------------------------------+----------------------------+-----------+----------------+--------------------------------------------------------------------------------------------------------------------------------------------------------------------------+------------------+-----------------------+


+--------------------------------------------------------------------------------------------+
; Ignored Assignments                                                                        ;
+--------------+----------------+--------------+------------+---------------+----------------+
; Name         ; Ignored Entity ; Ignored From ; Ignored To ; Ignored Value ; Ignored Source ;
+--------------+----------------+--------------+------------+---------------+----------------+
; Location     ;                ;              ; seg4[0]    ; PIN_AD26      ; QSF Assignment ;
; Location     ;                ;              ; seg4[1]    ; PIN_AC27      ; QSF Assignment ;
; Location     ;                ;              ; seg4[2]    ; PIN_AD25      ; QSF Assignment ;
; Location     ;                ;              ; seg4[3]    ; PIN_AC25      ; QSF Assignment ;
; Location     ;                ;              ; seg4[4]    ; PIN_AB28      ; QSF Assignment ;
; Location     ;                ;              ; seg4[5]    ; PIN_AB25      ; QSF Assignment ;
; Location     ;                ;              ; seg4[6]    ; PIN_AB22      ; QSF Assignment ;
; Location     ;                ;              ; seg5[0]    ; PIN_AA24      ; QSF Assignment ;
; Location     ;                ;              ; seg5[1]    ; PIN_Y23       ; QSF Assignment ;
; Location     ;                ;              ; seg5[2]    ; PIN_Y24       ; QSF Assignment ;
; Location     ;                ;              ; seg5[3]    ; PIN_W22       ; QSF Assignment ;
; Location     ;                ;              ; seg5[4]    ; PIN_W24       ; QSF Assignment ;
; Location     ;                ;              ; seg5[5]    ; PIN_V23       ; QSF Assignment ;
; Location     ;                ;              ; seg5[6]    ; PIN_W25       ; QSF Assignment ;
; Location     ;                ;              ; seg6[0]    ; PIN_V25       ; QSF Assignment ;
; Location     ;                ;              ; seg6[1]    ; PIN_AA28      ; QSF Assignment ;
; Location     ;                ;              ; seg6[2]    ; PIN_Y27       ; QSF Assignment ;
; Location     ;                ;              ; seg6[3]    ; PIN_AB27      ; QSF Assignment ;
; Location     ;                ;              ; seg6[4]    ; PIN_AB26      ; QSF Assignment ;
; Location     ;                ;              ; seg6[5]    ; PIN_AA26      ; QSF Assignment ;
; Location     ;                ;              ; seg6[6]    ; PIN_AA25      ; QSF Assignment ;
; I/O Standard ; top            ;              ; seg4[0]    ; 3.3-V LVTTL   ; QSF Assignment ;
; I/O Standard ; top            ;              ; seg4[1]    ; 3.3-V LVTTL   ; QSF Assignment ;
; I/O Standard ; top            ;              ; seg4[2]    ; 3.3-V LVTTL   ; QSF Assignment ;
; I/O Standard ; top            ;              ; seg4[3]    ; 3.3-V LVTTL   ; QSF Assignment ;
; I/O Standard ; top            ;              ; seg4[4]    ; 3.3-V LVTTL   ; QSF Assignment ;
; I/O Standard ; top            ;              ; seg4[5]    ; 3.3-V LVTTL   ; QSF Assignment ;
; I/O Standard ; top            ;              ; seg4[6]    ; 3.3-V LVTTL   ; QSF Assignment ;
; I/O Standard ; top            ;              ; seg4[7]    ; 3.3-V LVTTL   ; QSF Assignment ;
; I/O Standard ; top            ;              ; seg5[0]    ; 3.3-V LVTTL   ; QSF Assignment ;
; I/O Standard ; top            ;              ; seg5[1]    ; 3.3-V LVTTL   ; QSF Assignment ;
; I/O Standard ; top            ;              ; seg5[2]    ; 3.3-V LVTTL   ; QSF Assignment ;
; I/O Standard ; top            ;              ; seg5[3]    ; 3.3-V LVTTL   ; QSF Assignment ;
; I/O Standard ; top            ;              ; seg5[4]    ; 3.3-V LVTTL   ; QSF Assignment ;
; I/O Standard ; top            ;              ; seg5[5]    ; 3.3-V LVTTL   ; QSF Assignment ;
; I/O Standard ; top            ;              ; seg5[6]    ; 3.3-V LVTTL   ; QSF Assignment ;
; I/O Standard ; top            ;              ; seg5[7]    ; 3.3-V LVTTL   ; QSF Assignment ;
; I/O Standard ; top            ;              ; seg6[0]    ; 3.3-V LVTTL   ; QSF Assignment ;
; I/O Standard ; top            ;              ; seg6[1]    ; 3.3-V LVTTL   ; QSF Assignment ;
; I/O Standard ; top            ;              ; seg6[2]    ; 3.3-V LVTTL   ; QSF Assignment ;
; I/O Standard ; top            ;              ; seg6[3]    ; 3.3-V LVTTL   ; QSF Assignment ;
; I/O Standard ; top            ;              ; seg6[4]    ; 3.3-V LVTTL   ; QSF Assignment ;
; I/O Standard ; top            ;              ; seg6[5]    ; 3.3-V LVTTL   ; QSF Assignment ;
; I/O Standard ; top            ;              ; seg6[6]    ; 3.3-V LVTTL   ; QSF Assignment ;
; I/O Standard ; top            ;              ; seg6[7]    ; 3.3-V LVTTL   ; QSF Assignment ;
+--------------+----------------+--------------+------------+---------------+----------------+


+---------------------------------------------------------------------------------------------------+
; Incremental Compilation Preservation Summary                                                      ;
+---------------------+---------------------+----------------------------+--------------------------+
; Type                ; Total [A + B]       ; From Design Partitions [A] ; From Rapid Recompile [B] ;
+---------------------+---------------------+----------------------------+--------------------------+
; Placement (by node) ;                     ;                            ;                          ;
;     -- Requested    ; 0.00 % ( 0 / 1622 ) ; 0.00 % ( 0 / 1622 )        ; 0.00 % ( 0 / 1622 )      ;
;     -- Achieved     ; 0.00 % ( 0 / 1622 ) ; 0.00 % ( 0 / 1622 )        ; 0.00 % ( 0 / 1622 )      ;
;                     ;                     ;                            ;                          ;
; Routing (by net)    ;                     ;                            ;                          ;
;     -- Requested    ; 0.00 % ( 0 / 0 )    ; 0.00 % ( 0 / 0 )           ; 0.00 % ( 0 / 0 )         ;
;     -- Achieved     ; 0.00 % ( 0 / 0 )    ; 0.00 % ( 0 / 0 )           ; 0.00 % ( 0 / 0 )         ;
+---------------------+---------------------+----------------------------+--------------------------+


+----------------------------------------------------------------------------------------------------------------------------------------------------------------------------------------+
; Incremental Compilation Partition Settings                                                                                                                                             ;
+--------------------------------+----------------+-------------------+-------------------------+------------------------+------------------------------+--------------------------------+
; Partition Name                 ; Partition Type ; Netlist Type Used ; Preservation Level Used ; Netlist Type Requested ; Preservation Level Requested ; Contents                       ;
+--------------------------------+----------------+-------------------+-------------------------+------------------------+------------------------------+--------------------------------+
; Top                            ; User-created   ; Source File       ; N/A                     ; Source File            ; N/A                          ;                                ;
; hard_block:auto_generated_inst ; Auto-generated ; Source File       ; N/A                     ; Source File            ; N/A                          ; hard_block:auto_generated_inst ;
+--------------------------------+----------------+-------------------+-------------------------+------------------------+------------------------------+--------------------------------+


+------------------------------------------------------------------------------------------------------------------------------------+
; Incremental Compilation Placement Preservation                                                                                     ;
+--------------------------------+-----------------------+-------------------------+-------------------+---------------------+-------+
; Partition Name                 ; Preservation Achieved ; Preservation Level Used ; Netlist Type Used ; Preservation Method ; Notes ;
+--------------------------------+-----------------------+-------------------------+-------------------+---------------------+-------+
; Top                            ; 0.00 % ( 0 / 1609 )   ; N/A                     ; Source File       ; N/A                 ;       ;
; hard_block:auto_generated_inst ; 0.00 % ( 0 / 13 )     ; N/A                     ; Source File       ; N/A                 ;       ;
+--------------------------------+-----------------------+-------------------------+-------------------+---------------------+-------+


+--------------+
; Pin-Out File ;
+--------------+
The pin-out file can be found in C:/Users/HP/Desktop/3x3_windows/output_files/windows_generation.pin.


+---------------------------------------------------------------------------------------------+
; Fitter Resource Usage Summary                                                               ;
+-------------------------------------------------------------+-----------------------+-------+
; Resource                                                    ; Usage                 ; %     ;
+-------------------------------------------------------------+-----------------------+-------+
; Logic utilization (ALMs needed / total ALMs on device)      ; 595 / 32,070          ; 2 %   ;
; ALMs needed [=A-B+C]                                        ; 595                   ;       ;
;     [A] ALMs used in final placement [=a+b+c+d]             ; 635 / 32,070          ; 2 %   ;
;         [a] ALMs used for LUT logic and registers           ; 207                   ;       ;
;         [b] ALMs used for LUT logic                         ; 382                   ;       ;
;         [c] ALMs used for registers                         ; 46                    ;       ;
;         [d] ALMs used for memory (up to half of total ALMs) ; 0                     ;       ;
;     [B] Estimate of ALMs recoverable by dense packing       ; 48 / 32,070           ; < 1 % ;
;     [C] Estimate of ALMs unavailable [=a+b+c+d]             ; 8 / 32,070            ; < 1 % ;
;         [a] Due to location constrained logic               ; 0                     ;       ;
;         [b] Due to LAB-wide signal conflicts                ; 0                     ;       ;
;         [c] Due to LAB input limits                         ; 8                     ;       ;
;         [d] Due to virtual I/Os                             ; 0                     ;       ;
;                                                             ;                       ;       ;
; Difficulty packing design                                   ; Low                   ;       ;
;                                                             ;                       ;       ;
; Total LABs:  partially or completely used                   ; 115 / 3,207           ; 4 %   ;
;     -- Logic LABs                                           ; 115                   ;       ;
;     -- Memory LABs (up to half of total LABs)               ; 0                     ;       ;
;                                                             ;                       ;       ;
; Combinational ALUT usage for logic                          ; 909                   ;       ;
;     -- 7 input functions                                    ; 2                     ;       ;
;     -- 6 input functions                                    ; 275                   ;       ;
;     -- 5 input functions                                    ; 98                    ;       ;
;     -- 4 input functions                                    ; 259                   ;       ;
;     -- <=3 input functions                                  ; 275                   ;       ;
; Combinational ALUT usage for route-throughs                 ; 20                    ;       ;
;                                                             ;                       ;       ;
; Dedicated logic registers                                   ; 614                   ;       ;
;     -- By type:                                             ;                       ;       ;
;         -- Primary logic registers                          ; 506 / 64,140          ; < 1 % ;
;         -- Secondary logic registers                        ; 108 / 64,140          ; < 1 % ;
;     -- By function:                                         ;                       ;       ;
;         -- Design implementation registers                  ; 507                   ;       ;
;         -- Routing optimization registers                   ; 107                   ;       ;
;                                                             ;                       ;       ;
; Virtual pins                                                ; 0                     ;       ;
; I/O pins                                                    ; 67 / 457              ; 15 %  ;
;     -- Clock pins                                           ; 3 / 8                 ; 38 %  ;
;     -- Dedicated input pins                                 ; 0 / 21                ; 0 %   ;
;                                                             ;                       ;       ;
; Hard processor system peripheral utilization                ;                       ;       ;
;     -- Boot from FPGA                                       ; 0 / 1 ( 0 % )         ;       ;
;     -- Clock resets                                         ; 0 / 1 ( 0 % )         ;       ;
;     -- Cross trigger                                        ; 0 / 1 ( 0 % )         ;       ;
;     -- S2F AXI                                              ; 0 / 1 ( 0 % )         ;       ;
;     -- F2S AXI                                              ; 0 / 1 ( 0 % )         ;       ;
;     -- AXI Lightweight                                      ; 0 / 1 ( 0 % )         ;       ;
;     -- SDRAM                                                ; 0 / 1 ( 0 % )         ;       ;
;     -- Interrupts                                           ; 0 / 1 ( 0 % )         ;       ;
;     -- JTAG                                                 ; 0 / 1 ( 0 % )         ;       ;
;     -- Loan I/O                                             ; 0 / 1 ( 0 % )         ;       ;
;     -- MPU event standby                                    ; 0 / 1 ( 0 % )         ;       ;
;     -- MPU general purpose                                  ; 0 / 1 ( 0 % )         ;       ;
;     -- STM event                                            ; 0 / 1 ( 0 % )         ;       ;
;     -- TPIU trace                                           ; 0 / 1 ( 0 % )         ;       ;
;     -- DMA                                                  ; 0 / 1 ( 0 % )         ;       ;
;     -- CAN                                                  ; 0 / 2 ( 0 % )         ;       ;
;     -- EMAC                                                 ; 0 / 2 ( 0 % )         ;       ;
;     -- I2C                                                  ; 0 / 4 ( 0 % )         ;       ;
;     -- NAND Flash                                           ; 0 / 1 ( 0 % )         ;       ;
;     -- QSPI                                                 ; 0 / 1 ( 0 % )         ;       ;
;     -- SDMMC                                                ; 0 / 1 ( 0 % )         ;       ;
;     -- SPI Master                                           ; 0 / 2 ( 0 % )         ;       ;
;     -- SPI Slave                                            ; 0 / 2 ( 0 % )         ;       ;
;     -- UART                                                 ; 0 / 2 ( 0 % )         ;       ;
;     -- USB                                                  ; 0 / 2 ( 0 % )         ;       ;
;                                                             ;                       ;       ;
; M10K blocks                                                 ; 258 / 397             ; 65 %  ;
; Total MLAB memory bits                                      ; 0                     ;       ;
; Total block memory bits                                     ; 2,101,248 / 4,065,280 ; 52 %  ;
; Total block memory implementation bits                      ; 2,641,920 / 4,065,280 ; 65 %  ;
;                                                             ;                       ;       ;
; Total DSP Blocks                                            ; 0 / 87                ; 0 %   ;
;                                                             ;                       ;       ;
; Fractional PLLs                                             ; 1 / 6                 ; 17 %  ;
; Global signals                                              ; 3                     ;       ;
;     -- Global clocks                                        ; 2 / 16                ; 13 %  ;
;     -- Quadrant clocks                                      ; 0 / 66                ; 0 %   ;
;     -- Horizontal periphery clocks                          ; 0 / 18                ; 0 %   ;
; SERDES Transmitters                                         ; 0 / 100               ; 0 %   ;
; SERDES Receivers                                            ; 0 / 100               ; 0 %   ;
; JTAGs                                                       ; 0 / 1                 ; 0 %   ;
; ASMI blocks                                                 ; 0 / 1                 ; 0 %   ;
; CRC blocks                                                  ; 0 / 1                 ; 0 %   ;
; Remote update blocks                                        ; 0 / 1                 ; 0 %   ;
; Oscillator blocks                                           ; 0 / 1                 ; 0 %   ;
; Impedance control blocks                                    ; 0 / 4                 ; 0 %   ;
; Hard Memory Controllers                                     ; 0 / 2                 ; 0 %   ;
; Average interconnect usage (total/H/V)                      ; 2.0% / 2.0% / 2.0%    ;       ;
; Peak interconnect usage (total/H/V)                         ; 11.5% / 12.3% / 9.0%  ;       ;
; Maximum fan-out                                             ; 825                   ;       ;
; Highest non-global fan-out                                  ; 193                   ;       ;
; Total fan-out                                               ; 10517                 ;       ;
; Average fan-out                                             ; 5.42                  ;       ;
+-------------------------------------------------------------+-----------------------+-------+


+----------------------------------------------------------------------------------------------------------------------+
; Fitter Partition Statistics                                                                                          ;
+-------------------------------------------------------------+-----------------------+--------------------------------+
; Statistic                                                   ; Top                   ; hard_block:auto_generated_inst ;
+-------------------------------------------------------------+-----------------------+--------------------------------+
; Logic utilization (ALMs needed / total ALMs on device)      ; 595 / 32070 ( 2 % )   ; 0 / 32070 ( 0 % )              ;
; ALMs needed [=A-B+C]                                        ; 595                   ; 0                              ;
;     [A] ALMs used in final placement [=a+b+c+d]             ; 635 / 32070 ( 2 % )   ; 0 / 32070 ( 0 % )              ;
;         [a] ALMs used for LUT logic and registers           ; 207                   ; 0                              ;
;         [b] ALMs used for LUT logic                         ; 382                   ; 0                              ;
;         [c] ALMs used for registers                         ; 46                    ; 0                              ;
;         [d] ALMs used for memory (up to half of total ALMs) ; 0                     ; 0                              ;
;     [B] Estimate of ALMs recoverable by dense packing       ; 48 / 32070 ( < 1 % )  ; 0 / 32070 ( 0 % )              ;
;     [C] Estimate of ALMs unavailable [=a+b+c+d]             ; 8 / 32070 ( < 1 % )   ; 0 / 32070 ( 0 % )              ;
;         [a] Due to location constrained logic               ; 0                     ; 0                              ;
;         [b] Due to LAB-wide signal conflicts                ; 0                     ; 0                              ;
;         [c] Due to LAB input limits                         ; 8                     ; 0                              ;
;         [d] Due to virtual I/Os                             ; 0                     ; 0                              ;
;                                                             ;                       ;                                ;
; Difficulty packing design                                   ; Low                   ; Low                            ;
;                                                             ;                       ;                                ;
; Total LABs:  partially or completely used                   ; 115 / 3207 ( 4 % )    ; 0 / 3207 ( 0 % )               ;
;     -- Logic LABs                                           ; 115                   ; 0                              ;
;     -- Memory LABs (up to half of total LABs)               ; 0                     ; 0                              ;
;                                                             ;                       ;                                ;
; Combinational ALUT usage for logic                          ; 909                   ; 0                              ;
;     -- 7 input functions                                    ; 2                     ; 0                              ;
;     -- 6 input functions                                    ; 275                   ; 0                              ;
;     -- 5 input functions                                    ; 98                    ; 0                              ;
;     -- 4 input functions                                    ; 259                   ; 0                              ;
;     -- <=3 input functions                                  ; 275                   ; 0                              ;
; Combinational ALUT usage for route-throughs                 ; 20                    ; 0                              ;
; Memory ALUT usage                                           ; 0                     ; 0                              ;
;     -- 64-address deep                                      ; 0                     ; 0                              ;
;     -- 32-address deep                                      ; 0                     ; 0                              ;
;                                                             ;                       ;                                ;
; Dedicated logic registers                                   ; 0                     ; 0                              ;
;     -- By type:                                             ;                       ;                                ;
;         -- Primary logic registers                          ; 506 / 64140 ( < 1 % ) ; 0 / 64140 ( 0 % )              ;
;         -- Secondary logic registers                        ; 108 / 64140 ( < 1 % ) ; 0 / 64140 ( 0 % )              ;
;     -- By function:                                         ;                       ;                                ;
;         -- Design implementation registers                  ; 507                   ; 0                              ;
;         -- Routing optimization registers                   ; 107                   ; 0                              ;
;                                                             ;                       ;                                ;
;                                                             ;                       ;                                ;
; Virtual pins                                                ; 0                     ; 0                              ;
; I/O pins                                                    ; 64                    ; 3                              ;
; I/O registers                                               ; 0                     ; 0                              ;
; Total block memory bits                                     ; 2101248               ; 0                              ;
; Total block memory implementation bits                      ; 2641920               ; 0                              ;
; M10K block                                                  ; 258 / 397 ( 64 % )    ; 0 / 397 ( 0 % )                ;
; Clock enable block                                          ; 0 / 116 ( 0 % )       ; 2 / 116 ( 1 % )                ;
; Fractional PLL                                              ; 0 / 6 ( 0 % )         ; 1 / 6 ( 16 % )                 ;
; PLL Output Counter                                          ; 0 / 54 ( 0 % )        ; 2 / 54 ( 3 % )                 ;
; PLL Reconfiguration Block                                   ; 0 / 6 ( 0 % )         ; 1 / 6 ( 16 % )                 ;
; PLL Reference Clock Select Block                            ; 0 / 6 ( 0 % )         ; 1 / 6 ( 16 % )                 ;
;                                                             ;                       ;                                ;
; Connections                                                 ;                       ;                                ;
;     -- Input Connections                                    ; 938                   ; 0                              ;
;     -- Registered Input Connections                         ; 938                   ; 0                              ;
;     -- Output Connections                                   ; 0                     ; 938                            ;
;     -- Registered Output Connections                        ; 0                     ; 0                              ;
;                                                             ;                       ;                                ;
; Internal Connections                                        ;                       ;                                ;
;     -- Total Connections                                    ; 11465                 ; 988                            ;
;     -- Registered Connections                               ; 7852                  ; 0                              ;
;                                                             ;                       ;                                ;
; External Connections                                        ;                       ;                                ;
;     -- Top                                                  ; 0                     ; 938                            ;
;     -- hard_block:auto_generated_inst                       ; 938                   ; 0                              ;
;                                                             ;                       ;                                ;
; Partition Interface                                         ;                       ;                                ;
;     -- Input Ports                                          ; 4                     ; 1                              ;
;     -- Output Ports                                         ; 63                    ; 4                              ;
;     -- Bidir Ports                                          ; 0                     ; 0                              ;
;                                                             ;                       ;                                ;
; Registered Ports                                            ;                       ;                                ;
;     -- Registered Input Ports                               ; 0                     ; 0                              ;
;     -- Registered Output Ports                              ; 0                     ; 0                              ;
;                                                             ;                       ;                                ;
; Port Connectivity                                           ;                       ;                                ;
;     -- Input Ports driven by GND                            ; 0                     ; 0                              ;
;     -- Output Ports driven by GND                           ; 0                     ; 0                              ;
;     -- Input Ports driven by VCC                            ; 0                     ; 0                              ;
;     -- Output Ports driven by VCC                           ; 0                     ; 0                              ;
;     -- Input Ports with no Source                           ; 0                     ; 0                              ;
;     -- Output Ports with no Source                          ; 0                     ; 0                              ;
;     -- Input Ports with no Fanout                           ; 0                     ; 0                              ;
;     -- Output Ports with no Fanout                          ; 0                     ; 0                              ;
+-------------------------------------------------------------+-----------------------+--------------------------------+


+-------------------------------------------------------------------------------------------------------------------------------------------------------------------------------------------------------------------------------------------------------------------------------------------+
; Input Pins                                                                                                                                                                                                                                                                                ;
+------------+-------+----------+--------------+--------------+--------------+-----------------------+--------------------+--------+----------------+-----------------+----------+--------------+--------------+-------------+---------------------------+----------------------+-----------+
; Name       ; Pin # ; I/O Bank ; X coordinate ; Y coordinate ; Z coordinate ; Combinational Fan-Out ; Registered Fan-Out ; Global ; Input Register ; PCI I/O Enabled ; Bus Hold ; Weak Pull Up ; I/O Standard ; Termination ; Termination Control Block ; Location assigned by ; Slew Rate ;
+------------+-------+----------+--------------+--------------+--------------+-----------------------+--------------------+--------+----------------+-----------------+----------+--------------+--------------+-------------+---------------------------+----------------------+-----------+
; clk        ; AF14  ; 3B       ; 32           ; 0            ; 0            ; 1                     ; 0                  ; no     ; no             ; no              ; no       ; Off          ; 3.3-V LVTTL  ; Off         ; --                        ; User                 ; no        ;
; img_sel[0] ; AC12  ; 3A       ; 16           ; 0            ; 0            ; 3                     ; 0                  ; no     ; no             ; no              ; no       ; Off          ; 3.3-V LVTTL  ; Off         ; --                        ; User                 ; no        ;
; img_sel[1] ; AF9   ; 3A       ; 8            ; 0            ; 34           ; 3                     ; 0                  ; no     ; no             ; no              ; no       ; Off          ; 3.3-V LVTTL  ; Off         ; --                        ; User                 ; no        ;
; rst        ; AB12  ; 3A       ; 12           ; 0            ; 17           ; 109                   ; 0                  ; no     ; no             ; no              ; no       ; Off          ; 3.3-V LVTTL  ; Off         ; --                        ; User                 ; no        ;
+------------+-------+----------+--------------+--------------+--------------+-----------------------+--------------------+--------+----------------+-----------------+----------+--------------+--------------+-------------+---------------------------+----------------------+-----------+


+----------------------------------------------------------------------------------------------------------------------------------------------------------------------------------------------------------------------------------------------------------------------------------------------------------------------------------------------------------------------------------------------------------------------------------------------------------------------------------------------------+
; Output Pins                                                                                                                                                                                                                                                                                                                                                                                                                                                                                        ;
+---------------+-------+----------+--------------+--------------+--------------+-----------------+------------------------+-----------+-----------------+------------+---------------+----------+--------------+--------------+------------------+-----------------------------------+---------------------------+----------------------------+-----------------------------+---------------------+-----------------------------+----------------------+----------------------+---------------------+
; Name          ; Pin # ; I/O Bank ; X coordinate ; Y coordinate ; Z coordinate ; Output Register ; Output Enable Register ; Slew Rate ; PCI I/O Enabled ; Open Drain ; TRI Primitive ; Bus Hold ; Weak Pull Up ; I/O Standard ; Current Strength ; Termination                       ; Termination Control Block ; Output Buffer Pre-emphasis ; Voltage Output Differential ; Output Buffer Delay ; Output Buffer Delay Control ; Location assigned by ; Output Enable Source ; Output Enable Group ;
+---------------+-------+----------+--------------+--------------+--------------+-----------------+------------------------+-----------+-----------------+------------+---------------+----------+--------------+--------------+------------------+-----------------------------------+---------------------------+----------------------------+-----------------------------+---------------------+-----------------------------+----------------------+----------------------+---------------------+
; VGA_BLANK_N   ; F10   ; 8A       ; 6            ; 81           ; 17           ; no              ; no                     ; 1         ; no              ; no         ; no            ; no       ; Off          ; 3.3-V LVTTL  ; 16mA             ; Off                               ; --                        ; no                         ; no                          ; 0                   ; Off                         ; User                 ; -                    ; -                   ;
; VGA_B[0]      ; B13   ; 8A       ; 40           ; 81           ; 34           ; no              ; no                     ; 1         ; no              ; no         ; no            ; no       ; Off          ; 3.3-V LVTTL  ; 16mA             ; Off                               ; --                        ; no                         ; no                          ; 0                   ; Off                         ; User                 ; -                    ; -                   ;
; VGA_B[1]      ; G13   ; 8A       ; 28           ; 81           ; 17           ; no              ; no                     ; 1         ; no              ; no         ; no            ; no       ; Off          ; 3.3-V LVTTL  ; 16mA             ; Off                               ; --                        ; no                         ; no                          ; 0                   ; Off                         ; User                 ; -                    ; -                   ;
; VGA_B[2]      ; H13   ; 8A       ; 20           ; 81           ; 0            ; no              ; no                     ; 1         ; no              ; no         ; no            ; no       ; Off          ; 3.3-V LVTTL  ; 16mA             ; Off                               ; --                        ; no                         ; no                          ; 0                   ; Off                         ; User                 ; -                    ; -                   ;
; VGA_B[3]      ; F14   ; 8A       ; 36           ; 81           ; 17           ; no              ; no                     ; 1         ; no              ; no         ; no            ; no       ; Off          ; 3.3-V LVTTL  ; 16mA             ; Off                               ; --                        ; no                         ; no                          ; 0                   ; Off                         ; User                 ; -                    ; -                   ;
; VGA_B[4]      ; H14   ; 8A       ; 28           ; 81           ; 0            ; no              ; no                     ; 1         ; no              ; no         ; no            ; no       ; Off          ; 3.3-V LVTTL  ; 16mA             ; Off                               ; --                        ; no                         ; no                          ; 0                   ; Off                         ; User                 ; -                    ; -                   ;
; VGA_B[5]      ; F15   ; 8A       ; 36           ; 81           ; 0            ; no              ; no                     ; 1         ; no              ; no         ; no            ; no       ; Off          ; 3.3-V LVTTL  ; 16mA             ; Off                               ; --                        ; no                         ; no                          ; 0                   ; Off                         ; User                 ; -                    ; -                   ;
; VGA_B[6]      ; G15   ; 8A       ; 40           ; 81           ; 17           ; no              ; no                     ; 1         ; no              ; no         ; no            ; no       ; Off          ; 3.3-V LVTTL  ; 16mA             ; Off                               ; --                        ; no                         ; no                          ; 0                   ; Off                         ; User                 ; -                    ; -                   ;
; VGA_B[7]      ; J14   ; 8A       ; 32           ; 81           ; 17           ; no              ; no                     ; 1         ; no              ; no         ; no            ; no       ; Off          ; 3.3-V LVTTL  ; 16mA             ; Off                               ; --                        ; no                         ; no                          ; 0                   ; Off                         ; User                 ; -                    ; -                   ;
; VGA_CLK       ; A11   ; 8A       ; 38           ; 81           ; 34           ; no              ; no                     ; 1         ; no              ; no         ; no            ; no       ; Off          ; 3.3-V LVTTL  ; 16mA             ; Off                               ; --                        ; no                         ; no                          ; 0                   ; Off                         ; User                 ; -                    ; -                   ;
; VGA_G[0]      ; J9    ; 8A       ; 4            ; 81           ; 17           ; no              ; no                     ; 1         ; no              ; no         ; no            ; no       ; Off          ; 3.3-V LVTTL  ; 16mA             ; Off                               ; --                        ; no                         ; no                          ; 0                   ; Off                         ; User                 ; -                    ; -                   ;
; VGA_G[1]      ; J10   ; 8A       ; 4            ; 81           ; 0            ; no              ; no                     ; 1         ; no              ; no         ; no            ; no       ; Off          ; 3.3-V LVTTL  ; 16mA             ; Off                               ; --                        ; no                         ; no                          ; 0                   ; Off                         ; User                 ; -                    ; -                   ;
; VGA_G[2]      ; H12   ; 8A       ; 20           ; 81           ; 17           ; no              ; no                     ; 1         ; no              ; no         ; no            ; no       ; Off          ; 3.3-V LVTTL  ; 16mA             ; Off                               ; --                        ; no                         ; no                          ; 0                   ; Off                         ; User                 ; -                    ; -                   ;
; VGA_G[3]      ; G10   ; 8A       ; 6            ; 81           ; 0            ; no              ; no                     ; 1         ; no              ; no         ; no            ; no       ; Off          ; 3.3-V LVTTL  ; 16mA             ; Off                               ; --                        ; no                         ; no                          ; 0                   ; Off                         ; User                 ; -                    ; -                   ;
; VGA_G[4]      ; G11   ; 8A       ; 10           ; 81           ; 57           ; no              ; no                     ; 1         ; no              ; no         ; no            ; no       ; Off          ; 3.3-V LVTTL  ; 16mA             ; Off                               ; --                        ; no                         ; no                          ; 0                   ; Off                         ; User                 ; -                    ; -                   ;
; VGA_G[5]      ; G12   ; 8A       ; 10           ; 81           ; 40           ; no              ; no                     ; 1         ; no              ; no         ; no            ; no       ; Off          ; 3.3-V LVTTL  ; 16mA             ; Off                               ; --                        ; no                         ; no                          ; 0                   ; Off                         ; User                 ; -                    ; -                   ;
; VGA_G[6]      ; F11   ; 8A       ; 18           ; 81           ; 40           ; no              ; no                     ; 1         ; no              ; no         ; no            ; no       ; Off          ; 3.3-V LVTTL  ; 16mA             ; Off                               ; --                        ; no                         ; no                          ; 0                   ; Off                         ; User                 ; -                    ; -                   ;
; VGA_G[7]      ; E11   ; 8A       ; 18           ; 81           ; 57           ; no              ; no                     ; 1         ; no              ; no         ; no            ; no       ; Off          ; 3.3-V LVTTL  ; 16mA             ; Off                               ; --                        ; no                         ; no                          ; 0                   ; Off                         ; User                 ; -                    ; -                   ;
; VGA_HS        ; B11   ; 8A       ; 36           ; 81           ; 51           ; no              ; no                     ; 1         ; no              ; no         ; no            ; no       ; Off          ; 3.3-V LVTTL  ; 16mA             ; Off                               ; --                        ; no                         ; no                          ; 0                   ; Off                         ; User                 ; -                    ; -                   ;
; VGA_R[0]      ; A13   ; 8A       ; 40           ; 81           ; 51           ; no              ; no                     ; 1         ; no              ; no         ; no            ; no       ; Off          ; 3.3-V LVTTL  ; 16mA             ; Off                               ; --                        ; no                         ; no                          ; 0                   ; Off                         ; User                 ; -                    ; -                   ;
; VGA_R[1]      ; C13   ; 8A       ; 38           ; 81           ; 0            ; no              ; no                     ; 1         ; no              ; no         ; no            ; no       ; Off          ; 3.3-V LVTTL  ; 16mA             ; Off                               ; --                        ; no                         ; no                          ; 0                   ; Off                         ; User                 ; -                    ; -                   ;
; VGA_R[2]      ; E13   ; 8A       ; 26           ; 81           ; 57           ; no              ; no                     ; 1         ; no              ; no         ; no            ; no       ; Off          ; 3.3-V LVTTL  ; 16mA             ; Off                               ; --                        ; no                         ; no                          ; 0                   ; Off                         ; User                 ; -                    ; -                   ;
; VGA_R[3]      ; B12   ; 8A       ; 38           ; 81           ; 17           ; no              ; no                     ; 1         ; no              ; no         ; no            ; no       ; Off          ; 3.3-V LVTTL  ; 16mA             ; Off                               ; --                        ; no                         ; no                          ; 0                   ; Off                         ; User                 ; -                    ; -                   ;
; VGA_R[4]      ; C12   ; 8A       ; 36           ; 81           ; 34           ; no              ; no                     ; 1         ; no              ; no         ; no            ; no       ; Off          ; 3.3-V LVTTL  ; 16mA             ; Off                               ; --                        ; no                         ; no                          ; 0                   ; Off                         ; User                 ; -                    ; -                   ;
; VGA_R[5]      ; D12   ; 8A       ; 22           ; 81           ; 17           ; no              ; no                     ; 1         ; no              ; no         ; no            ; no       ; Off          ; 3.3-V LVTTL  ; 16mA             ; Off                               ; --                        ; no                         ; no                          ; 0                   ; Off                         ; User                 ; -                    ; -                   ;
; VGA_R[6]      ; E12   ; 8A       ; 22           ; 81           ; 0            ; no              ; no                     ; 1         ; no              ; no         ; no            ; no       ; Off          ; 3.3-V LVTTL  ; 16mA             ; Off                               ; --                        ; no                         ; no                          ; 0                   ; Off                         ; User                 ; -                    ; -                   ;
; VGA_R[7]      ; F13   ; 8A       ; 26           ; 81           ; 40           ; no              ; no                     ; 1         ; no              ; no         ; no            ; no       ; Off          ; 3.3-V LVTTL  ; 16mA             ; Off                               ; --                        ; no                         ; no                          ; 0                   ; Off                         ; User                 ; -                    ; -                   ;
; VGA_SYNC_N    ; C10   ; 8A       ; 28           ; 81           ; 34           ; no              ; no                     ; 1         ; no              ; no         ; no            ; no       ; Off          ; 3.3-V LVTTL  ; 16mA             ; Off                               ; --                        ; no                         ; no                          ; 0                   ; Off                         ; User                 ; -                    ; -                   ;
; VGA_VS        ; D11   ; 8A       ; 34           ; 81           ; 40           ; no              ; no                     ; 1         ; no              ; no         ; no            ; no       ; Off          ; 3.3-V LVTTL  ; 16mA             ; Off                               ; --                        ; no                         ; no                          ; 0                   ; Off                         ; User                 ; -                    ; -                   ;
; done_filt_ff  ; V16   ; 4A       ; 52           ; 0            ; 0            ; no              ; no                     ; 1         ; no              ; no         ; no            ; no       ; Off          ; 3.3-V LVTTL  ; 16mA             ; Off                               ; --                        ; no                         ; no                          ; 0                   ; Off                         ; User                 ; -                    ; -                   ;
; new_pix_ff[0] ; AG6   ; 3A       ; 12           ; 0            ; 51           ; no              ; no                     ; 1         ; no              ; no         ; no            ; no       ; Off          ; 2.5 V        ; Default          ; Series 50 Ohm without Calibration ; --                        ; no                         ; no                          ; 0                   ; Off                         ; Fitter               ; -                    ; -                   ;
; new_pix_ff[1] ; AH5   ; 3A       ; 14           ; 0            ; 51           ; no              ; no                     ; 1         ; no              ; no         ; no            ; no       ; Off          ; 2.5 V        ; Default          ; Series 50 Ohm without Calibration ; --                        ; no                         ; no                          ; 0                   ; Off                         ; Fitter               ; -                    ; -                   ;
; new_pix_ff[2] ; AD12  ; 3A       ; 16           ; 0            ; 17           ; no              ; no                     ; 1         ; no              ; no         ; no            ; no       ; Off          ; 2.5 V        ; Default          ; Series 50 Ohm without Calibration ; --                        ; no                         ; no                          ; 0                   ; Off                         ; Fitter               ; -                    ; -                   ;
; new_pix_ff[3] ; AG3   ; 3A       ; 6            ; 0            ; 34           ; no              ; no                     ; 1         ; no              ; no         ; no            ; no       ; Off          ; 2.5 V        ; Default          ; Series 50 Ohm without Calibration ; --                        ; no                         ; no                          ; 0                   ; Off                         ; Fitter               ; -                    ; -                   ;
; new_pix_ff[4] ; AG2   ; 3A       ; 16           ; 0            ; 34           ; no              ; no                     ; 1         ; no              ; no         ; no            ; no       ; Off          ; 2.5 V        ; Default          ; Series 50 Ohm without Calibration ; --                        ; no                         ; no                          ; 0                   ; Off                         ; Fitter               ; -                    ; -                   ;
; new_pix_ff[5] ; AE7   ; 3A       ; 6            ; 0            ; 17           ; no              ; no                     ; 1         ; no              ; no         ; no            ; no       ; Off          ; 2.5 V        ; Default          ; Series 50 Ohm without Calibration ; --                        ; no                         ; no                          ; 0                   ; Off                         ; Fitter               ; -                    ; -                   ;
; new_pix_ff[6] ; AA12  ; 3A       ; 12           ; 0            ; 0            ; no              ; no                     ; 1         ; no              ; no         ; no            ; no       ; Off          ; 2.5 V        ; Default          ; Series 50 Ohm without Calibration ; --                        ; no                         ; no                          ; 0                   ; Off                         ; Fitter               ; -                    ; -                   ;
; new_pix_ff[7] ; AG1   ; 3A       ; 10           ; 0            ; 40           ; no              ; no                     ; 1         ; no              ; no         ; no            ; no       ; Off          ; 2.5 V        ; Default          ; Series 50 Ohm without Calibration ; --                        ; no                         ; no                          ; 0                   ; Off                         ; Fitter               ; -                    ; -                   ;
; outclk_150    ; AF8   ; 3A       ; 10           ; 0            ; 74           ; no              ; no                     ; 1         ; no              ; no         ; no            ; no       ; Off          ; 2.5 V        ; Default          ; Series 50 Ohm without Calibration ; --                        ; no                         ; no                          ; 0                   ; Off                         ; Fitter               ; -                    ; -                   ;
; seg1[0]       ; AE26  ; 5A       ; 89           ; 8            ; 37           ; no              ; no                     ; 1         ; no              ; no         ; no            ; no       ; Off          ; 3.3-V LVTTL  ; 16mA             ; Off                               ; --                        ; no                         ; no                          ; 0                   ; Off                         ; User                 ; -                    ; -                   ;
; seg1[1]       ; AE27  ; 5A       ; 89           ; 11           ; 77           ; no              ; no                     ; 1         ; no              ; no         ; no            ; no       ; Off          ; 3.3-V LVTTL  ; 16mA             ; Off                               ; --                        ; no                         ; no                          ; 0                   ; Off                         ; User                 ; -                    ; -                   ;
; seg1[2]       ; AE28  ; 5A       ; 89           ; 11           ; 94           ; no              ; no                     ; 1         ; no              ; no         ; no            ; no       ; Off          ; 3.3-V LVTTL  ; 16mA             ; Off                               ; --                        ; no                         ; no                          ; 0                   ; Off                         ; User                 ; -                    ; -                   ;
; seg1[3]       ; AG27  ; 5A       ; 89           ; 4            ; 77           ; no              ; no                     ; 1         ; no              ; no         ; no            ; no       ; Off          ; 3.3-V LVTTL  ; 16mA             ; Off                               ; --                        ; no                         ; no                          ; 0                   ; Off                         ; User                 ; -                    ; -                   ;
; seg1[4]       ; AF28  ; 5A       ; 89           ; 13           ; 54           ; no              ; no                     ; 1         ; no              ; no         ; no            ; no       ; Off          ; 3.3-V LVTTL  ; 16mA             ; Off                               ; --                        ; no                         ; no                          ; 0                   ; Off                         ; User                 ; -                    ; -                   ;
; seg1[5]       ; AG28  ; 5A       ; 89           ; 13           ; 37           ; no              ; no                     ; 1         ; no              ; no         ; no            ; no       ; Off          ; 3.3-V LVTTL  ; 16mA             ; Off                               ; --                        ; no                         ; no                          ; 0                   ; Off                         ; User                 ; -                    ; -                   ;
; seg1[6]       ; AH28  ; 5A       ; 89           ; 4            ; 94           ; no              ; no                     ; 1         ; no              ; no         ; no            ; no       ; Off          ; 3.3-V LVTTL  ; 16mA             ; Off                               ; --                        ; no                         ; no                          ; 0                   ; Off                         ; User                 ; -                    ; -                   ;
; seg1[7]       ; E6    ; 8A       ; 4            ; 81           ; 51           ; no              ; no                     ; 1         ; no              ; no         ; no            ; no       ; Off          ; 3.3-V LVTTL  ; 16mA             ; Off                               ; --                        ; no                         ; no                          ; 0                   ; Off                         ; Fitter               ; -                    ; -                   ;
; seg2[0]       ; AJ29  ; 5A       ; 89           ; 6            ; 37           ; no              ; no                     ; 1         ; no              ; no         ; no            ; no       ; Off          ; 3.3-V LVTTL  ; 16mA             ; Off                               ; --                        ; no                         ; no                          ; 0                   ; Off                         ; User                 ; -                    ; -                   ;
; seg2[1]       ; AH29  ; 5A       ; 89           ; 6            ; 54           ; no              ; no                     ; 1         ; no              ; no         ; no            ; no       ; Off          ; 3.3-V LVTTL  ; 16mA             ; Off                               ; --                        ; no                         ; no                          ; 0                   ; Off                         ; User                 ; -                    ; -                   ;
; seg2[2]       ; AH30  ; 5A       ; 89           ; 16           ; 37           ; no              ; no                     ; 1         ; no              ; no         ; no            ; no       ; Off          ; 3.3-V LVTTL  ; 16mA             ; Off                               ; --                        ; no                         ; no                          ; 0                   ; Off                         ; User                 ; -                    ; -                   ;
; seg2[3]       ; AG30  ; 5A       ; 89           ; 16           ; 54           ; no              ; no                     ; 1         ; no              ; no         ; no            ; no       ; Off          ; 3.3-V LVTTL  ; 16mA             ; Off                               ; --                        ; no                         ; no                          ; 0                   ; Off                         ; User                 ; -                    ; -                   ;
; seg2[4]       ; AF29  ; 5A       ; 89           ; 15           ; 37           ; no              ; no                     ; 1         ; no              ; no         ; no            ; no       ; Off          ; 3.3-V LVTTL  ; 16mA             ; Off                               ; --                        ; no                         ; no                          ; 0                   ; Off                         ; User                 ; -                    ; -                   ;
; seg2[5]       ; AF30  ; 5A       ; 89           ; 15           ; 54           ; no              ; no                     ; 1         ; no              ; no         ; no            ; no       ; Off          ; 3.3-V LVTTL  ; 16mA             ; Off                               ; --                        ; no                         ; no                          ; 0                   ; Off                         ; User                 ; -                    ; -                   ;
; seg2[6]       ; AD27  ; 5A       ; 89           ; 8            ; 54           ; no              ; no                     ; 1         ; no              ; no         ; no            ; no       ; Off          ; 3.3-V LVTTL  ; 16mA             ; Off                               ; --                        ; no                         ; no                          ; 0                   ; Off                         ; User                 ; -                    ; -                   ;
; seg2[7]       ; AG23  ; 4A       ; 64           ; 0            ; 34           ; no              ; no                     ; 1         ; no              ; no         ; no            ; no       ; Off          ; 3.3-V LVTTL  ; 16mA             ; Off                               ; --                        ; no                         ; no                          ; 0                   ; Off                         ; Fitter               ; -                    ; -                   ;
; seg3[0]       ; AB23  ; 5A       ; 89           ; 9            ; 20           ; no              ; no                     ; 1         ; no              ; no         ; no            ; no       ; Off          ; 3.3-V LVTTL  ; 16mA             ; Off                               ; --                        ; no                         ; no                          ; 0                   ; Off                         ; User                 ; -                    ; -                   ;
; seg3[1]       ; AE29  ; 5B       ; 89           ; 23           ; 37           ; no              ; no                     ; 1         ; no              ; no         ; no            ; no       ; Off          ; 3.3-V LVTTL  ; 16mA             ; Off                               ; --                        ; no                         ; no                          ; 0                   ; Off                         ; User                 ; -                    ; -                   ;
; seg3[2]       ; AD29  ; 5B       ; 89           ; 23           ; 54           ; no              ; no                     ; 1         ; no              ; no         ; no            ; no       ; Off          ; 3.3-V LVTTL  ; 16mA             ; Off                               ; --                        ; no                         ; no                          ; 0                   ; Off                         ; User                 ; -                    ; -                   ;
; seg3[3]       ; AC28  ; 5B       ; 89           ; 20           ; 77           ; no              ; no                     ; 1         ; no              ; no         ; no            ; no       ; Off          ; 3.3-V LVTTL  ; 16mA             ; Off                               ; --                        ; no                         ; no                          ; 0                   ; Off                         ; User                 ; -                    ; -                   ;
; seg3[4]       ; AD30  ; 5B       ; 89           ; 25           ; 37           ; no              ; no                     ; 1         ; no              ; no         ; no            ; no       ; Off          ; 3.3-V LVTTL  ; 16mA             ; Off                               ; --                        ; no                         ; no                          ; 0                   ; Off                         ; User                 ; -                    ; -                   ;
; seg3[5]       ; AC29  ; 5B       ; 89           ; 20           ; 94           ; no              ; no                     ; 1         ; no              ; no         ; no            ; no       ; Off          ; 3.3-V LVTTL  ; 16mA             ; Off                               ; --                        ; no                         ; no                          ; 0                   ; Off                         ; User                 ; -                    ; -                   ;
; seg3[6]       ; AC30  ; 5B       ; 89           ; 25           ; 54           ; no              ; no                     ; 1         ; no              ; no         ; no            ; no       ; Off          ; 3.3-V LVTTL  ; 16mA             ; Off                               ; --                        ; no                         ; no                          ; 0                   ; Off                         ; User                 ; -                    ; -                   ;
; seg3[7]       ; AK22  ; 4A       ; 68           ; 0            ; 51           ; no              ; no                     ; 1         ; no              ; no         ; no            ; no       ; Off          ; 3.3-V LVTTL  ; 16mA             ; Off                               ; --                        ; no                         ; no                          ; 0                   ; Off                         ; Fitter               ; -                    ; -                   ;
+---------------+-------+----------+--------------+--------------+--------------+-----------------+------------------------+-----------+-----------------+------------+---------------+----------+--------------+--------------+------------------+-----------------------------------+---------------------------+----------------------------+-----------------------------+---------------------+-----------------------------+----------------------+----------------------+---------------------+


+----------------------------------------------------------------------------+
; I/O Bank Usage                                                             ;
+----------+------------------+---------------+--------------+---------------+
; I/O Bank ; Usage            ; VCCIO Voltage ; VREF Voltage ; VCCPD Voltage ;
+----------+------------------+---------------+--------------+---------------+
; B2L      ; 0 / 0 ( -- )     ; --            ; --           ; --            ;
; B1L      ; 0 / 0 ( -- )     ; --            ; --           ; --            ;
; 3A       ; 12 / 32 ( 38 % ) ; 2.5V          ; --           ; 2.5V          ;
; 3B       ; 1 / 48 ( 2 % )   ; 3.3V          ; --           ; 3.3V          ;
; 4A       ; 3 / 80 ( 4 % )   ; 3.3V          ; --           ; 3.3V          ;
; 5A       ; 15 / 32 ( 47 % ) ; 3.3V          ; --           ; 3.3V          ;
; 5B       ; 6 / 16 ( 38 % )  ; 3.3V          ; --           ; 3.3V          ;
; 6B       ; 0 / 44 ( 0 % )   ; 2.5V          ; --           ; 2.5V          ;
; 6A       ; 0 / 56 ( 0 % )   ; 2.5V          ; --           ; 2.5V          ;
; 7A       ; 0 / 19 ( 0 % )   ; 2.5V          ; --           ; 2.5V          ;
; 7B       ; 0 / 22 ( 0 % )   ; 2.5V          ; --           ; 2.5V          ;
; 7C       ; 0 / 12 ( 0 % )   ; 2.5V          ; --           ; 2.5V          ;
; 7D       ; 0 / 14 ( 0 % )   ; 2.5V          ; --           ; 2.5V          ;
; 8A       ; 30 / 80 ( 38 % ) ; 3.3V          ; --           ; 3.3V          ;
+----------+------------------+---------------+--------------+---------------+


+-----------------------------------------------------------------------------------------------------------------------------------------------------------------------------------+
; All Package Pins                                                                                                                                                                  ;
+----------+------------+----------------+---------------------------------+--------+--------------+---------------------+--------------+-----------------+----------+--------------+
; Location ; Pad Number ; I/O Bank       ; Pin Name/Usage                  ; Dir.   ; I/O Standard ; Voltage             ; I/O Type     ; User Assignment ; Bus Hold ; Weak Pull Up ;
+----------+------------+----------------+---------------------------------+--------+--------------+---------------------+--------------+-----------------+----------+--------------+
; A2       ;            ;                ; GND                             ; gnd    ;              ;                     ; --           ;                 ; --       ; --           ;
; A3       ; 493        ; 8A             ; RESERVED_INPUT_WITH_WEAK_PULLUP ;        ;              ;                     ; Column I/O   ;                 ; no       ; On           ;
; A4       ; 491        ; 8A             ; RESERVED_INPUT_WITH_WEAK_PULLUP ;        ;              ;                     ; Column I/O   ;                 ; no       ; On           ;
; A5       ; 489        ; 8A             ; RESERVED_INPUT_WITH_WEAK_PULLUP ;        ;              ;                     ; Column I/O   ;                 ; no       ; On           ;
; A6       ; 487        ; 8A             ; RESERVED_INPUT_WITH_WEAK_PULLUP ;        ;              ;                     ; Column I/O   ;                 ; no       ; On           ;
; A7       ;            ; 8A             ; VCCIO8A                         ; power  ;              ; 3.3V                ; --           ;                 ; --       ; --           ;
; A8       ; 473        ; 8A             ; RESERVED_INPUT_WITH_WEAK_PULLUP ;        ;              ;                     ; Column I/O   ;                 ; no       ; On           ;
; A9       ; 471        ; 8A             ; RESERVED_INPUT_WITH_WEAK_PULLUP ;        ;              ;                     ; Column I/O   ;                 ; no       ; On           ;
; A10      ; 465        ; 8A             ; RESERVED_INPUT_WITH_WEAK_PULLUP ;        ;              ;                     ; Column I/O   ;                 ; no       ; On           ;
; A11      ; 463        ; 8A             ; VGA_CLK                         ; output ; 3.3-V LVTTL  ;                     ; Column I/O   ; Y               ; no       ; Off          ;
; A12      ;            ;                ; GND                             ; gnd    ;              ;                     ; --           ;                 ; --       ; --           ;
; A13      ; 461        ; 8A             ; VGA_R[0]                        ; output ; 3.3-V LVTTL  ;                     ; Column I/O   ; Y               ; no       ; Off          ;
; A14      ; 455        ; 7D             ; RESERVED_INPUT_WITH_WEAK_PULLUP ;        ;              ;                     ; Column I/O   ;                 ; no       ; On           ;
; A15      ; 447        ; 7D             ; RESERVED_INPUT_WITH_WEAK_PULLUP ;        ;              ;                     ; Column I/O   ;                 ; no       ; On           ;
; A16      ; 439        ; 7C             ; RESERVED_INPUT_WITH_WEAK_PULLUP ;        ;              ;                     ; Column I/O   ;                 ; no       ; On           ;
; A17      ;            ;                ; GND                             ; gnd    ;              ;                     ; --           ;                 ; --       ; --           ;
; A18      ; 425        ; 7B             ; RESERVED_INPUT_WITH_WEAK_PULLUP ;        ;              ;                     ; Column I/O   ;                 ; no       ; On           ;
; A19      ; 423        ; 7B             ; RESERVED_INPUT_WITH_WEAK_PULLUP ;        ;              ;                     ; Column I/O   ;                 ; no       ; On           ;
; A20      ; 415        ; 7B             ; RESERVED_INPUT_WITH_WEAK_PULLUP ;        ;              ;                     ; Column I/O   ;                 ; no       ; On           ;
; A21      ; 411        ; 7B             ; RESERVED_INPUT_WITH_WEAK_PULLUP ;        ;              ;                     ; Column I/O   ;                 ; no       ; On           ;
; A22      ;            ;                ; GND                             ; gnd    ;              ;                     ; --           ;                 ; --       ; --           ;
; A23      ; 395        ; 7A             ; RESERVED_INPUT_WITH_WEAK_PULLUP ;        ;              ;                     ; Column I/O   ;                 ; no       ; On           ;
; A24      ; 391        ; 7A             ; RESERVED_INPUT_WITH_WEAK_PULLUP ;        ;              ;                     ; Column I/O   ;                 ; no       ; On           ;
; A25      ; 389        ; 7A             ; RESERVED_INPUT_WITH_WEAK_PULLUP ;        ;              ;                     ; Column I/O   ;                 ; no       ; On           ;
; A26      ; 382        ; 7A             ; ^GND                            ;        ;              ;                     ; --           ;                 ; --       ; --           ;
; A27      ;            ;                ; GND                             ; gnd    ;              ;                     ; --           ;                 ; --       ; --           ;
; A28      ; 380        ; 7A             ; ^HPS_TRST                       ;        ;              ;                     ; --           ;                 ; --       ; --           ;
; A29      ; 378        ; 7A             ; ^HPS_TMS                        ;        ;              ;                     ; --           ;                 ; --       ; --           ;
; AA1      ;            ;                ; GND                             ; gnd    ;              ;                     ; --           ;                 ; --       ; --           ;
; AA2      ;            ;                ; GND                             ; gnd    ;              ;                     ; --           ;                 ; --       ; --           ;
; AA3      ;            ;                ; GND                             ; gnd    ;              ;                     ; --           ;                 ; --       ; --           ;
; AA4      ;            ;                ; GND                             ; gnd    ;              ;                     ; --           ;                 ; --       ; --           ;
; AA5      ;            ; --             ; VCC                             ; power  ;              ; 1.1V                ; --           ;                 ; --       ; --           ;
; AA6      ;            ;                ; GND                             ; gnd    ;              ;                     ; --           ;                 ; --       ; --           ;
; AA7      ;            ;                ; DNU                             ;        ;              ;                     ; --           ;                 ; --       ; --           ;
; AA8      ;            ; --             ; VCCA_FPLL                       ; power  ;              ; 2.5V                ; --           ;                 ; --       ; --           ;
; AA9      ;            ;                ; GND                             ; gnd    ;              ;                     ; --           ;                 ; --       ; --           ;
; AA10     ;            ; 3A             ; VCCPD3A                         ; power  ;              ; 2.5V                ; --           ;                 ; --       ; --           ;
; AA11     ;            ;                ; GND                             ; gnd    ;              ;                     ; --           ;                 ; --       ; --           ;
; AA12     ; 74         ; 3A             ; new_pix_ff[6]                   ; output ; 2.5 V        ;                     ; Column I/O   ; N               ; no       ; Off          ;
; AA13     ; 90         ; 3B             ; RESERVED_INPUT_WITH_WEAK_PULLUP ;        ;              ;                     ; Column I/O   ;                 ; no       ; On           ;
; AA14     ; 122        ; 3B             ; RESERVED_INPUT_WITH_WEAK_PULLUP ;        ;              ;                     ; Column I/O   ;                 ; no       ; On           ;
; AA15     ; 120        ; 3B             ; RESERVED_INPUT_WITH_WEAK_PULLUP ;        ;              ;                     ; Column I/O   ;                 ; no       ; On           ;
; AA16     ; 146        ; 4A             ; RESERVED_INPUT_WITH_WEAK_PULLUP ;        ;              ;                     ; Column I/O   ;                 ; no       ; On           ;
; AA17     ;            ; 4A             ; VCCIO4A                         ; power  ;              ; 3.3V                ; --           ;                 ; --       ; --           ;
; AA18     ; 168        ; 4A             ; RESERVED_INPUT_WITH_WEAK_PULLUP ;        ;              ;                     ; Column I/O   ;                 ; no       ; On           ;
; AA19     ; 176        ; 4A             ; RESERVED_INPUT_WITH_WEAK_PULLUP ;        ;              ;                     ; Column I/O   ;                 ; no       ; On           ;
; AA20     ; 200        ; 4A             ; RESERVED_INPUT_WITH_WEAK_PULLUP ;        ;              ;                     ; Column I/O   ;                 ; no       ; On           ;
; AA21     ; 210        ; 4A             ; RESERVED_INPUT_WITH_WEAK_PULLUP ;        ;              ;                     ; Column I/O   ;                 ; no       ; On           ;
; AA22     ;            ;                ; GND                             ; gnd    ;              ;                     ; --           ;                 ; --       ; --           ;
; AA23     ;            ; --             ; VCCPGM                          ; power  ;              ; 1.8V/2.5V/3.0V/3.3V ; --           ;                 ; --       ; --           ;
; AA24     ; 228        ; 5A             ; RESERVED_INPUT_WITH_WEAK_PULLUP ;        ;              ;                     ; Row I/O      ;                 ; no       ; On           ;
; AA25     ; 224        ; 5A             ; RESERVED_INPUT_WITH_WEAK_PULLUP ;        ;              ;                     ; Row I/O      ;                 ; no       ; On           ;
; AA26     ; 252        ; 5B             ; RESERVED_INPUT_WITH_WEAK_PULLUP ;        ;              ;                     ; Row I/O      ;                 ; no       ; On           ;
; AA27     ;            ; 5B             ; VCCIO5B                         ; power  ;              ; 3.3V                ; --           ;                 ; --       ; --           ;
; AA28     ; 251        ; 5B             ; RESERVED_INPUT_WITH_WEAK_PULLUP ;        ;              ;                     ; Row I/O      ;                 ; no       ; On           ;
; AA29     ;            ; 5B             ; VREFB5BN0                       ; power  ;              ;                     ; --           ;                 ; --       ; --           ;
; AA30     ; 250        ; 5B             ; RESERVED_INPUT_WITH_WEAK_PULLUP ;        ;              ;                     ; Row I/O      ;                 ; no       ; On           ;
; AB1      ;            ;                ; GND                             ; gnd    ;              ;                     ; --           ;                 ; --       ; --           ;
; AB2      ;            ;                ; GND                             ; gnd    ;              ;                     ; --           ;                 ; --       ; --           ;
; AB3      ;            ;                ; DNU                             ;        ;              ;                     ; --           ;                 ; --       ; --           ;
; AB4      ;            ;                ; DNU                             ;        ;              ;                     ; --           ;                 ; --       ; --           ;
; AB5      ;            ;                ; GND                             ; gnd    ;              ;                     ; --           ;                 ; --       ; --           ;
; AB6      ;            ; --             ; VCCA_FPLL                       ; power  ;              ; 2.5V                ; --           ;                 ; --       ; --           ;
; AB7      ;            ;                ; GND                             ; gnd    ;              ;                     ; --           ;                 ; --       ; --           ;
; AB8      ; 43         ; 3A             ; ^nCSO, DATA4                    ;        ;              ;                     ; Weak Pull Up ;                 ; --       ; On           ;
; AB9      ; 42         ; 3A             ; #TDO                            ; output ;              ;                     ; --           ;                 ; --       ; --           ;
; AB10     ;            ; --             ; VCCPGM                          ; power  ;              ; 1.8V/2.5V/3.0V/3.3V ; --           ;                 ; --       ; --           ;
; AB11     ;            ; --             ; VCC_AUX                         ; power  ;              ; 2.5V                ; --           ;                 ; --       ; --           ;
; AB12     ; 72         ; 3A             ; rst                             ; input  ; 3.3-V LVTTL  ;                     ; Column I/O   ; Y               ; no       ; Off          ;
; AB13     ; 88         ; 3B             ; RESERVED_INPUT_WITH_WEAK_PULLUP ;        ;              ;                     ; Column I/O   ;                 ; no       ; On           ;
; AB14     ;            ; 3B             ; VCCIO3B                         ; power  ;              ; 3.3V                ; --           ;                 ; --       ; --           ;
; AB15     ; 106        ; 3B             ; RESERVED_INPUT_WITH_WEAK_PULLUP ;        ;              ;                     ; Column I/O   ;                 ; no       ; On           ;
; AB16     ;            ; --             ; VCC_AUX                         ; power  ;              ; 2.5V                ; --           ;                 ; --       ; --           ;
; AB17     ; 144        ; 4A             ; RESERVED_INPUT_WITH_WEAK_PULLUP ;        ;              ;                     ; Column I/O   ;                 ; no       ; On           ;
; AB18     ;            ; 3B, 4A         ; VCCPD3B4A                       ; power  ;              ; 3.3V                ; --           ;                 ; --       ; --           ;
; AB19     ;            ;                ; GND                             ; gnd    ;              ;                     ; --           ;                 ; --       ; --           ;
; AB20     ;            ; 3B, 4A         ; VCCPD3B4A                       ; power  ;              ; 3.3V                ; --           ;                 ; --       ; --           ;
; AB21     ; 208        ; 4A             ; RESERVED_INPUT_WITH_WEAK_PULLUP ;        ;              ;                     ; Column I/O   ;                 ; no       ; On           ;
; AB22     ; 225        ; 5A             ; RESERVED_INPUT_WITH_WEAK_PULLUP ;        ;              ;                     ; Row I/O      ;                 ; no       ; On           ;
; AB23     ; 227        ; 5A             ; seg3[0]                         ; output ; 3.3-V LVTTL  ;                     ; Row I/O      ; Y               ; no       ; Off          ;
; AB24     ;            ; 5A             ; VCCIO5A                         ; power  ;              ; 3.3V                ; --           ;                 ; --       ; --           ;
; AB25     ; 230        ; 5A             ; RESERVED_INPUT_WITH_WEAK_PULLUP ;        ;              ;                     ; Row I/O      ;                 ; no       ; On           ;
; AB26     ; 226        ; 5A             ; RESERVED_INPUT_WITH_WEAK_PULLUP ;        ;              ;                     ; Row I/O      ;                 ; no       ; On           ;
; AB27     ; 254        ; 5B             ; RESERVED_INPUT_WITH_WEAK_PULLUP ;        ;              ;                     ; Row I/O      ;                 ; no       ; On           ;
; AB28     ; 249        ; 5B             ; RESERVED_INPUT_WITH_WEAK_PULLUP ;        ;              ;                     ; Row I/O      ;                 ; no       ; On           ;
; AB29     ;            ;                ; GND                             ; gnd    ;              ;                     ; --           ;                 ; --       ; --           ;
; AB30     ; 248        ; 5B             ; RESERVED_INPUT_WITH_WEAK_PULLUP ;        ;              ;                     ; Row I/O      ;                 ; no       ; On           ;
; AC1      ;            ;                ; GND                             ; gnd    ;              ;                     ; --           ;                 ; --       ; --           ;
; AC2      ;            ;                ; GND                             ; gnd    ;              ;                     ; --           ;                 ; --       ; --           ;
; AC3      ;            ;                ; GND                             ; gnd    ;              ;                     ; --           ;                 ; --       ; --           ;
; AC4      ;            ;                ; GND                             ; gnd    ;              ;                     ; --           ;                 ; --       ; --           ;
; AC5      ; 46         ; 3A             ; #TCK                            ; input  ;              ;                     ; --           ;                 ; --       ; --           ;
; AC6      ;            ;                ; GND                             ; gnd    ;              ;                     ; --           ;                 ; --       ; --           ;
; AC7      ; 45         ; 3A             ; ^AS_DATA3, DATA3                ;        ;              ;                     ; Weak Pull Up ;                 ; --       ; On           ;
; AC8      ;            ;                ; GND                             ; gnd    ;              ;                     ; --           ;                 ; --       ; --           ;
; AC9      ; 58         ; 3A             ; RESERVED_INPUT_WITH_WEAK_PULLUP ;        ;              ;                     ; Column I/O   ;                 ; no       ; On           ;
; AC10     ;            ; 3A             ; VCCPD3A                         ; power  ;              ; 2.5V                ; --           ;                 ; --       ; --           ;
; AC11     ;            ; 3A             ; VCCIO3A                         ; power  ;              ; 2.5V                ; --           ;                 ; --       ; --           ;
; AC12     ; 82         ; 3A             ; img_sel[0]                      ; input  ; 3.3-V LVTTL  ;                     ; Column I/O   ; Y               ; no       ; Off          ;
; AC13     ;            ; 3B, 4A         ; VCCPD3B4A                       ; power  ;              ; 3.3V                ; --           ;                 ; --       ; --           ;
; AC14     ; 104        ; 3B             ; RESERVED_INPUT_WITH_WEAK_PULLUP ;        ;              ;                     ; Column I/O   ;                 ; no       ; On           ;
; AC15     ;            ; 3B, 4A         ; VCCPD3B4A                       ; power  ;              ; 3.3V                ; --           ;                 ; --       ; --           ;
; AC16     ;            ;                ; GND                             ; gnd    ;              ;                     ; --           ;                 ; --       ; --           ;
; AC17     ;            ; 3B, 4A         ; VCCPD3B4A                       ; power  ;              ; 3.3V                ; --           ;                 ; --       ; --           ;
; AC18     ; 162        ; 4A             ; RESERVED_INPUT_WITH_WEAK_PULLUP ;        ;              ;                     ; Column I/O   ;                 ; no       ; On           ;
; AC19     ;            ; 3B, 4A         ; VCCPD3B4A                       ; power  ;              ; 3.3V                ; --           ;                 ; --       ; --           ;
; AC20     ; 186        ; 4A             ; RESERVED_INPUT_WITH_WEAK_PULLUP ;        ;              ;                     ; Column I/O   ;                 ; no       ; On           ;
; AC21     ;            ; 4A             ; VCCIO4A                         ; power  ;              ; 3.3V                ; --           ;                 ; --       ; --           ;
; AC22     ; 207        ; 4A             ; RESERVED_INPUT_WITH_WEAK_PULLUP ;        ;              ;                     ; Column I/O   ;                 ; no       ; On           ;
; AC23     ; 205        ; 4A             ; RESERVED_INPUT_WITH_WEAK_PULLUP ;        ;              ;                     ; Column I/O   ;                 ; no       ; On           ;
; AC24     ;            ; 5A             ; VREFB5AN0                       ; power  ;              ;                     ; --           ;                 ; --       ; --           ;
; AC25     ; 215        ; 5A             ; RESERVED_INPUT_WITH_WEAK_PULLUP ;        ;              ;                     ; Row I/O      ;                 ; no       ; On           ;
; AC26     ;            ;                ; GND                             ; gnd    ;              ;                     ; --           ;                 ; --       ; --           ;
; AC27     ; 242        ; 5A             ; RESERVED_INPUT_WITH_WEAK_PULLUP ;        ;              ;                     ; Row I/O      ;                 ; no       ; On           ;
; AC28     ; 245        ; 5B             ; seg3[3]                         ; output ; 3.3-V LVTTL  ;                     ; Row I/O      ; Y               ; no       ; Off          ;
; AC29     ; 247        ; 5B             ; seg3[5]                         ; output ; 3.3-V LVTTL  ;                     ; Row I/O      ; Y               ; no       ; Off          ;
; AC30     ; 259        ; 5B             ; seg3[6]                         ; output ; 3.3-V LVTTL  ;                     ; Row I/O      ; Y               ; no       ; Off          ;
; AD1      ;            ;                ; GND                             ; gnd    ;              ;                     ; --           ;                 ; --       ; --           ;
; AD2      ;            ;                ; GND                             ; gnd    ;              ;                     ; --           ;                 ; --       ; --           ;
; AD3      ;            ;                ; DNU                             ;        ;              ;                     ; --           ;                 ; --       ; --           ;
; AD4      ;            ;                ; DNU                             ;        ;              ;                     ; --           ;                 ; --       ; --           ;
; AD5      ;            ;                ; GND                             ; gnd    ;              ;                     ; --           ;                 ; --       ; --           ;
; AD6      ;            ; 3A             ; VREFB3AN0                       ; power  ;              ;                     ; --           ;                 ; --       ; --           ;
; AD7      ; 62         ; 3A             ; RESERVED_INPUT_WITH_WEAK_PULLUP ;        ;              ;                     ; Column I/O   ;                 ; no       ; On           ;
; AD8      ;            ; 3A             ; VCCIO3A                         ; power  ;              ; 2.5V                ; --           ;                 ; --       ; --           ;
; AD9      ; 55         ; 3A             ; RESERVED_INPUT_WITH_WEAK_PULLUP ;        ;              ;                     ; Column I/O   ;                 ; no       ; On           ;
; AD10     ; 56         ; 3A             ; RESERVED_INPUT_WITH_WEAK_PULLUP ;        ;              ;                     ; Column I/O   ;                 ; no       ; On           ;
; AD11     ; 54         ; 3A             ; RESERVED_INPUT_WITH_WEAK_PULLUP ;        ;              ;                     ; Column I/O   ;                 ; no       ; On           ;
; AD12     ; 80         ; 3A             ; new_pix_ff[2]                   ; output ; 2.5 V        ;                     ; Column I/O   ; N               ; no       ; Off          ;
; AD13     ;            ; 3B             ; VCCIO3B                         ; power  ;              ; 3.3V                ; --           ;                 ; --       ; --           ;
; AD14     ; 98         ; 3B             ; RESERVED_INPUT_WITH_WEAK_PULLUP ;        ;              ;                     ; Column I/O   ;                 ; no       ; On           ;
; AD15     ;            ;                ; DNU                             ;        ;              ;                     ; --           ;                 ; --       ; --           ;
; AD16     ;            ; 3B, 4A         ; VCCPD3B4A                       ; power  ;              ; 3.3V                ; --           ;                 ; --       ; --           ;
; AD17     ; 160        ; 4A             ; RESERVED_INPUT_WITH_WEAK_PULLUP ;        ;              ;                     ; Column I/O   ;                 ; no       ; On           ;
; AD18     ;            ; 4A             ; VCCIO4A                         ; power  ;              ; 3.3V                ; --           ;                 ; --       ; --           ;
; AD19     ; 184        ; 4A             ; RESERVED_INPUT_WITH_WEAK_PULLUP ;        ;              ;                     ; Column I/O   ;                 ; no       ; On           ;
; AD20     ; 199        ; 4A             ; RESERVED_INPUT_WITH_WEAK_PULLUP ;        ;              ;                     ; Column I/O   ;                 ; no       ; On           ;
; AD21     ; 197        ; 4A             ; RESERVED_INPUT_WITH_WEAK_PULLUP ;        ;              ;                     ; Column I/O   ;                 ; no       ; On           ;
; AD22     ;            ; --             ; VCC_AUX                         ; power  ;              ; 2.5V                ; --           ;                 ; --       ; --           ;
; AD23     ;            ;                ; GND                             ; gnd    ;              ;                     ; --           ;                 ; --       ; --           ;
; AD24     ; 211        ; 4A             ; RESERVED_INPUT_WITH_WEAK_PULLUP ;        ;              ;                     ; Column I/O   ;                 ; no       ; On           ;
; AD25     ; 213        ; 5A             ; RESERVED_INPUT_WITH_WEAK_PULLUP ;        ;              ;                     ; Row I/O      ;                 ; no       ; On           ;
; AD26     ; 240        ; 5A             ; RESERVED_INPUT_WITH_WEAK_PULLUP ;        ;              ;                     ; Row I/O      ;                 ; no       ; On           ;
; AD27     ; 222        ; 5A             ; seg2[6]                         ; output ; 3.3-V LVTTL  ;                     ; Row I/O      ; Y               ; no       ; Off          ;
; AD28     ;            ; 5A             ; VCCIO5A                         ; power  ;              ; 3.3V                ; --           ;                 ; --       ; --           ;
; AD29     ; 255        ; 5B             ; seg3[2]                         ; output ; 3.3-V LVTTL  ;                     ; Row I/O      ; Y               ; no       ; Off          ;
; AD30     ; 257        ; 5B             ; seg3[4]                         ; output ; 3.3-V LVTTL  ;                     ; Row I/O      ; Y               ; no       ; Off          ;
; AE1      ;            ;                ; GND                             ; gnd    ;              ;                     ; --           ;                 ; --       ; --           ;
; AE2      ;            ;                ; GND                             ; gnd    ;              ;                     ; --           ;                 ; --       ; --           ;
; AE3      ;            ;                ; GND                             ; gnd    ;              ;                     ; --           ;                 ; --       ; --           ;
; AE4      ;            ;                ; GND                             ; gnd    ;              ;                     ; --           ;                 ; --       ; --           ;
; AE5      ; 49         ; 3A             ; ^AS_DATA1, DATA1                ;        ;              ;                     ; Weak Pull Up ;                 ; --       ; On           ;
; AE6      ; 51         ; 3A             ; ^AS_DATA0, ASDO, DATA0          ;        ;              ;                     ; Weak Pull Up ;                 ; --       ; On           ;
; AE7      ; 60         ; 3A             ; new_pix_ff[5]                   ; output ; 2.5 V        ;                     ; Column I/O   ; N               ; no       ; Off          ;
; AE8      ; 47         ; 3A             ; ^AS_DATA2, DATA2                ;        ;              ;                     ; Weak Pull Up ;                 ; --       ; On           ;
; AE9      ; 53         ; 3A             ; RESERVED_INPUT_WITH_WEAK_PULLUP ;        ;              ;                     ; Column I/O   ;                 ; no       ; On           ;
; AE10     ;            ;                ; GND                             ; gnd    ;              ;                     ; --           ;                 ; --       ; --           ;
; AE11     ; 59         ; 3A             ; RESERVED_INPUT_WITH_WEAK_PULLUP ;        ;              ;                     ; Column I/O   ;                 ; no       ; On           ;
; AE12     ; 52         ; 3A             ; RESERVED_INPUT_WITH_WEAK_PULLUP ;        ;              ;                     ; Column I/O   ;                 ; no       ; On           ;
; AE13     ; 95         ; 3B             ; RESERVED_INPUT_WITH_WEAK_PULLUP ;        ;              ;                     ; Column I/O   ;                 ; no       ; On           ;
; AE14     ; 96         ; 3B             ; RESERVED_INPUT_WITH_WEAK_PULLUP ;        ;              ;                     ; Column I/O   ;                 ; no       ; On           ;
; AE15     ;            ; 3B             ; VCCIO3B                         ; power  ;              ; 3.3V                ; --           ;                 ; --       ; --           ;
; AE16     ; 139        ; 4A             ; RESERVED_INPUT_WITH_WEAK_PULLUP ;        ;              ;                     ; Column I/O   ;                 ; no       ; On           ;
; AE17     ; 135        ; 4A             ; RESERVED_INPUT_WITH_WEAK_PULLUP ;        ;              ;                     ; Column I/O   ;                 ; no       ; On           ;
; AE18     ; 167        ; 4A             ; RESERVED_INPUT_WITH_WEAK_PULLUP ;        ;              ;                     ; Column I/O   ;                 ; no       ; On           ;
; AE19     ; 165        ; 4A             ; RESERVED_INPUT_WITH_WEAK_PULLUP ;        ;              ;                     ; Column I/O   ;                 ; no       ; On           ;
; AE20     ;            ;                ; GND                             ; gnd    ;              ;                     ; --           ;                 ; --       ; --           ;
; AE21     ;            ; 3B, 4A         ; VCCPD3B4A                       ; power  ;              ; 3.3V                ; --           ;                 ; --       ; --           ;
; AE22     ; 191        ; 4A             ; RESERVED_INPUT_WITH_WEAK_PULLUP ;        ;              ;                     ; Column I/O   ;                 ; no       ; On           ;
; AE23     ; 189        ; 4A             ; RESERVED_INPUT_WITH_WEAK_PULLUP ;        ;              ;                     ; Column I/O   ;                 ; no       ; On           ;
; AE24     ; 209        ; 4A             ; RESERVED_INPUT_WITH_WEAK_PULLUP ;        ;              ;                     ; Column I/O   ;                 ; no       ; On           ;
; AE25     ;            ; 4A             ; VCCIO4A                         ; power  ;              ; 3.3V                ; --           ;                 ; --       ; --           ;
; AE26     ; 220        ; 5A             ; seg1[0]                         ; output ; 3.3-V LVTTL  ;                     ; Row I/O      ; Y               ; no       ; Off          ;
; AE27     ; 229        ; 5A             ; seg1[1]                         ; output ; 3.3-V LVTTL  ;                     ; Row I/O      ; Y               ; no       ; Off          ;
; AE28     ; 231        ; 5A             ; seg1[2]                         ; output ; 3.3-V LVTTL  ;                     ; Row I/O      ; Y               ; no       ; Off          ;
; AE29     ; 253        ; 5B             ; seg3[1]                         ; output ; 3.3-V LVTTL  ;                     ; Row I/O      ; Y               ; no       ; Off          ;
; AE30     ;            ; 5B             ; VCCIO5B                         ; power  ;              ; 3.3V                ; --           ;                 ; --       ; --           ;
; AF1      ;            ;                ; GND                             ; gnd    ;              ;                     ; --           ;                 ; --       ; --           ;
; AF2      ;            ;                ; GND                             ; gnd    ;              ;                     ; --           ;                 ; --       ; --           ;
; AF3      ;            ;                ; GND                             ; gnd    ;              ;                     ; --           ;                 ; --       ; --           ;
; AF4      ; 66         ; 3A             ; RESERVED_INPUT_WITH_WEAK_PULLUP ;        ;              ;                     ; Column I/O   ;                 ; no       ; On           ;
; AF5      ; 64         ; 3A             ; RESERVED_INPUT_WITH_WEAK_PULLUP ;        ;              ;                     ; Column I/O   ;                 ; no       ; On           ;
; AF6      ; 75         ; 3A             ; RESERVED_INPUT_WITH_WEAK_PULLUP ;        ;              ;                     ; Column I/O   ;                 ; no       ; On           ;
; AF7      ;            ; 3A             ; VCCIO3A                         ; power  ;              ; 2.5V                ; --           ;                 ; --       ; --           ;
; AF8      ; 70         ; 3A             ; outclk_150                      ; output ; 2.5 V        ;                     ; Column I/O   ; N               ; no       ; Off          ;
; AF9      ; 67         ; 3A             ; img_sel[1]                      ; input  ; 3.3-V LVTTL  ;                     ; Column I/O   ; Y               ; no       ; Off          ;
; AF10     ; 57         ; 3A             ; RESERVED_INPUT_WITH_WEAK_PULLUP ;        ;              ;                     ; Column I/O   ;                 ; no       ; On           ;
; AF11     ; 87         ; 3B             ; RESERVED_INPUT_WITH_WEAK_PULLUP ;        ;              ;                     ; Column I/O   ;                 ; no       ; On           ;
; AF12     ;            ;                ; GND                             ; gnd    ;              ;                     ; --           ;                 ; --       ; --           ;
; AF13     ; 93         ; 3B             ; RESERVED_INPUT_WITH_WEAK_PULLUP ;        ;              ;                     ; Column I/O   ;                 ; no       ; On           ;
; AF14     ; 114        ; 3B             ; clk                             ; input  ; 3.3-V LVTTL  ;                     ; Column I/O   ; Y               ; no       ; Off          ;
; AF15     ; 112        ; 3B             ; RESERVED_INPUT_WITH_WEAK_PULLUP ;        ;              ;                     ; Column I/O   ;                 ; no       ; On           ;
; AF16     ; 137        ; 4A             ; RESERVED_INPUT_WITH_WEAK_PULLUP ;        ;              ;                     ; Column I/O   ;                 ; no       ; On           ;
; AF17     ;            ;                ; GND                             ; gnd    ;              ;                     ; --           ;                 ; --       ; --           ;
; AF18     ; 133        ; 4A             ; RESERVED_INPUT_WITH_WEAK_PULLUP ;        ;              ;                     ; Column I/O   ;                 ; no       ; On           ;
; AF19     ; 159        ; 4A             ; RESERVED_INPUT_WITH_WEAK_PULLUP ;        ;              ;                     ; Column I/O   ;                 ; no       ; On           ;
; AF20     ; 175        ; 4A             ; RESERVED_INPUT_WITH_WEAK_PULLUP ;        ;              ;                     ; Column I/O   ;                 ; no       ; On           ;
; AF21     ; 173        ; 4A             ; RESERVED_INPUT_WITH_WEAK_PULLUP ;        ;              ;                     ; Column I/O   ;                 ; no       ; On           ;
; AF22     ;            ; 4A             ; VCCIO4A                         ; power  ;              ; 3.3V                ; --           ;                 ; --       ; --           ;
; AF23     ; 183        ; 4A             ; RESERVED_INPUT_WITH_WEAK_PULLUP ;        ;              ;                     ; Column I/O   ;                 ; no       ; On           ;
; AF24     ; 181        ; 4A             ; RESERVED_INPUT_WITH_WEAK_PULLUP ;        ;              ;                     ; Column I/O   ;                 ; no       ; On           ;
; AF25     ; 206        ; 4A             ; RESERVED_INPUT_WITH_WEAK_PULLUP ;        ;              ;                     ; Column I/O   ;                 ; no       ; On           ;
; AF26     ; 204        ; 4A             ; RESERVED_INPUT_WITH_WEAK_PULLUP ;        ;              ;                     ; Column I/O   ;                 ; no       ; On           ;
; AF27     ;            ;                ; GND                             ; gnd    ;              ;                     ; --           ;                 ; --       ; --           ;
; AF28     ; 235        ; 5A             ; seg1[4]                         ; output ; 3.3-V LVTTL  ;                     ; Row I/O      ; Y               ; no       ; Off          ;
; AF29     ; 237        ; 5A             ; seg2[4]                         ; output ; 3.3-V LVTTL  ;                     ; Row I/O      ; Y               ; no       ; Off          ;
; AF30     ; 239        ; 5A             ; seg2[5]                         ; output ; 3.3-V LVTTL  ;                     ; Row I/O      ; Y               ; no       ; Off          ;
; AG1      ; 71         ; 3A             ; new_pix_ff[7]                   ; output ; 2.5 V        ;                     ; Column I/O   ; N               ; no       ; Off          ;
; AG2      ; 83         ; 3A             ; new_pix_ff[4]                   ; output ; 2.5 V        ;                     ; Column I/O   ; N               ; no       ; Off          ;
; AG3      ; 63         ; 3A             ; new_pix_ff[3]                   ; output ; 2.5 V        ;                     ; Column I/O   ; N               ; no       ; Off          ;
; AG4      ;            ; 3A             ; VCCIO3A                         ; power  ;              ; 2.5V                ; --           ;                 ; --       ; --           ;
; AG5      ; 78         ; 3A             ; RESERVED_INPUT_WITH_WEAK_PULLUP ;        ;              ;                     ; Column I/O   ;                 ; no       ; On           ;
; AG6      ; 73         ; 3A             ; new_pix_ff[0]                   ; output ; 2.5 V        ;                     ; Column I/O   ; N               ; no       ; Off          ;
; AG7      ; 68         ; 3A             ; RESERVED_INPUT_WITH_WEAK_PULLUP ;        ;              ;                     ; Column I/O   ;                 ; no       ; On           ;
; AG8      ; 65         ; 3A             ; RESERVED_INPUT_WITH_WEAK_PULLUP ;        ;              ;                     ; Column I/O   ;                 ; no       ; On           ;
; AG9      ;            ;                ; GND                             ; gnd    ;              ;                     ; --           ;                 ; --       ; --           ;
; AG10     ; 86         ; 3B             ; RESERVED_INPUT_WITH_WEAK_PULLUP ;        ;              ;                     ; Column I/O   ;                 ; no       ; On           ;
; AG11     ; 85         ; 3B             ; RESERVED_INPUT_WITH_WEAK_PULLUP ;        ;              ;                     ; Column I/O   ;                 ; no       ; On           ;
; AG12     ; 103        ; 3B             ; RESERVED_INPUT_WITH_WEAK_PULLUP ;        ;              ;                     ; Column I/O   ;                 ; no       ; On           ;
; AG13     ; 101        ; 3B             ; RESERVED_INPUT_WITH_WEAK_PULLUP ;        ;              ;                     ; Column I/O   ;                 ; no       ; On           ;
; AG14     ;            ;                ; GND                             ; gnd    ;              ;                     ; --           ;                 ; --       ; --           ;
; AG15     ; 127        ; 3B             ; RESERVED_INPUT_WITH_WEAK_PULLUP ;        ;              ;                     ; Column I/O   ;                 ; no       ; On           ;
; AG16     ; 134        ; 4A             ; RESERVED_INPUT_WITH_WEAK_PULLUP ;        ;              ;                     ; Column I/O   ;                 ; no       ; On           ;
; AG17     ; 132        ; 4A             ; RESERVED_INPUT_WITH_WEAK_PULLUP ;        ;              ;                     ; Column I/O   ;                 ; no       ; On           ;
; AG18     ; 150        ; 4A             ; RESERVED_INPUT_WITH_WEAK_PULLUP ;        ;              ;                     ; Column I/O   ;                 ; no       ; On           ;
; AG19     ;            ; 4A             ; VCCIO4A                         ; power  ;              ; 3.3V                ; --           ;                 ; --       ; --           ;
; AG20     ; 157        ; 4A             ; RESERVED_INPUT_WITH_WEAK_PULLUP ;        ;              ;                     ; Column I/O   ;                 ; no       ; On           ;
; AG21     ; 143        ; 4A             ; RESERVED_INPUT_WITH_WEAK_PULLUP ;        ;              ;                     ; Column I/O   ;                 ; no       ; On           ;
; AG22     ; 166        ; 4A             ; RESERVED_INPUT_WITH_WEAK_PULLUP ;        ;              ;                     ; Column I/O   ;                 ; no       ; On           ;
; AG23     ; 163        ; 4A             ; seg2[7]                         ; output ; 3.3-V LVTTL  ;                     ; Column I/O   ; N               ; no       ; Off          ;
; AG24     ;            ;                ; GND                             ; gnd    ;              ;                     ; --           ;                 ; --       ; --           ;
; AG25     ; 190        ; 4A             ; RESERVED_INPUT_WITH_WEAK_PULLUP ;        ;              ;                     ; Column I/O   ;                 ; no       ; On           ;
; AG26     ; 203        ; 4A             ; RESERVED_INPUT_WITH_WEAK_PULLUP ;        ;              ;                     ; Column I/O   ;                 ; no       ; On           ;
; AG27     ; 212        ; 5A             ; seg1[3]                         ; output ; 3.3-V LVTTL  ;                     ; Row I/O      ; Y               ; no       ; Off          ;
; AG28     ; 233        ; 5A             ; seg1[5]                         ; output ; 3.3-V LVTTL  ;                     ; Row I/O      ; Y               ; no       ; Off          ;
; AG29     ;            ; 5A             ; VCCIO5A                         ; power  ;              ; 3.3V                ; --           ;                 ; --       ; --           ;
; AG30     ; 243        ; 5A             ; seg2[3]                         ; output ; 3.3-V LVTTL  ;                     ; Row I/O      ; Y               ; no       ; Off          ;
; AH1      ;            ;                ; GND                             ; gnd    ;              ;                     ; --           ;                 ; --       ; --           ;
; AH2      ; 69         ; 3A             ; RESERVED_INPUT_WITH_WEAK_PULLUP ;        ;              ;                     ; Column I/O   ;                 ; no       ; On           ;
; AH3      ; 81         ; 3A             ; RESERVED_INPUT_WITH_WEAK_PULLUP ;        ;              ;                     ; Column I/O   ;                 ; no       ; On           ;
; AH4      ; 61         ; 3A             ; RESERVED_INPUT_WITH_WEAK_PULLUP ;        ;              ;                     ; Column I/O   ;                 ; no       ; On           ;
; AH5      ; 76         ; 3A             ; new_pix_ff[1]                   ; output ; 2.5 V        ;                     ; Column I/O   ; N               ; no       ; Off          ;
; AH6      ;            ;                ; GND                             ; gnd    ;              ;                     ; --           ;                 ; --       ; --           ;
; AH7      ; 115        ; 3B             ; RESERVED_INPUT_WITH_WEAK_PULLUP ;        ;              ;                     ; Column I/O   ;                 ; no       ; On           ;
; AH8      ; 113        ; 3B             ; RESERVED_INPUT_WITH_WEAK_PULLUP ;        ;              ;                     ; Column I/O   ;                 ; no       ; On           ;
; AH9      ; 84         ; 3B             ; RESERVED_INPUT_WITH_WEAK_PULLUP ;        ;              ;                     ; Column I/O   ;                 ; no       ; On           ;
; AH10     ; 118        ; 3B             ; RESERVED_INPUT_WITH_WEAK_PULLUP ;        ;              ;                     ; Column I/O   ;                 ; no       ; On           ;
; AH11     ;            ;                ; GND                             ; gnd    ;              ;                     ; --           ;                 ; --       ; --           ;
; AH12     ; 126        ; 3B             ; RESERVED_INPUT_WITH_WEAK_PULLUP ;        ;              ;                     ; Column I/O   ;                 ; no       ; On           ;
; AH13     ; 111        ; 3B             ; RESERVED_INPUT_WITH_WEAK_PULLUP ;        ;              ;                     ; Column I/O   ;                 ; no       ; On           ;
; AH14     ; 109        ; 3B             ; RESERVED_INPUT_WITH_WEAK_PULLUP ;        ;              ;                     ; Column I/O   ;                 ; no       ; On           ;
; AH15     ; 125        ; 3B             ; RESERVED_INPUT_WITH_WEAK_PULLUP ;        ;              ;                     ; Column I/O   ;                 ; no       ; On           ;
; AH16     ;            ; 4A             ; VCCIO4A                         ; power  ;              ; 3.3V                ; --           ;                 ; --       ; --           ;
; AH17     ; 147        ; 4A             ; RESERVED_INPUT_WITH_WEAK_PULLUP ;        ;              ;                     ; Column I/O   ;                 ; no       ; On           ;
; AH18     ; 145        ; 4A             ; RESERVED_INPUT_WITH_WEAK_PULLUP ;        ;              ;                     ; Column I/O   ;                 ; no       ; On           ;
; AH19     ; 148        ; 4A             ; RESERVED_INPUT_WITH_WEAK_PULLUP ;        ;              ;                     ; Column I/O   ;                 ; no       ; On           ;
; AH20     ; 141        ; 4A             ; RESERVED_INPUT_WITH_WEAK_PULLUP ;        ;              ;                     ; Column I/O   ;                 ; no       ; On           ;
; AH21     ;            ;                ; GND                             ; gnd    ;              ;                     ; --           ;                 ; --       ; --           ;
; AH22     ; 164        ; 4A             ; RESERVED_INPUT_WITH_WEAK_PULLUP ;        ;              ;                     ; Column I/O   ;                 ; no       ; On           ;
; AH23     ; 174        ; 4A             ; RESERVED_INPUT_WITH_WEAK_PULLUP ;        ;              ;                     ; Column I/O   ;                 ; no       ; On           ;
; AH24     ; 161        ; 4A             ; RESERVED_INPUT_WITH_WEAK_PULLUP ;        ;              ;                     ; Column I/O   ;                 ; no       ; On           ;
; AH25     ; 188        ; 4A             ; RESERVED_INPUT_WITH_WEAK_PULLUP ;        ;              ;                     ; Column I/O   ;                 ; no       ; On           ;
; AH26     ;            ; 4A             ; VCCIO4A                         ; power  ;              ; 3.3V                ; --           ;                 ; --       ; --           ;
; AH27     ; 201        ; 4A             ; RESERVED_INPUT_WITH_WEAK_PULLUP ;        ;              ;                     ; Column I/O   ;                 ; no       ; On           ;
; AH28     ; 214        ; 5A             ; seg1[6]                         ; output ; 3.3-V LVTTL  ;                     ; Row I/O      ; Y               ; no       ; Off          ;
; AH29     ; 218        ; 5A             ; seg2[1]                         ; output ; 3.3-V LVTTL  ;                     ; Row I/O      ; Y               ; no       ; Off          ;
; AH30     ; 241        ; 5A             ; seg2[2]                         ; output ; 3.3-V LVTTL  ;                     ; Row I/O      ; Y               ; no       ; Off          ;
; AJ1      ; 79         ; 3A             ; RESERVED_INPUT_WITH_WEAK_PULLUP ;        ;              ;                     ; Column I/O   ;                 ; no       ; On           ;
; AJ2      ; 77         ; 3A             ; RESERVED_INPUT_WITH_WEAK_PULLUP ;        ;              ;                     ; Column I/O   ;                 ; no       ; On           ;
; AJ3      ;            ;                ; GND                             ; gnd    ;              ;                     ; --           ;                 ; --       ; --           ;
; AJ4      ; 94         ; 3B             ; RESERVED_INPUT_WITH_WEAK_PULLUP ;        ;              ;                     ; Column I/O   ;                 ; no       ; On           ;
; AJ5      ; 99         ; 3B             ; RESERVED_INPUT_WITH_WEAK_PULLUP ;        ;              ;                     ; Column I/O   ;                 ; no       ; On           ;
; AJ6      ; 102        ; 3B             ; RESERVED_INPUT_WITH_WEAK_PULLUP ;        ;              ;                     ; Column I/O   ;                 ; no       ; On           ;
; AJ7      ; 100        ; 3B             ; RESERVED_INPUT_WITH_WEAK_PULLUP ;        ;              ;                     ; Column I/O   ;                 ; no       ; On           ;
; AJ8      ;            ; 3B             ; VCCIO3B                         ; power  ;              ; 3.3V                ; --           ;                 ; --       ; --           ;
; AJ9      ; 110        ; 3B             ; RESERVED_INPUT_WITH_WEAK_PULLUP ;        ;              ;                     ; Column I/O   ;                 ; no       ; On           ;
; AJ10     ; 116        ; 3B             ; RESERVED_INPUT_WITH_WEAK_PULLUP ;        ;              ;                     ; Column I/O   ;                 ; no       ; On           ;
; AJ11     ; 119        ; 3B             ; RESERVED_INPUT_WITH_WEAK_PULLUP ;        ;              ;                     ; Column I/O   ;                 ; no       ; On           ;
; AJ12     ; 124        ; 3B             ; RESERVED_INPUT_WITH_WEAK_PULLUP ;        ;              ;                     ; Column I/O   ;                 ; no       ; On           ;
; AJ13     ;            ; 3B             ; VCCIO3B                         ; power  ;              ; 3.3V                ; --           ;                 ; --       ; --           ;
; AJ14     ; 131        ; 3B             ; RESERVED_INPUT_WITH_WEAK_PULLUP ;        ;              ;                     ; Column I/O   ;                 ; no       ; On           ;
; AJ15     ;            ; 3B             ; VREFB3BN0                       ; power  ;              ;                     ; --           ;                 ; --       ; --           ;
; AJ16     ; 142        ; 4A             ; RESERVED_INPUT_WITH_WEAK_PULLUP ;        ;              ;                     ; Column I/O   ;                 ; no       ; On           ;
; AJ17     ; 151        ; 4A             ; RESERVED_INPUT_WITH_WEAK_PULLUP ;        ;              ;                     ; Column I/O   ;                 ; no       ; On           ;
; AJ18     ;            ;                ; GND                             ; gnd    ;              ;                     ; --           ;                 ; --       ; --           ;
; AJ19     ; 155        ; 4A             ; RESERVED_INPUT_WITH_WEAK_PULLUP ;        ;              ;                     ; Column I/O   ;                 ; no       ; On           ;
; AJ20     ; 158        ; 4A             ; RESERVED_INPUT_WITH_WEAK_PULLUP ;        ;              ;                     ; Column I/O   ;                 ; no       ; On           ;
; AJ21     ; 156        ; 4A             ; RESERVED_INPUT_WITH_WEAK_PULLUP ;        ;              ;                     ; Column I/O   ;                 ; no       ; On           ;
; AJ22     ; 172        ; 4A             ; RESERVED_INPUT_WITH_WEAK_PULLUP ;        ;              ;                     ; Column I/O   ;                 ; no       ; On           ;
; AJ23     ;            ; 4A             ; VCCIO4A                         ; power  ;              ; 3.3V                ; --           ;                 ; --       ; --           ;
; AJ24     ; 182        ; 4A             ; RESERVED_INPUT_WITH_WEAK_PULLUP ;        ;              ;                     ; Column I/O   ;                 ; no       ; On           ;
; AJ25     ; 180        ; 4A             ; RESERVED_INPUT_WITH_WEAK_PULLUP ;        ;              ;                     ; Column I/O   ;                 ; no       ; On           ;
; AJ26     ; 187        ; 4A             ; RESERVED_INPUT_WITH_WEAK_PULLUP ;        ;              ;                     ; Column I/O   ;                 ; no       ; On           ;
; AJ27     ; 195        ; 4A             ; RESERVED_INPUT_WITH_WEAK_PULLUP ;        ;              ;                     ; Column I/O   ;                 ; no       ; On           ;
; AJ28     ;            ;                ; GND                             ; gnd    ;              ;                     ; --           ;                 ; --       ; --           ;
; AJ29     ; 216        ; 5A             ; seg2[0]                         ; output ; 3.3-V LVTTL  ;                     ; Row I/O      ; Y               ; no       ; Off          ;
; AJ30     ;            ;                ; GND                             ; gnd    ;              ;                     ; --           ;                 ; --       ; --           ;
; AK2      ; 91         ; 3B             ; RESERVED_INPUT_WITH_WEAK_PULLUP ;        ;              ;                     ; Column I/O   ;                 ; no       ; On           ;
; AK3      ; 89         ; 3B             ; RESERVED_INPUT_WITH_WEAK_PULLUP ;        ;              ;                     ; Column I/O   ;                 ; no       ; On           ;
; AK4      ; 92         ; 3B             ; RESERVED_INPUT_WITH_WEAK_PULLUP ;        ;              ;                     ; Column I/O   ;                 ; no       ; On           ;
; AK5      ;            ;                ; GND                             ; gnd    ;              ;                     ; --           ;                 ; --       ; --           ;
; AK6      ; 97         ; 3B             ; RESERVED_INPUT_WITH_WEAK_PULLUP ;        ;              ;                     ; Column I/O   ;                 ; no       ; On           ;
; AK7      ; 107        ; 3B             ; RESERVED_INPUT_WITH_WEAK_PULLUP ;        ;              ;                     ; Column I/O   ;                 ; no       ; On           ;
; AK8      ; 105        ; 3B             ; RESERVED_INPUT_WITH_WEAK_PULLUP ;        ;              ;                     ; Column I/O   ;                 ; no       ; On           ;
; AK9      ; 108        ; 3B             ; RESERVED_INPUT_WITH_WEAK_PULLUP ;        ;              ;                     ; Column I/O   ;                 ; no       ; On           ;
; AK10     ;            ; 3B             ; VCCIO3B                         ; power  ;              ; 3.3V                ; --           ;                 ; --       ; --           ;
; AK11     ; 117        ; 3B             ; RESERVED_INPUT_WITH_WEAK_PULLUP ;        ;              ;                     ; Column I/O   ;                 ; no       ; On           ;
; AK12     ; 123        ; 3B             ; RESERVED_INPUT_WITH_WEAK_PULLUP ;        ;              ;                     ; Column I/O   ;                 ; no       ; On           ;
; AK13     ; 121        ; 3B             ; RESERVED_INPUT_WITH_WEAK_PULLUP ;        ;              ;                     ; Column I/O   ;                 ; no       ; On           ;
; AK14     ; 129        ; 3B             ; RESERVED_INPUT_WITH_WEAK_PULLUP ;        ;              ;                     ; Column I/O   ;                 ; no       ; On           ;
; AK15     ;            ;                ; GND                             ; gnd    ;              ;                     ; --           ;                 ; --       ; --           ;
; AK16     ; 140        ; 4A             ; RESERVED_INPUT_WITH_WEAK_PULLUP ;        ;              ;                     ; Column I/O   ;                 ; no       ; On           ;
; AK17     ;            ; 4A             ; VREFB4AN0                       ; power  ;              ;                     ; --           ;                 ; --       ; --           ;
; AK18     ; 149        ; 4A             ; RESERVED_INPUT_WITH_WEAK_PULLUP ;        ;              ;                     ; Column I/O   ;                 ; no       ; On           ;
; AK19     ; 153        ; 4A             ; RESERVED_INPUT_WITH_WEAK_PULLUP ;        ;              ;                     ; Column I/O   ;                 ; no       ; On           ;
; AK20     ;            ; 4A             ; VCCIO4A                         ; power  ;              ; 3.3V                ; --           ;                 ; --       ; --           ;
; AK21     ; 171        ; 4A             ; RESERVED_INPUT_WITH_WEAK_PULLUP ;        ;              ;                     ; Column I/O   ;                 ; no       ; On           ;
; AK22     ; 169        ; 4A             ; seg3[7]                         ; output ; 3.3-V LVTTL  ;                     ; Column I/O   ; N               ; no       ; Off          ;
; AK23     ; 179        ; 4A             ; RESERVED_INPUT_WITH_WEAK_PULLUP ;        ;              ;                     ; Column I/O   ;                 ; no       ; On           ;
; AK24     ; 177        ; 4A             ; RESERVED_INPUT_WITH_WEAK_PULLUP ;        ;              ;                     ; Column I/O   ;                 ; no       ; On           ;
; AK25     ;            ;                ; GND                             ; gnd    ;              ;                     ; --           ;                 ; --       ; --           ;
; AK26     ; 185        ; 4A             ; RESERVED_INPUT_WITH_WEAK_PULLUP ;        ;              ;                     ; Column I/O   ;                 ; no       ; On           ;
; AK27     ; 193        ; 4A             ; RESERVED_INPUT_WITH_WEAK_PULLUP ;        ;              ;                     ; Column I/O   ;                 ; no       ; On           ;
; AK28     ; 198        ; 4A             ; RESERVED_INPUT_WITH_WEAK_PULLUP ;        ;              ;                     ; Column I/O   ;                 ; no       ; On           ;
; AK29     ; 196        ; 4A             ; RESERVED_INPUT_WITH_WEAK_PULLUP ;        ;              ;                     ; Column I/O   ;                 ; no       ; On           ;
; B1       ; 509        ; 8A             ; RESERVED_INPUT_WITH_WEAK_PULLUP ;        ;              ;                     ; Column I/O   ;                 ; no       ; On           ;
; B2       ; 507        ; 8A             ; RESERVED_INPUT_WITH_WEAK_PULLUP ;        ;              ;                     ; Column I/O   ;                 ; no       ; On           ;
; B3       ; 513        ; 8A             ; RESERVED_INPUT_WITH_WEAK_PULLUP ;        ;              ;                     ; Column I/O   ;                 ; no       ; On           ;
; B4       ;            ; 8A             ; VCCIO8A                         ; power  ;              ; 3.3V                ; --           ;                 ; --       ; --           ;
; B5       ; 512        ; 8A             ; RESERVED_INPUT_WITH_WEAK_PULLUP ;        ;              ;                     ; Column I/O   ;                 ; no       ; On           ;
; B6       ; 510        ; 8A             ; RESERVED_INPUT_WITH_WEAK_PULLUP ;        ;              ;                     ; Column I/O   ;                 ; no       ; On           ;
; B7       ; 477        ; 8A             ; RESERVED_INPUT_WITH_WEAK_PULLUP ;        ;              ;                     ; Column I/O   ;                 ; no       ; On           ;
; B8       ; 481        ; 8A             ; RESERVED_INPUT_WITH_WEAK_PULLUP ;        ;              ;                     ; Column I/O   ;                 ; no       ; On           ;
; B9       ;            ;                ; GND                             ; gnd    ;              ;                     ; --           ;                 ; --       ; --           ;
; B10      ;            ; 8A             ; VREFB8AN0                       ; power  ;              ;                     ; --           ;                 ; --       ; --           ;
; B11      ; 469        ; 8A             ; VGA_HS                          ; output ; 3.3-V LVTTL  ;                     ; Column I/O   ; Y               ; no       ; Off          ;
; B12      ; 464        ; 8A             ; VGA_R[3]                        ; output ; 3.3-V LVTTL  ;                     ; Column I/O   ; Y               ; no       ; Off          ;
; B13      ; 459        ; 8A             ; VGA_B[0]                        ; output ; 3.3-V LVTTL  ;                     ; Column I/O   ; Y               ; no       ; Off          ;
; B14      ;            ;                ; GND                             ; gnd    ;              ;                     ; --           ;                 ; --       ; --           ;
; B15      ; 451        ; 7D             ; RESERVED_INPUT_WITH_WEAK_PULLUP ;        ;              ;                     ; Column I/O   ;                 ; no       ; On           ;
; B16      ; 441        ; 7C             ; RESERVED_INPUT_WITH_WEAK_PULLUP ;        ;              ;                     ; Column I/O   ;                 ; no       ; On           ;
; B17      ; 431        ; 7C             ; RESERVED_INPUT_WITH_WEAK_PULLUP ;        ;              ;                     ; Column I/O   ;                 ; no       ; On           ;
; B18      ; 418        ; 7B             ; RESERVED_INPUT_WITH_WEAK_PULLUP ;        ;              ;                     ; Column I/O   ;                 ; no       ; On           ;
; B19      ;            ;                ; GND                             ; gnd    ;              ;                     ; --           ;                 ; --       ; --           ;
; B20      ; 417        ; 7B             ; RESERVED_INPUT_WITH_WEAK_PULLUP ;        ;              ;                     ; Column I/O   ;                 ; no       ; On           ;
; B21      ; 413        ; 7B             ; RESERVED_INPUT_WITH_WEAK_PULLUP ;        ;              ;                     ; Column I/O   ;                 ; no       ; On           ;
; B22      ; 399        ; 7A             ; RESERVED_INPUT_WITH_WEAK_PULLUP ;        ;              ;                     ; Column I/O   ;                 ; no       ; On           ;
; B23      ; 397        ; 7A             ; RESERVED_INPUT_WITH_WEAK_PULLUP ;        ;              ;                     ; Column I/O   ;                 ; no       ; On           ;
; B24      ;            ;                ; GND                             ; gnd    ;              ;                     ; --           ;                 ; --       ; --           ;
; B25      ; 387        ; 7A             ; RESERVED_INPUT_WITH_WEAK_PULLUP ;        ;              ;                     ; Column I/O   ;                 ; no       ; On           ;
; B26      ; 386        ; 7A             ; RESERVED_INPUT_WITH_WEAK_PULLUP ;        ;              ;                     ; Column I/O   ;                 ; no       ; On           ;
; B27      ; 381        ; 7A             ; ^HPS_TDI                        ;        ;              ;                     ; --           ;                 ; --       ; --           ;
; B28      ; 376        ; 7A             ; ^HPS_TDO                        ;        ;              ;                     ; --           ;                 ; --       ; --           ;
; B29      ;            ;                ; GND                             ; gnd    ;              ;                     ; --           ;                 ; --       ; --           ;
; B30      ; 365        ; 6A             ; RESERVED_INPUT_WITH_WEAK_PULLUP ;        ;              ;                     ; Row I/O      ;                 ; no       ; On           ;
; C1       ;            ;                ; GND                             ; gnd    ;              ;                     ; --           ;                 ; --       ; --           ;
; C2       ; 517        ; 8A             ; RESERVED_INPUT_WITH_WEAK_PULLUP ;        ;              ;                     ; Column I/O   ;                 ; no       ; On           ;
; C3       ; 511        ; 8A             ; RESERVED_INPUT_WITH_WEAK_PULLUP ;        ;              ;                     ; Column I/O   ;                 ; no       ; On           ;
; C4       ; 501        ; 8A             ; RESERVED_INPUT_WITH_WEAK_PULLUP ;        ;              ;                     ; Column I/O   ;                 ; no       ; On           ;
; C5       ; 497        ; 8A             ; RESERVED_INPUT_WITH_WEAK_PULLUP ;        ;              ;                     ; Column I/O   ;                 ; no       ; On           ;
; C6       ;            ;                ; GND                             ; gnd    ;              ;                     ; --           ;                 ; --       ; --           ;
; C7       ; 475        ; 8A             ; RESERVED_INPUT_WITH_WEAK_PULLUP ;        ;              ;                     ; Column I/O   ;                 ; no       ; On           ;
; C8       ; 479        ; 8A             ; RESERVED_INPUT_WITH_WEAK_PULLUP ;        ;              ;                     ; Column I/O   ;                 ; no       ; On           ;
; C9       ; 485        ; 8A             ; RESERVED_INPUT_WITH_WEAK_PULLUP ;        ;              ;                     ; Column I/O   ;                 ; no       ; On           ;
; C10      ; 483        ; 8A             ; VGA_SYNC_N                      ; output ; 3.3-V LVTTL  ;                     ; Column I/O   ; Y               ; no       ; Off          ;
; C11      ;            ; 8A             ; VCCIO8A                         ; power  ;              ; 3.3V                ; --           ;                 ; --       ; --           ;
; C12      ; 467        ; 8A             ; VGA_R[4]                        ; output ; 3.3-V LVTTL  ;                     ; Column I/O   ; Y               ; no       ; Off          ;
; C13      ; 462        ; 8A             ; VGA_R[1]                        ; output ; 3.3-V LVTTL  ;                     ; Column I/O   ; Y               ; no       ; Off          ;
; C14      ; 448        ; 7D             ; RESERVED_INPUT_WITH_WEAK_PULLUP ;        ;              ;                     ; Column I/O   ;                 ; no       ; On           ;
; C15      ; 453        ; 7D             ; RESERVED_INPUT_WITH_WEAK_PULLUP ;        ;              ;                     ; Column I/O   ;                 ; no       ; On           ;
; C16      ;            ;                ; GND                             ; gnd    ;              ;                     ; --           ;                 ; --       ; --           ;
; C17      ; 433        ; 7C             ; RESERVED_INPUT_WITH_WEAK_PULLUP ;        ;              ;                     ; Column I/O   ;                 ; no       ; On           ;
; C18      ; 435        ; 7C             ; RESERVED_INPUT_WITH_WEAK_PULLUP ;        ;              ;                     ; Column I/O   ;                 ; no       ; On           ;
; C19      ; 427        ; 7B             ; RESERVED_INPUT_WITH_WEAK_PULLUP ;        ;              ;                     ; Column I/O   ;                 ; no       ; On           ;
; C20      ; 421        ; 7B             ; RESERVED_INPUT_WITH_WEAK_PULLUP ;        ;              ;                     ; Column I/O   ;                 ; no       ; On           ;
; C21      ;            ;                ; GND                             ; gnd    ;              ;                     ; --           ;                 ; --       ; --           ;
; C22      ; 396        ; 7A             ; RESERVED_INPUT_WITH_WEAK_PULLUP ;        ;              ;                     ; Column I/O   ;                 ; no       ; On           ;
; C23      ; 401        ; 7A             ; RESERVED_INPUT_WITH_WEAK_PULLUP ;        ;              ;                     ; Column I/O   ;                 ; no       ; On           ;
; C24      ; 393        ; 7A             ; RESERVED_INPUT_WITH_WEAK_PULLUP ;        ;              ;                     ; Column I/O   ;                 ; no       ; On           ;
; C25      ; 388        ; 7A             ; RESERVED_INPUT_WITH_WEAK_PULLUP ;        ;              ;                     ; Column I/O   ;                 ; no       ; On           ;
; C26      ;            ;                ; GND                             ; gnd    ;              ;                     ; --           ;                 ; --       ; --           ;
; C27      ; 374        ; 7A             ; ^HPS_nRST                       ;        ;              ;                     ; --           ;                 ; --       ; --           ;
; C28      ; 369        ; 6A             ; RESERVED_INPUT_WITH_WEAK_PULLUP ;        ;              ;                     ; Row I/O      ;                 ; no       ; On           ;
; C29      ; 367        ; 6A             ; RESERVED_INPUT_WITH_WEAK_PULLUP ;        ;              ;                     ; Row I/O      ;                 ; no       ; On           ;
; C30      ; 363        ; 6A             ; RESERVED_INPUT_WITH_WEAK_PULLUP ;        ;              ;                     ; Row I/O      ;                 ; no       ; On           ;
; D1       ; 529        ; 8A             ; RESERVED_INPUT_WITH_WEAK_PULLUP ;        ;              ;                     ; Column I/O   ;                 ; no       ; On           ;
; D2       ; 515        ; 8A             ; RESERVED_INPUT_WITH_WEAK_PULLUP ;        ;              ;                     ; Column I/O   ;                 ; no       ; On           ;
; D3       ;            ;                ; GND                             ; gnd    ;              ;                     ; --           ;                 ; --       ; --           ;
; D4       ; 521        ; 8A             ; RESERVED_INPUT_WITH_WEAK_PULLUP ;        ;              ;                     ; Column I/O   ;                 ; no       ; On           ;
; D5       ; 499        ; 8A             ; RESERVED_INPUT_WITH_WEAK_PULLUP ;        ;              ;                     ; Column I/O   ;                 ; no       ; On           ;
; D6       ; 495        ; 8A             ; RESERVED_INPUT_WITH_WEAK_PULLUP ;        ;              ;                     ; Column I/O   ;                 ; no       ; On           ;
; D7       ; 505        ; 8A             ; RESERVED_INPUT_WITH_WEAK_PULLUP ;        ;              ;                     ; Column I/O   ;                 ; no       ; On           ;
; D8       ;            ; 8A             ; VCCIO8A                         ; power  ;              ; 3.3V                ; --           ;                 ; --       ; --           ;
; D9       ; 480        ; 8A             ; RESERVED_INPUT_WITH_WEAK_PULLUP ;        ;              ;                     ; Column I/O   ;                 ; no       ; On           ;
; D10      ; 472        ; 8A             ; RESERVED_INPUT_WITH_WEAK_PULLUP ;        ;              ;                     ; Column I/O   ;                 ; no       ; On           ;
; D11      ; 470        ; 8A             ; VGA_VS                          ; output ; 3.3-V LVTTL  ;                     ; Column I/O   ; Y               ; no       ; Off          ;
; D12      ; 496        ; 8A             ; VGA_R[5]                        ; output ; 3.3-V LVTTL  ;                     ; Column I/O   ; Y               ; no       ; Off          ;
; D13      ;            ;                ; GND                             ; gnd    ;              ;                     ; --           ;                 ; --       ; --           ;
; D14      ; 446        ; 7D             ; RESERVED_INPUT_WITH_WEAK_PULLUP ;        ;              ;                     ; Column I/O   ;                 ; no       ; On           ;
; D15      ; 449        ; 7D             ; RESERVED_INPUT_WITH_WEAK_PULLUP ;        ;              ;                     ; Column I/O   ;                 ; no       ; On           ;
; D16      ; 445        ; 7D             ; RESERVED_INPUT_WITH_WEAK_PULLUP ;        ;              ;                     ; Column I/O   ;                 ; no       ; On           ;
; D17      ; 440        ; 7C             ; RESERVED_INPUT_WITH_WEAK_PULLUP ;        ;              ;                     ; Column I/O   ;                 ; no       ; On           ;
; D18      ;            ; 7C             ; VCCIO7C_HPS                     ; power  ;              ; 2.5V                ; --           ;                 ; --       ; --           ;
; D19      ; 426        ; 7B             ; RESERVED_INPUT_WITH_WEAK_PULLUP ;        ;              ;                     ; Column I/O   ;                 ; no       ; On           ;
; D20      ; 420        ; 7B             ; RESERVED_INPUT_WITH_WEAK_PULLUP ;        ;              ;                     ; Column I/O   ;                 ; no       ; On           ;
; D21      ; 419        ; 7B             ; RESERVED_INPUT_WITH_WEAK_PULLUP ;        ;              ;                     ; Column I/O   ;                 ; no       ; On           ;
; D22      ; 402        ; 7A             ; RESERVED_INPUT_WITH_WEAK_PULLUP ;        ;              ;                     ; Column I/O   ;                 ; no       ; On           ;
; D23      ;            ;                ; GND                             ; gnd    ;              ;                     ; --           ;                 ; --       ; --           ;
; D24      ; 404        ; 7A             ; RESERVED_INPUT_WITH_WEAK_PULLUP ;        ;              ;                     ; Column I/O   ;                 ; no       ; On           ;
; D25      ; 384        ; 7A             ; ^HPS_CLK1                       ;        ;              ;                     ; --           ;                 ; --       ; --           ;
; D26      ; 373        ; 7A             ; ^GND                            ;        ;              ;                     ; --           ;                 ; --       ; --           ;
; D27      ; 371        ; 6A             ; HPS_RZQ_0                       ;        ;              ;                     ; --           ;                 ; no       ; On           ;
; D28      ;            ; 6A             ; VCCIO6A_HPS                     ; power  ;              ; 2.5V                ; --           ;                 ; --       ; --           ;
; D29      ; 361        ; 6A             ; RESERVED_INPUT_WITH_WEAK_PULLUP ;        ;              ;                     ; Row I/O      ;                 ; no       ; On           ;
; D30      ; 359        ; 6A             ; RESERVED_INPUT_WITH_WEAK_PULLUP ;        ;              ;                     ; Row I/O      ;                 ; no       ; On           ;
; E1       ; 527        ; 8A             ; RESERVED_INPUT_WITH_WEAK_PULLUP ;        ;              ;                     ; Column I/O   ;                 ; no       ; On           ;
; E2       ; 525        ; 8A             ; RESERVED_INPUT_WITH_WEAK_PULLUP ;        ;              ;                     ; Column I/O   ;                 ; no       ; On           ;
; E3       ; 523        ; 8A             ; RESERVED_INPUT_WITH_WEAK_PULLUP ;        ;              ;                     ; Column I/O   ;                 ; no       ; On           ;
; E4       ; 519        ; 8A             ; RESERVED_INPUT_WITH_WEAK_PULLUP ;        ;              ;                     ; Column I/O   ;                 ; no       ; On           ;
; E5       ;            ; 8A             ; VCCIO8A                         ; power  ;              ; 3.3V                ; --           ;                 ; --       ; --           ;
; E6       ; 533        ; 8A             ; seg1[7]                         ; output ; 3.3-V LVTTL  ;                     ; Column I/O   ; N               ; no       ; Off          ;
; E7       ; 531        ; 8A             ; RESERVED_INPUT_WITH_WEAK_PULLUP ;        ;              ;                     ; Column I/O   ;                 ; no       ; On           ;
; E8       ; 503        ; 8A             ; RESERVED_INPUT_WITH_WEAK_PULLUP ;        ;              ;                     ; Column I/O   ;                 ; no       ; On           ;
; E9       ; 478        ; 8A             ; RESERVED_INPUT_WITH_WEAK_PULLUP ;        ;              ;                     ; Column I/O   ;                 ; no       ; On           ;
; E10      ;            ;                ; GND                             ; gnd    ;              ;                     ; --           ;                 ; --       ; --           ;
; E11      ; 504        ; 8A             ; VGA_G[7]                        ; output ; 3.3-V LVTTL  ;                     ; Column I/O   ; Y               ; no       ; Off          ;
; E12      ; 494        ; 8A             ; VGA_R[6]                        ; output ; 3.3-V LVTTL  ;                     ; Column I/O   ; Y               ; no       ; Off          ;
; E13      ; 488        ; 8A             ; VGA_R[2]                        ; output ; 3.3-V LVTTL  ;                     ; Column I/O   ; Y               ; no       ; Off          ;
; E14      ; 454        ; 7D             ; RESERVED_INPUT_WITH_WEAK_PULLUP ;        ;              ;                     ; Column I/O   ;                 ; no       ; On           ;
; E15      ;            ; 7D             ; VCCIO7D_HPS                     ; power  ;              ; 2.5V                ; --           ;                 ; --       ; --           ;
; E16      ; 443        ; 7D             ; RESERVED_INPUT_WITH_WEAK_PULLUP ;        ;              ;                     ; Column I/O   ;                 ; no       ; On           ;
; E17      ; 438        ; 7C             ; RESERVED_INPUT_WITH_WEAK_PULLUP ;        ;              ;                     ; Column I/O   ;                 ; no       ; On           ;
; E18      ; 437        ; 7C             ; RESERVED_INPUT_WITH_WEAK_PULLUP ;        ;              ;                     ; Column I/O   ;                 ; no       ; On           ;
; E19      ; 424        ; 7B             ; RESERVED_INPUT_WITH_WEAK_PULLUP ;        ;              ;                     ; Column I/O   ;                 ; no       ; On           ;
; E20      ;            ; 7B             ; VCCIO7B_HPS                     ; power  ;              ; 2.5V                ; --           ;                 ; --       ; --           ;
; E21      ; 412        ; 7B             ; RESERVED_INPUT_WITH_WEAK_PULLUP ;        ;              ;                     ; Column I/O   ;                 ; no       ; On           ;
; E22      ;            ; 7A, 7B, 7C, 7D ; VREFB7A7B7C7DN0_HPS             ; power  ;              ;                     ; --           ;                 ; --       ; --           ;
; E23      ; 394        ; 7A             ; RESERVED_INPUT_WITH_WEAK_PULLUP ;        ;              ;                     ; Column I/O   ;                 ; no       ; On           ;
; E24      ; 403        ; 7A             ; RESERVED_INPUT_WITH_WEAK_PULLUP ;        ;              ;                     ; Column I/O   ;                 ; no       ; On           ;
; E25      ;            ;                ; GND                             ; gnd    ;              ;                     ; --           ;                 ; --       ; --           ;
; E26      ;            ;                ; DNU                             ;        ;              ;                     ; --           ;                 ; --       ; --           ;
; E27      ; 357        ; 6A             ; RESERVED_INPUT_WITH_WEAK_PULLUP ;        ;              ;                     ; Row I/O      ;                 ; no       ; On           ;
; E28      ; 351        ; 6A             ; RESERVED_INPUT_WITH_WEAK_PULLUP ;        ;              ;                     ; Row I/O      ;                 ; no       ; On           ;
; E29      ; 353        ; 6A             ; RESERVED_INPUT_WITH_WEAK_PULLUP ;        ;              ;                     ; Row I/O      ;                 ; no       ; On           ;
; E30      ;            ;                ; GND                             ; gnd    ;              ;                     ; --           ;                 ; --       ; --           ;
; F1       ;            ;                ; DNU                             ;        ;              ;                     ; --           ;                 ; --       ; --           ;
; F2       ;            ;                ; GND                             ; gnd    ;              ;                     ; --           ;                 ; --       ; --           ;
; F3       ; 539        ; 9A             ; ^CONF_DONE                      ;        ;              ;                     ; --           ;                 ; --       ; --           ;
; F4       ; 541        ; 9A             ; ^nSTATUS                        ;        ;              ;                     ; --           ;                 ; --       ; --           ;
; F5       ;            ;                ; GND                             ; gnd    ;              ;                     ; --           ;                 ; --       ; --           ;
; F6       ; 537        ; 8A             ; RESERVED_INPUT_WITH_WEAK_PULLUP ;        ;              ;                     ; Column I/O   ;                 ; no       ; On           ;
; F7       ;            ;                ; GND                             ; gnd    ;              ;                     ; --           ;                 ; --       ; --           ;
; F8       ; 536        ; 8A             ; RESERVED_INPUT_WITH_WEAK_PULLUP ;        ;              ;                     ; Column I/O   ;                 ; no       ; On           ;
; F9       ; 534        ; 8A             ; RESERVED_INPUT_WITH_WEAK_PULLUP ;        ;              ;                     ; Column I/O   ;                 ; no       ; On           ;
; F10      ; 528        ; 8A             ; VGA_BLANK_N                     ; output ; 3.3-V LVTTL  ;                     ; Column I/O   ; Y               ; no       ; Off          ;
; F11      ; 502        ; 8A             ; VGA_G[6]                        ; output ; 3.3-V LVTTL  ;                     ; Column I/O   ; Y               ; no       ; Off          ;
; F12      ;            ; 8A             ; VCCIO8A                         ; power  ;              ; 3.3V                ; --           ;                 ; --       ; --           ;
; F13      ; 486        ; 8A             ; VGA_R[7]                        ; output ; 3.3-V LVTTL  ;                     ; Column I/O   ; Y               ; no       ; Off          ;
; F14      ; 468        ; 8A             ; VGA_B[3]                        ; output ; 3.3-V LVTTL  ;                     ; Column I/O   ; Y               ; no       ; Off          ;
; F15      ; 466        ; 8A             ; VGA_B[5]                        ; output ; 3.3-V LVTTL  ;                     ; Column I/O   ; Y               ; no       ; Off          ;
; F16      ; 442        ; 7D             ; RESERVED_INPUT_WITH_WEAK_PULLUP ;        ;              ;                     ; Column I/O   ;                 ; no       ; On           ;
; F17      ;            ;                ; GND                             ; gnd    ;              ;                     ; --           ;                 ; --       ; --           ;
; F18      ; 430        ; 7C             ; RESERVED_INPUT_WITH_WEAK_PULLUP ;        ;              ;                     ; Column I/O   ;                 ; no       ; On           ;
; F19      ; 410        ; 7B             ; RESERVED_INPUT_WITH_WEAK_PULLUP ;        ;              ;                     ; Column I/O   ;                 ; no       ; On           ;
; F20      ; 407        ; 7B             ; RESERVED_INPUT_WITH_WEAK_PULLUP ;        ;              ;                     ; Column I/O   ;                 ; no       ; On           ;
; F21      ; 409        ; 7B             ; RESERVED_INPUT_WITH_WEAK_PULLUP ;        ;              ;                     ; Column I/O   ;                 ; no       ; On           ;
; F22      ;            ; 7A             ; VCCIO7A_HPS                     ; power  ;              ; 2.5V                ; --           ;                 ; --       ; --           ;
; F23      ; 375        ; 7A             ; ^HPS_nPOR                       ;        ;              ;                     ; --           ;                 ; --       ; --           ;
; F24      ; 383        ; 7A             ; ^HPS_PORSEL                     ;        ;              ;                     ; --           ;                 ; --       ; --           ;
; F25      ; 385        ; 7A             ; ^HPS_CLK2                       ;        ;              ;                     ; --           ;                 ; --       ; --           ;
; F26      ; 341        ; 6A             ; RESERVED_INPUT_WITH_WEAK_PULLUP ;        ;              ;                     ; Row I/O      ;                 ; no       ; On           ;
; F27      ;            ;                ; GND                             ; gnd    ;              ;                     ; --           ;                 ; --       ; --           ;
; F28      ; 345        ; 6A             ; RESERVED_INPUT_WITH_WEAK_PULLUP ;        ;              ;                     ; Row I/O      ;                 ; no       ; On           ;
; F29      ; 349        ; 6A             ; RESERVED_INPUT_WITH_WEAK_PULLUP ;        ;              ;                     ; Row I/O      ;                 ; no       ; On           ;
; F30      ; 347        ; 6A             ; RESERVED_INPUT_WITH_WEAK_PULLUP ;        ;              ;                     ; Row I/O      ;                 ; no       ; On           ;
; G1       ;            ;                ; RREF                            ;        ;              ;                     ; --           ;                 ; --       ; --           ;
; G2       ;            ;                ; DNU                             ;        ;              ;                     ; --           ;                 ; --       ; --           ;
; G3       ;            ;                ; GND                             ; gnd    ;              ;                     ; --           ;                 ; --       ; --           ;
; G4       ;            ;                ; GND                             ; gnd    ;              ;                     ; --           ;                 ; --       ; --           ;
; G5       ; 542        ; 9A             ; ^nCE                            ;        ;              ;                     ; --           ;                 ; --       ; --           ;
; G6       ; 543        ; 9A             ; ^MSEL2                          ;        ;              ;                     ; --           ;                 ; --       ; --           ;
; G7       ; 535        ; 8A             ; RESERVED_INPUT_WITH_WEAK_PULLUP ;        ;              ;                     ; Column I/O   ;                 ; no       ; On           ;
; G8       ; 492        ; 8A             ; RESERVED_INPUT_WITH_WEAK_PULLUP ;        ;              ;                     ; Column I/O   ;                 ; no       ; On           ;
; G9       ;            ; 8A             ; VCCIO8A                         ; power  ;              ; 3.3V                ; --           ;                 ; --       ; --           ;
; G10      ; 526        ; 8A             ; VGA_G[3]                        ; output ; 3.3-V LVTTL  ;                     ; Column I/O   ; Y               ; no       ; Off          ;
; G11      ; 520        ; 8A             ; VGA_G[4]                        ; output ; 3.3-V LVTTL  ;                     ; Column I/O   ; Y               ; no       ; Off          ;
; G12      ; 518        ; 8A             ; VGA_G[5]                        ; output ; 3.3-V LVTTL  ;                     ; Column I/O   ; Y               ; no       ; Off          ;
; G13      ; 484        ; 8A             ; VGA_B[1]                        ; output ; 3.3-V LVTTL  ;                     ; Column I/O   ; Y               ; no       ; Off          ;
; G14      ;            ; 8A             ; VCCIO8A                         ; power  ;              ; 3.3V                ; --           ;                 ; --       ; --           ;
; G15      ; 460        ; 8A             ; VGA_B[6]                        ; output ; 3.3-V LVTTL  ;                     ; Column I/O   ; Y               ; no       ; Off          ;
; G16      ; 444        ; 7D             ; RESERVED_INPUT_WITH_WEAK_PULLUP ;        ;              ;                     ; Column I/O   ;                 ; no       ; On           ;
; G17      ; 436        ; 7C             ; RESERVED_INPUT_WITH_WEAK_PULLUP ;        ;              ;                     ; Column I/O   ;                 ; no       ; On           ;
; G18      ; 432        ; 7C             ; RESERVED_INPUT_WITH_WEAK_PULLUP ;        ;              ;                     ; Column I/O   ;                 ; no       ; On           ;
; G19      ;            ; 7B             ; VCCIO7B_HPS                     ; power  ;              ; 2.5V                ; --           ;                 ; --       ; --           ;
; G20      ; 416        ; 7B             ; RESERVED_INPUT_WITH_WEAK_PULLUP ;        ;              ;                     ; Column I/O   ;                 ; no       ; On           ;
; G21      ; 392        ; 7A             ; RESERVED_INPUT_WITH_WEAK_PULLUP ;        ;              ;                     ; Column I/O   ;                 ; no       ; On           ;
; G22      ; 400        ; 7A             ; RESERVED_INPUT_WITH_WEAK_PULLUP ;        ;              ;                     ; Column I/O   ;                 ; no       ; On           ;
; G23      ; 377        ; 7A             ; ^VCCRSTCLK_HPS                  ;        ;              ;                     ; --           ;                 ; --       ; --           ;
; G24      ;            ;                ; GND                             ; gnd    ;              ;                     ; --           ;                 ; --       ; --           ;
; G25      ; 370        ; 6A             ; RESERVED_INPUT_WITH_WEAK_PULLUP ;        ;              ;                     ; Row I/O      ;                 ; no       ; On           ;
; G26      ; 362        ; 6A             ; RESERVED_INPUT_WITH_WEAK_PULLUP ;        ;              ;                     ; Row I/O      ;                 ; no       ; On           ;
; G27      ; 339        ; 6A             ; RESERVED_INPUT_WITH_WEAK_PULLUP ;        ;              ;                     ; Row I/O      ;                 ; --       ; --           ;
; G28      ; 335        ; 6A             ; RESERVED_INPUT_WITH_WEAK_PULLUP ;        ;              ;                     ; Row I/O      ;                 ; no       ; On           ;
; G29      ;            ; 6A             ; VCCIO6A_HPS                     ; power  ;              ; 2.5V                ; --           ;                 ; --       ; --           ;
; G30      ; 343        ; 6A             ; RESERVED_INPUT_WITH_WEAK_PULLUP ;        ;              ;                     ; Row I/O      ;                 ; no       ; On           ;
; H1       ;            ;                ; GND                             ; gnd    ;              ;                     ; --           ;                 ; --       ; --           ;
; H2       ;            ;                ; GND                             ; gnd    ;              ;                     ; --           ;                 ; --       ; --           ;
; H3       ;            ;                ; DNU                             ;        ;              ;                     ; --           ;                 ; --       ; --           ;
; H4       ;            ;                ; DNU                             ;        ;              ;                     ; --           ;                 ; --       ; --           ;
; H5       ;            ;                ; GND                             ; gnd    ;              ;                     ; --           ;                 ; --       ; --           ;
; H6       ;            ; 8A             ; VCCIO8A                         ; power  ;              ; 3.3V                ; --           ;                 ; --       ; --           ;
; H7       ; 508        ; 8A             ; RESERVED_INPUT_WITH_WEAK_PULLUP ;        ;              ;                     ; Column I/O   ;                 ; no       ; On           ;
; H8       ; 490        ; 8A             ; RESERVED_INPUT_WITH_WEAK_PULLUP ;        ;              ;                     ; Column I/O   ;                 ; no       ; On           ;
; H9       ;            ; --             ; VCCBAT                          ; power  ;              ; 1.2V                ; --           ;                 ; --       ; --           ;
; H10      ;            ; --             ; VCC_AUX                         ; power  ;              ; 2.5V                ; --           ;                 ; --       ; --           ;
; H11      ;            ;                ; GND                             ; gnd    ;              ;                     ; --           ;                 ; --       ; --           ;
; H12      ; 500        ; 8A             ; VGA_G[2]                        ; output ; 3.3-V LVTTL  ;                     ; Column I/O   ; Y               ; no       ; Off          ;
; H13      ; 498        ; 8A             ; VGA_B[2]                        ; output ; 3.3-V LVTTL  ;                     ; Column I/O   ; Y               ; no       ; Off          ;
; H14      ; 482        ; 8A             ; VGA_B[4]                        ; output ; 3.3-V LVTTL  ;                     ; Column I/O   ; Y               ; no       ; Off          ;
; H15      ; 458        ; 8A             ; RESERVED_INPUT_WITH_WEAK_PULLUP ;        ;              ;                     ; Column I/O   ;                 ; no       ; On           ;
; H16      ;            ; 7D             ; VCCIO7D_HPS                     ; power  ;              ; 2.5V                ; --           ;                 ; --       ; --           ;
; H17      ; 434        ; 7C             ; RESERVED_INPUT_WITH_WEAK_PULLUP ;        ;              ;                     ; Column I/O   ;                 ; no       ; On           ;
; H18      ; 422        ; 7B             ; RESERVED_INPUT_WITH_WEAK_PULLUP ;        ;              ;                     ; Column I/O   ;                 ; no       ; On           ;
; H19      ; 406        ; 7B             ; RESERVED_INPUT_WITH_WEAK_PULLUP ;        ;              ;                     ; Column I/O   ;                 ; no       ; On           ;
; H20      ; 398        ; 7A             ; RESERVED_INPUT_WITH_WEAK_PULLUP ;        ;              ;                     ; Column I/O   ;                 ; no       ; On           ;
; H21      ;            ; 7A             ; VCCIO7A_HPS                     ; power  ;              ; 2.5V                ; --           ;                 ; --       ; --           ;
; H22      ; 379        ; 7A             ; ^HPS_TCK                        ;        ;              ;                     ; --           ;                 ; --       ; --           ;
; H23      ; 390        ; 7A             ; RESERVED_INPUT_WITH_WEAK_PULLUP ;        ;              ;                     ; Column I/O   ;                 ; no       ; On           ;
; H24      ; 364        ; 6A             ; RESERVED_INPUT_WITH_WEAK_PULLUP ;        ;              ;                     ; Row I/O      ;                 ; no       ; On           ;
; H25      ; 368        ; 6A             ; RESERVED_INPUT_WITH_WEAK_PULLUP ;        ;              ;                     ; Row I/O      ;                 ; no       ; On           ;
; H26      ;            ; 6A             ; VCCIO6A_HPS                     ; power  ;              ; 2.5V                ; --           ;                 ; --       ; --           ;
; H27      ; 360        ; 6A             ; RESERVED_INPUT_WITH_WEAK_PULLUP ;        ;              ;                     ; Row I/O      ;                 ; no       ; On           ;
; H28      ; 333        ; 6A             ; RESERVED_INPUT_WITH_WEAK_PULLUP ;        ;              ;                     ; Row I/O      ;                 ; no       ; On           ;
; H29      ; 331        ; 6A             ; RESERVED_INPUT_WITH_WEAK_PULLUP ;        ;              ;                     ; Row I/O      ;                 ; no       ; On           ;
; H30      ; 337        ; 6A             ; RESERVED_INPUT_WITH_WEAK_PULLUP ;        ;              ;                     ; Row I/O      ;                 ; no       ; On           ;
; J1       ;            ;                ; GND                             ; gnd    ;              ;                     ; --           ;                 ; --       ; --           ;
; J2       ;            ;                ; GND                             ; gnd    ;              ;                     ; --           ;                 ; --       ; --           ;
; J3       ;            ;                ; GND                             ; gnd    ;              ;                     ; --           ;                 ; --       ; --           ;
; J4       ;            ;                ; GND                             ; gnd    ;              ;                     ; --           ;                 ; --       ; --           ;
; J5       ; 545        ; 9A             ; ^nCONFIG                        ;        ;              ;                     ; --           ;                 ; --       ; --           ;
; J6       ; 547        ; 9A             ; ^GND                            ;        ;              ;                     ; --           ;                 ; --       ; --           ;
; J7       ; 506        ; 8A             ; RESERVED_INPUT_WITH_WEAK_PULLUP ;        ;              ;                     ; Column I/O   ;                 ; no       ; On           ;
; J8       ;            ;                ; GND                             ; gnd    ;              ;                     ; --           ;                 ; --       ; --           ;
; J9       ; 532        ; 8A             ; VGA_G[0]                        ; output ; 3.3-V LVTTL  ;                     ; Column I/O   ; Y               ; no       ; Off          ;
; J10      ; 530        ; 8A             ; VGA_G[1]                        ; output ; 3.3-V LVTTL  ;                     ; Column I/O   ; Y               ; no       ; Off          ;
; J11      ;            ; --             ; VCCPGM                          ; power  ;              ; 1.8V/2.5V/3.0V/3.3V ; --           ;                 ; --       ; --           ;
; J12      ; 516        ; 8A             ; RESERVED_INPUT_WITH_WEAK_PULLUP ;        ;              ;                     ; Column I/O   ;                 ; no       ; On           ;
; J13      ;            ; 8A             ; VCCIO8A                         ; power  ;              ; 3.3V                ; --           ;                 ; --       ; --           ;
; J14      ; 476        ; 8A             ; VGA_B[7]                        ; output ; 3.3-V LVTTL  ;                     ; Column I/O   ; Y               ; no       ; Off          ;
; J15      ;            ;                ; DNU                             ;        ;              ;                     ; --           ;                 ; --       ; --           ;
; J16      ;            ; --             ; VCC_AUX                         ; power  ;              ; 2.5V                ; --           ;                 ; --       ; --           ;
; J17      ;            ; 7C             ; VCCPD7C_HPS                     ; power  ;              ; 2.5V                ; --           ;                 ; --       ; --           ;
; J18      ;            ;                ; GND                             ; gnd    ;              ;                     ; --           ;                 ; --       ; --           ;
; J19      ; 408        ; 7B             ; RESERVED_INPUT_WITH_WEAK_PULLUP ;        ;              ;                     ; Column I/O   ;                 ; no       ; On           ;
; J20      ;            ; --             ; VCCRSTCLK_HPS                   ; power  ;              ; 1.8V/2.5V/3.0V/3.3V ; --           ;                 ; --       ; --           ;
; J21      ;            ; --             ; VCC_AUX_SHARED                  ; power  ;              ; 2.5V                ; --           ;                 ; --       ; --           ;
; J22      ; 372        ; 7A             ; ^GND                            ;        ;              ;                     ; --           ;                 ; --       ; --           ;
; J23      ; 354        ; 6A             ; RESERVED_INPUT_WITH_WEAK_PULLUP ;        ;              ;                     ; Row I/O      ;                 ; no       ; On           ;
; J24      ; 352        ; 6A             ; RESERVED_INPUT_WITH_WEAK_PULLUP ;        ;              ;                     ; Row I/O      ;                 ; no       ; On           ;
; J25      ; 344        ; 6A             ; RESERVED_INPUT_WITH_WEAK_PULLUP ;        ;              ;                     ; Row I/O      ;                 ; no       ; On           ;
; J26      ; 323        ; 6A             ; RESERVED_INPUT_WITH_WEAK_PULLUP ;        ;              ;                     ; Row I/O      ;                 ; no       ; On           ;
; J27      ; 346        ; 6A             ; RESERVED_INPUT_WITH_WEAK_PULLUP ;        ;              ;                     ; Row I/O      ;                 ; no       ; On           ;
; J28      ;            ;                ; GND                             ; gnd    ;              ;                     ; --           ;                 ; --       ; --           ;
; J29      ; 327        ; 6A             ; RESERVED_INPUT_WITH_WEAK_PULLUP ;        ;              ;                     ; Row I/O      ;                 ; no       ; On           ;
; J30      ; 329        ; 6A             ; RESERVED_INPUT_WITH_WEAK_PULLUP ;        ;              ;                     ; Row I/O      ;                 ; no       ; On           ;
; K1       ;            ;                ; GND                             ; gnd    ;              ;                     ; --           ;                 ; --       ; --           ;
; K2       ;            ;                ; GND                             ; gnd    ;              ;                     ; --           ;                 ; --       ; --           ;
; K3       ;            ;                ; DNU                             ;        ;              ;                     ; --           ;                 ; --       ; --           ;
; K4       ;            ;                ; DNU                             ;        ;              ;                     ; --           ;                 ; --       ; --           ;
; K5       ;            ;                ; GND                             ; gnd    ;              ;                     ; --           ;                 ; --       ; --           ;
; K6       ; 540        ; 9A             ; ^MSEL1                          ;        ;              ;                     ; --           ;                 ; --       ; --           ;
; K7       ; 522        ; 8A             ; RESERVED_INPUT_WITH_WEAK_PULLUP ;        ;              ;                     ; Column I/O   ;                 ; no       ; On           ;
; K8       ; 524        ; 8A             ; RESERVED_INPUT_WITH_WEAK_PULLUP ;        ;              ;                     ; Column I/O   ;                 ; no       ; On           ;
; K9       ;            ; --             ; VCCA_FPLL                       ; power  ;              ; 2.5V                ; --           ;                 ; --       ; --           ;
; K10      ;            ;                ; GND                             ; gnd    ;              ;                     ; --           ;                 ; --       ; --           ;
; K11      ;            ; 8A             ; VCCPD8A                         ; power  ;              ; 3.3V                ; --           ;                 ; --       ; --           ;
; K12      ; 514        ; 8A             ; RESERVED_INPUT_WITH_WEAK_PULLUP ;        ;              ;                     ; Column I/O   ;                 ; no       ; On           ;
; K13      ;            ; 8A             ; VCCPD8A                         ; power  ;              ; 3.3V                ; --           ;                 ; --       ; --           ;
; K14      ; 474        ; 8A             ; RESERVED_INPUT_WITH_WEAK_PULLUP ;        ;              ;                     ; Column I/O   ;                 ; no       ; On           ;
; K15      ;            ;                ; GND                             ; gnd    ;              ;                     ; --           ;                 ; --       ; --           ;
; K16      ;            ; 7D             ; VCCPD7D_HPS                     ; power  ;              ; 2.5V                ; --           ;                 ; --       ; --           ;
; K17      ; 414        ; 7B             ; RESERVED_INPUT_WITH_WEAK_PULLUP ;        ;              ;                     ; Column I/O   ;                 ; no       ; On           ;
; K18      ;            ; 7B             ; VCCPD7B_HPS                     ; power  ;              ; 2.5V                ; --           ;                 ; --       ; --           ;
; K19      ;            ; 7A             ; VCCPD7A_HPS                     ; power  ;              ; 2.5V                ; --           ;                 ; --       ; --           ;
; K20      ;            ;                ; GND                             ; gnd    ;              ;                     ; --           ;                 ; --       ; --           ;
; K21      ; 366        ; 6A             ; RESERVED_INPUT_WITH_WEAK_PULLUP ;        ;              ;                     ; Row I/O      ;                 ; no       ; On           ;
; K22      ; 336        ; 6A             ; RESERVED_INPUT_WITH_WEAK_PULLUP ;        ;              ;                     ; Row I/O      ;                 ; no       ; On           ;
; K23      ; 338        ; 6A             ; RESERVED_INPUT_WITH_WEAK_PULLUP ;        ;              ;                     ; Row I/O      ;                 ; no       ; On           ;
; K24      ;            ; 6A             ; VCCIO6A_HPS                     ; power  ;              ; 2.5V                ; --           ;                 ; --       ; --           ;
; K25      ;            ;                ; GND                             ; gnd    ;              ;                     ; --           ;                 ; --       ; --           ;
; K26      ; 322        ; 6A             ; RESERVED_INPUT_WITH_WEAK_PULLUP ;        ;              ;                     ; Row I/O      ;                 ; no       ; On           ;
; K27      ; 319        ; 6A             ; RESERVED_INPUT_WITH_WEAK_PULLUP ;        ;              ;                     ; Row I/O      ;                 ; no       ; On           ;
; K28      ; 325        ; 6A             ; RESERVED_INPUT_WITH_WEAK_PULLUP ;        ;              ;                     ; Row I/O      ;                 ; no       ; On           ;
; K29      ; 321        ; 6A             ; RESERVED_INPUT_WITH_WEAK_PULLUP ;        ;              ;                     ; Row I/O      ;                 ; no       ; On           ;
; K30      ;            ; 6A             ; VCCIO6A_HPS                     ; power  ;              ; 2.5V                ; --           ;                 ; --       ; --           ;
; L1       ;            ;                ; GND                             ; gnd    ;              ;                     ; --           ;                 ; --       ; --           ;
; L2       ;            ;                ; GND                             ; gnd    ;              ;                     ; --           ;                 ; --       ; --           ;
; L3       ;            ;                ; GND                             ; gnd    ;              ;                     ; --           ;                 ; --       ; --           ;
; L4       ;            ;                ; GND                             ; gnd    ;              ;                     ; --           ;                 ; --       ; --           ;
; L5       ;            ; --             ; VCC                             ; power  ;              ; 1.1V                ; --           ;                 ; --       ; --           ;
; L6       ;            ;                ; GND                             ; gnd    ;              ;                     ; --           ;                 ; --       ; --           ;
; L7       ; 544        ; 9A             ; ^MSEL3                          ;        ;              ;                     ; --           ;                 ; --       ; --           ;
; L8       ; 538        ; 9A             ; ^MSEL0                          ;        ;              ;                     ; --           ;                 ; --       ; --           ;
; L9       ; 546        ; 9A             ; ^MSEL4                          ;        ;              ;                     ; --           ;                 ; --       ; --           ;
; L10      ;            ; 8A             ; VCCPD8A                         ; power  ;              ; 3.3V                ; --           ;                 ; --       ; --           ;
; L11      ;            ;                ; GND                             ; gnd    ;              ;                     ; --           ;                 ; --       ; --           ;
; L12      ;            ; 8A             ; VCCPD8A                         ; power  ;              ; 3.3V                ; --           ;                 ; --       ; --           ;
; L13      ;            ;                ; GND                             ; gnd    ;              ;                     ; --           ;                 ; --       ; --           ;
; L14      ;            ; 8A             ; VCCPD8A                         ; power  ;              ; 3.3V                ; --           ;                 ; --       ; --           ;
; L15      ;            ;                ; GND                             ; gnd    ;              ;                     ; --           ;                 ; --       ; --           ;
; L16      ;            ; --             ; VCC_HPS                         ; power  ;              ; 1.1V                ; --           ;                 ; --       ; --           ;
; L17      ;            ;                ; GND                             ; gnd    ;              ;                     ; --           ;                 ; --       ; --           ;
; L18      ;            ; --             ; VCC_HPS                         ; power  ;              ; 1.1V                ; --           ;                 ; --       ; --           ;
; L19      ;            ;                ; GND                             ; gnd    ;              ;                     ; --           ;                 ; --       ; --           ;
; L20      ;            ; --             ; VCC_HPS                         ; power  ;              ; 1.1V                ; --           ;                 ; --       ; --           ;
; L21      ;            ; --             ; VCCPLL_HPS                      ; power  ;              ; 2.5V                ; --           ;                 ; --       ; --           ;
; L22      ;            ;                ; GND                             ; gnd    ;              ;                     ; --           ;                 ; --       ; --           ;
; L23      ; 350        ; 6A             ; RESERVED_INPUT_WITH_WEAK_PULLUP ;        ;              ;                     ; Row I/O      ;                 ; no       ; On           ;
; L24      ; 328        ; 6A             ; RESERVED_INPUT_WITH_WEAK_PULLUP ;        ;              ;                     ; Row I/O      ;                 ; no       ; On           ;
; L25      ; 330        ; 6A             ; RESERVED_INPUT_WITH_WEAK_PULLUP ;        ;              ;                     ; Row I/O      ;                 ; no       ; On           ;
; L26      ; 320        ; 6A             ; RESERVED_INPUT_WITH_WEAK_PULLUP ;        ;              ;                     ; Row I/O      ;                 ; no       ; On           ;
; L27      ;            ; 6A             ; VCCIO6A_HPS                     ; power  ;              ; 2.5V                ; --           ;                 ; --       ; --           ;
; L28      ; 313        ; 6A             ; RESERVED_INPUT_WITH_WEAK_PULLUP ;        ;              ;                     ; Row I/O      ;                 ; no       ; On           ;
; L29      ; 315        ; 6A             ; RESERVED_INPUT_WITH_WEAK_PULLUP ;        ;              ;                     ; Row I/O      ;                 ; no       ; On           ;
; L30      ; 317        ; 6A             ; RESERVED_INPUT_WITH_WEAK_PULLUP ;        ;              ;                     ; Row I/O      ;                 ; no       ; On           ;
; M1       ;            ;                ; GND                             ; gnd    ;              ;                     ; --           ;                 ; --       ; --           ;
; M2       ;            ;                ; GND                             ; gnd    ;              ;                     ; --           ;                 ; --       ; --           ;
; M3       ;            ;                ; DNU                             ;        ;              ;                     ; --           ;                 ; --       ; --           ;
; M4       ;            ;                ; DNU                             ;        ;              ;                     ; --           ;                 ; --       ; --           ;
; M5       ;            ;                ; GND                             ; gnd    ;              ;                     ; --           ;                 ; --       ; --           ;
; M6       ;            ; --             ; VCC                             ; power  ;              ; 1.1V                ; --           ;                 ; --       ; --           ;
; M7       ;            ;                ; GND                             ; gnd    ;              ;                     ; --           ;                 ; --       ; --           ;
; M8       ;            ;                ; GND                             ; gnd    ;              ;                     ; --           ;                 ; --       ; --           ;
; M9       ;            ; --             ; VCC                             ; power  ;              ; 1.1V                ; --           ;                 ; --       ; --           ;
; M10      ;            ;                ; GND                             ; gnd    ;              ;                     ; --           ;                 ; --       ; --           ;
; M11      ;            ; --             ; VCC                             ; power  ;              ; 1.1V                ; --           ;                 ; --       ; --           ;
; M12      ;            ;                ; GND                             ; gnd    ;              ;                     ; --           ;                 ; --       ; --           ;
; M13      ;            ; --             ; VCC                             ; power  ;              ; 1.1V                ; --           ;                 ; --       ; --           ;
; M14      ;            ;                ; GND                             ; gnd    ;              ;                     ; --           ;                 ; --       ; --           ;
; M15      ;            ; --             ; VCC_HPS                         ; power  ;              ; 1.1V                ; --           ;                 ; --       ; --           ;
; M16      ;            ;                ; GND                             ; gnd    ;              ;                     ; --           ;                 ; --       ; --           ;
; M17      ; 450        ; 7D             ; RESERVED_INPUT_WITH_WEAK_PULLUP ;        ;              ;                     ; Column I/O   ;                 ; no       ; On           ;
; M18      ;            ;                ; GND                             ; gnd    ;              ;                     ; --           ;                 ; --       ; --           ;
; M19      ; 334        ; 6A             ; RESERVED_INPUT_WITH_WEAK_PULLUP ;        ;              ;                     ; Row I/O      ;                 ; no       ; On           ;
; M20      ;            ;                ; GND                             ; gnd    ;              ;                     ; --           ;                 ; --       ; --           ;
; M21      ;            ; 6A, 6B         ; VCCPD6A6B_HPS                   ; power  ;              ; 2.5V                ; --           ;                 ; --       ; --           ;
; M22      ; 308        ; 6A             ; RESERVED_INPUT_WITH_WEAK_PULLUP ;        ;              ;                     ; Row I/O      ;                 ; no       ; On           ;
; M23      ; 348        ; 6A             ; RESERVED_INPUT_WITH_WEAK_PULLUP ;        ;              ;                     ; Row I/O      ;                 ; no       ; On           ;
; M24      ;            ; 6A             ; VCCIO6A_HPS                     ; power  ;              ; 2.5V                ; --           ;                 ; --       ; --           ;
; M25      ; 324        ; 6A             ; RESERVED_INPUT_WITH_WEAK_PULLUP ;        ;              ;                     ; Row I/O      ;                 ; no       ; On           ;
; M26      ; 314        ; 6A             ; RESERVED_INPUT_WITH_WEAK_PULLUP ;        ;              ;                     ; Row I/O      ;                 ; no       ; On           ;
; M27      ; 312        ; 6A             ; RESERVED_INPUT_WITH_WEAK_PULLUP ;        ;              ;                     ; Row I/O      ;                 ; no       ; On           ;
; M28      ; 309        ; 6A             ; RESERVED_INPUT_WITH_WEAK_PULLUP ;        ;              ;                     ; Row I/O      ;                 ; no       ; On           ;
; M29      ;            ;                ; GND                             ; gnd    ;              ;                     ; --           ;                 ; --       ; --           ;
; M30      ; 311        ; 6A             ; RESERVED_INPUT_WITH_WEAK_PULLUP ;        ;              ;                     ; Row I/O      ;                 ; no       ; On           ;
; N1       ;            ;                ; GND                             ; gnd    ;              ;                     ; --           ;                 ; --       ; --           ;
; N2       ;            ;                ; GND                             ; gnd    ;              ;                     ; --           ;                 ; --       ; --           ;
; N3       ;            ;                ; GND                             ; gnd    ;              ;                     ; --           ;                 ; --       ; --           ;
; N4       ;            ;                ; GND                             ; gnd    ;              ;                     ; --           ;                 ; --       ; --           ;
; N5       ;            ; --             ; VCC                             ; power  ;              ; 1.1V                ; --           ;                 ; --       ; --           ;
; N6       ;            ;                ; GND                             ; gnd    ;              ;                     ; --           ;                 ; --       ; --           ;
; N7       ;            ; --             ; VCCA_FPLL                       ; power  ;              ; 2.5V                ; --           ;                 ; --       ; --           ;
; N8       ;            ;                ; GND                             ; gnd    ;              ;                     ; --           ;                 ; --       ; --           ;
; N9       ;            ;                ; GND                             ; gnd    ;              ;                     ; --           ;                 ; --       ; --           ;
; N10      ;            ; --             ; VCC                             ; power  ;              ; 1.1V                ; --           ;                 ; --       ; --           ;
; N11      ;            ;                ; GND                             ; gnd    ;              ;                     ; --           ;                 ; --       ; --           ;
; N12      ;            ; --             ; VCC                             ; power  ;              ; 1.1V                ; --           ;                 ; --       ; --           ;
; N13      ;            ;                ; GND                             ; gnd    ;              ;                     ; --           ;                 ; --       ; --           ;
; N14      ;            ; --             ; VCC                             ; power  ;              ; 1.1V                ; --           ;                 ; --       ; --           ;
; N15      ;            ;                ; GND                             ; gnd    ;              ;                     ; --           ;                 ; --       ; --           ;
; N16      ; 452        ; 7D             ; RESERVED_INPUT_WITH_WEAK_PULLUP ;        ;              ;                     ; Column I/O   ;                 ; no       ; On           ;
; N17      ;            ;                ; GND                             ; gnd    ;              ;                     ; --           ;                 ; --       ; --           ;
; N18      ; 332        ; 6A             ; RESERVED_INPUT_WITH_WEAK_PULLUP ;        ;              ;                     ; Row I/O      ;                 ; no       ; On           ;
; N19      ;            ;                ; GND                             ; gnd    ;              ;                     ; --           ;                 ; --       ; --           ;
; N20      ;            ; --             ; VCC_HPS                         ; power  ;              ; 1.1V                ; --           ;                 ; --       ; --           ;
; N21      ;            ; 6A             ; VCCIO6A_HPS                     ; power  ;              ; 2.5V                ; --           ;                 ; --       ; --           ;
; N22      ;            ; 6A, 6B         ; VCCPD6A6B_HPS                   ; power  ;              ; 2.5V                ; --           ;                 ; --       ; --           ;
; N23      ; 310        ; 6A             ; RESERVED_INPUT_WITH_WEAK_PULLUP ;        ;              ;                     ; Row I/O      ;                 ; no       ; On           ;
; N24      ; 318        ; 6A             ; RESERVED_INPUT_WITH_WEAK_PULLUP ;        ;              ;                     ; Row I/O      ;                 ; no       ; On           ;
; N25      ; 316        ; 6A             ; RESERVED_INPUT_WITH_WEAK_PULLUP ;        ;              ;                     ; Row I/O      ;                 ; no       ; On           ;
; N26      ;            ;                ; GND                             ; gnd    ;              ;                     ; --           ;                 ; --       ; --           ;
; N27      ; 297        ; 6B             ; RESERVED_INPUT_WITH_WEAK_PULLUP ;        ;              ;                     ; Row I/O      ;                 ; no       ; On           ;
; N28      ; 303        ; 6B             ; RESERVED_INPUT_WITH_WEAK_PULLUP ;        ;              ;                     ; Row I/O      ;                 ; no       ; On           ;
; N29      ; 305        ; 6B             ; RESERVED_INPUT_WITH_WEAK_PULLUP ;        ;              ;                     ; Row I/O      ;                 ; no       ; On           ;
; N30      ; 307        ; 6B             ; RESERVED_INPUT_WITH_WEAK_PULLUP ;        ;              ;                     ; Row I/O      ;                 ; no       ; On           ;
; P1       ;            ;                ; GND                             ; gnd    ;              ;                     ; --           ;                 ; --       ; --           ;
; P2       ;            ;                ; GND                             ; gnd    ;              ;                     ; --           ;                 ; --       ; --           ;
; P3       ;            ;                ; DNU                             ;        ;              ;                     ; --           ;                 ; --       ; --           ;
; P4       ;            ;                ; DNU                             ;        ;              ;                     ; --           ;                 ; --       ; --           ;
; P5       ;            ;                ; GND                             ; gnd    ;              ;                     ; --           ;                 ; --       ; --           ;
; P6       ;            ; --             ; VCCA_FPLL                       ; power  ;              ; 2.5V                ; --           ;                 ; --       ; --           ;
; P7       ;            ;                ; GND                             ; gnd    ;              ;                     ; --           ;                 ; --       ; --           ;
; P8       ;            ;                ; GND                             ; gnd    ;              ;                     ; --           ;                 ; --       ; --           ;
; P9       ;            ;                ; GND                             ; gnd    ;              ;                     ; --           ;                 ; --       ; --           ;
; P10      ;            ;                ; GND                             ; gnd    ;              ;                     ; --           ;                 ; --       ; --           ;
; P11      ;            ; --             ; VCC                             ; power  ;              ; 1.1V                ; --           ;                 ; --       ; --           ;
; P12      ;            ;                ; GND                             ; gnd    ;              ;                     ; --           ;                 ; --       ; --           ;
; P13      ;            ; --             ; VCC                             ; power  ;              ; 1.1V                ; --           ;                 ; --       ; --           ;
; P14      ;            ;                ; GND                             ; gnd    ;              ;                     ; --           ;                 ; --       ; --           ;
; P15      ;            ; --             ; VCC_HPS                         ; power  ;              ; 1.1V                ; --           ;                 ; --       ; --           ;
; P16      ;            ;                ; GND                             ; gnd    ;              ;                     ; --           ;                 ; --       ; --           ;
; P17      ;            ; --             ; VCC_HPS                         ; power  ;              ; 1.1V                ; --           ;                 ; --       ; --           ;
; P18      ;            ;                ; GND                             ; gnd    ;              ;                     ; --           ;                 ; --       ; --           ;
; P19      ;            ; --             ; VCC_HPS                         ; power  ;              ; 1.1V                ; --           ;                 ; --       ; --           ;
; P20      ;            ;                ; GND                             ; gnd    ;              ;                     ; --           ;                 ; --       ; --           ;
; P21      ;            ; 6A, 6B         ; VCCPD6A6B_HPS                   ; power  ;              ; 2.5V                ; --           ;                 ; --       ; --           ;
; P22      ; 294        ; 6B             ; RESERVED_INPUT_WITH_WEAK_PULLUP ;        ;              ;                     ; Row I/O      ;                 ; no       ; On           ;
; P23      ;            ; 6B             ; VCCIO6B_HPS                     ; power  ;              ; 2.5V                ; --           ;                 ; --       ; --           ;
; P24      ; 290        ; 6B             ; RESERVED_INPUT_WITH_WEAK_PULLUP ;        ;              ;                     ; Row I/O      ;                 ; no       ; On           ;
; P25      ; 288        ; 6B             ; RESERVED_INPUT_WITH_WEAK_PULLUP ;        ;              ;                     ; Row I/O      ;                 ; no       ; On           ;
; P26      ; 298        ; 6B             ; RESERVED_INPUT_WITH_WEAK_PULLUP ;        ;              ;                     ; Row I/O      ;                 ; no       ; On           ;
; P27      ; 296        ; 6B             ; RESERVED_INPUT_WITH_WEAK_PULLUP ;        ;              ;                     ; Row I/O      ;                 ; no       ; On           ;
; P28      ;            ; 6B             ; VCCIO6B_HPS                     ; power  ;              ; 2.5V                ; --           ;                 ; --       ; --           ;
; P29      ; 299        ; 6B             ; RESERVED_INPUT_WITH_WEAK_PULLUP ;        ;              ;                     ; Row I/O      ;                 ; no       ; On           ;
; P30      ; 301        ; 6B             ; RESERVED_INPUT_WITH_WEAK_PULLUP ;        ;              ;                     ; Row I/O      ;                 ; no       ; On           ;
; R1       ;            ;                ; GND                             ; gnd    ;              ;                     ; --           ;                 ; --       ; --           ;
; R2       ;            ;                ; GND                             ; gnd    ;              ;                     ; --           ;                 ; --       ; --           ;
; R3       ;            ;                ; GND                             ; gnd    ;              ;                     ; --           ;                 ; --       ; --           ;
; R4       ;            ;                ; GND                             ; gnd    ;              ;                     ; --           ;                 ; --       ; --           ;
; R5       ;            ; --             ; VCC                             ; power  ;              ; 1.1V                ; --           ;                 ; --       ; --           ;
; R6       ;            ;                ; GND                             ; gnd    ;              ;                     ; --           ;                 ; --       ; --           ;
; R7       ;            ; --             ; VCCA_FPLL                       ; power  ;              ; 2.5V                ; --           ;                 ; --       ; --           ;
; R8       ;            ;                ; GND                             ; gnd    ;              ;                     ; --           ;                 ; --       ; --           ;
; R9       ;            ;                ; GND                             ; gnd    ;              ;                     ; --           ;                 ; --       ; --           ;
; R10      ;            ; --             ; VCC                             ; power  ;              ; 1.1V                ; --           ;                 ; --       ; --           ;
; R11      ;            ;                ; GND                             ; gnd    ;              ;                     ; --           ;                 ; --       ; --           ;
; R12      ;            ; --             ; VCC                             ; power  ;              ; 1.1V                ; --           ;                 ; --       ; --           ;
; R13      ;            ;                ; GND                             ; gnd    ;              ;                     ; --           ;                 ; --       ; --           ;
; R14      ;            ; --             ; VCC                             ; power  ;              ; 1.1V                ; --           ;                 ; --       ; --           ;
; R15      ;            ;                ; GND                             ; gnd    ;              ;                     ; --           ;                 ; --       ; --           ;
; R16      ;            ; --             ; VCC_HPS                         ; power  ;              ; 1.1V                ; --           ;                 ; --       ; --           ;
; R17      ;            ;                ; GND                             ; gnd    ;              ;                     ; --           ;                 ; --       ; --           ;
; R18      ; 302        ; 6B             ; RESERVED_INPUT_WITH_WEAK_PULLUP ;        ;              ;                     ; Row I/O      ;                 ; no       ; On           ;
; R19      ; 300        ; 6B             ; RESERVED_INPUT_WITH_WEAK_PULLUP ;        ;              ;                     ; Row I/O      ;                 ; no       ; On           ;
; R20      ;            ; 6A, 6B         ; VCCPD6A6B_HPS                   ; power  ;              ; 2.5V                ; --           ;                 ; --       ; --           ;
; R21      ; 286        ; 6B             ; RESERVED_INPUT_WITH_WEAK_PULLUP ;        ;              ;                     ; Row I/O      ;                 ; no       ; On           ;
; R22      ; 284        ; 6B             ; RESERVED_INPUT_WITH_WEAK_PULLUP ;        ;              ;                     ; Row I/O      ;                 ; no       ; On           ;
; R23      ;            ; 6A, 6B         ; VCCPD6A6B_HPS                   ; power  ;              ; 2.5V                ; --           ;                 ; --       ; --           ;
; R24      ; 272        ; 6B             ; RESERVED_INPUT_WITH_WEAK_PULLUP ;        ;              ;                     ; Row I/O      ;                 ; no       ; On           ;
; R25      ;            ; 6B             ; VCCIO6B_HPS                     ; power  ;              ; 2.5V                ; --           ;                 ; --       ; --           ;
; R26      ; 280        ; 6B             ; RESERVED_INPUT_WITH_WEAK_PULLUP ;        ;              ;                     ; Row I/O      ;                 ; no       ; On           ;
; R27      ; 282        ; 6B             ; RESERVED_INPUT_WITH_WEAK_PULLUP ;        ;              ;                     ; Row I/O      ;                 ; no       ; On           ;
; R28      ; 293        ; 6B             ; RESERVED_INPUT_WITH_WEAK_PULLUP ;        ;              ;                     ; Row I/O      ;                 ; no       ; On           ;
; R29      ; 295        ; 6B             ; RESERVED_INPUT_WITH_WEAK_PULLUP ;        ;              ;                     ; Row I/O      ;                 ; no       ; On           ;
; R30      ;            ;                ; GND                             ; gnd    ;              ;                     ; --           ;                 ; --       ; --           ;
; T1       ;            ;                ; GND                             ; gnd    ;              ;                     ; --           ;                 ; --       ; --           ;
; T2       ;            ;                ; GND                             ; gnd    ;              ;                     ; --           ;                 ; --       ; --           ;
; T3       ;            ;                ; DNU                             ;        ;              ;                     ; --           ;                 ; --       ; --           ;
; T4       ;            ;                ; DNU                             ;        ;              ;                     ; --           ;                 ; --       ; --           ;
; T5       ;            ;                ; GND                             ; gnd    ;              ;                     ; --           ;                 ; --       ; --           ;
; T6       ;            ; --             ; VCC                             ; power  ;              ; 1.1V                ; --           ;                 ; --       ; --           ;
; T7       ;            ;                ; GND                             ; gnd    ;              ;                     ; --           ;                 ; --       ; --           ;
; T8       ;            ;                ; GND                             ; gnd    ;              ;                     ; --           ;                 ; --       ; --           ;
; T9       ;            ;                ; GND                             ; gnd    ;              ;                     ; --           ;                 ; --       ; --           ;
; T10      ;            ;                ; GND                             ; gnd    ;              ;                     ; --           ;                 ; --       ; --           ;
; T11      ;            ; --             ; VCC                             ; power  ;              ; 1.1V                ; --           ;                 ; --       ; --           ;
; T12      ;            ;                ; GND                             ; gnd    ;              ;                     ; --           ;                 ; --       ; --           ;
; T13      ;            ; --             ; VCC                             ; power  ;              ; 1.1V                ; --           ;                 ; --       ; --           ;
; T14      ;            ;                ; GND                             ; gnd    ;              ;                     ; --           ;                 ; --       ; --           ;
; T15      ;            ;                ; GND                             ; gnd    ;              ;                     ; --           ;                 ; --       ; --           ;
; T16      ;            ;                ; GND                             ; gnd    ;              ;                     ; --           ;                 ; --       ; --           ;
; T17      ;            ; --             ; VCC_HPS                         ; power  ;              ; 1.1V                ; --           ;                 ; --       ; --           ;
; T18      ;            ;                ; GND                             ; gnd    ;              ;                     ; --           ;                 ; --       ; --           ;
; T19      ;            ; --             ; VCC_HPS                         ; power  ;              ; 1.1V                ; --           ;                 ; --       ; --           ;
; T20      ;            ;                ; GND                             ; gnd    ;              ;                     ; --           ;                 ; --       ; --           ;
; T21      ; 278        ; 6B             ; RESERVED_INPUT_WITH_WEAK_PULLUP ;        ;              ;                     ; Row I/O      ;                 ; no       ; On           ;
; T22      ;            ; 6B             ; VCCIO6B_HPS                     ; power  ;              ; 2.5V                ; --           ;                 ; --       ; --           ;
; T23      ; 270        ; 6B             ; RESERVED_INPUT_WITH_WEAK_PULLUP ;        ;              ;                     ; Row I/O      ;                 ; no       ; On           ;
; T24      ; 268        ; 6B             ; RESERVED_INPUT_WITH_WEAK_PULLUP ;        ;              ;                     ; Row I/O      ;                 ; no       ; On           ;
; T25      ; 266        ; 6B             ; RESERVED_INPUT_WITH_WEAK_PULLUP ;        ;              ;                     ; Row I/O      ;                 ; no       ; On           ;
; T26      ; 304        ; 6B             ; RESERVED_INPUT_WITH_WEAK_PULLUP ;        ;              ;                     ; Row I/O      ;                 ; no       ; On           ;
; T27      ;            ;                ; GND                             ; gnd    ;              ;                     ; --           ;                 ; --       ; --           ;
; T28      ; 287        ; 6B             ; RESERVED_INPUT_WITH_WEAK_PULLUP ;        ;              ;                     ; Row I/O      ;                 ; no       ; On           ;
; T29      ; 289        ; 6B             ; RESERVED_INPUT_WITH_WEAK_PULLUP ;        ;              ;                     ; Row I/O      ;                 ; no       ; On           ;
; T30      ; 291        ; 6B             ; RESERVED_INPUT_WITH_WEAK_PULLUP ;        ;              ;                     ; Row I/O      ;                 ; no       ; On           ;
; U1       ;            ;                ; GND                             ; gnd    ;              ;                     ; --           ;                 ; --       ; --           ;
; U2       ;            ;                ; GND                             ; gnd    ;              ;                     ; --           ;                 ; --       ; --           ;
; U3       ;            ;                ; GND                             ; gnd    ;              ;                     ; --           ;                 ; --       ; --           ;
; U4       ;            ;                ; GND                             ; gnd    ;              ;                     ; --           ;                 ; --       ; --           ;
; U5       ;            ; --             ; VCC                             ; power  ;              ; 1.1V                ; --           ;                 ; --       ; --           ;
; U6       ;            ;                ; GND                             ; gnd    ;              ;                     ; --           ;                 ; --       ; --           ;
; U7       ; 50         ; 3A             ; ^DCLK                           ;        ;              ;                     ; Weak Pull Up ;                 ; --       ; On           ;
; U8       ; 48         ; 3A             ; #TDI                            ; input  ;              ;                     ; --           ;                 ; --       ; --           ;
; U9       ;            ;                ; GND                             ; gnd    ;              ;                     ; --           ;                 ; --       ; --           ;
; U10      ;            ; --             ; VCC                             ; power  ;              ; 1.1V                ; --           ;                 ; --       ; --           ;
; U11      ;            ;                ; GND                             ; gnd    ;              ;                     ; --           ;                 ; --       ; --           ;
; U12      ;            ; --             ; VCC                             ; power  ;              ; 1.1V                ; --           ;                 ; --       ; --           ;
; U13      ;            ;                ; GND                             ; gnd    ;              ;                     ; --           ;                 ; --       ; --           ;
; U14      ;            ; --             ; VCC                             ; power  ;              ; 1.1V                ; --           ;                 ; --       ; --           ;
; U15      ;            ;                ; GND                             ; gnd    ;              ;                     ; --           ;                 ; --       ; --           ;
; U16      ;            ; --             ; VCC_HPS                         ; power  ;              ; 1.1V                ; --           ;                 ; --       ; --           ;
; U17      ;            ;                ; GND                             ; gnd    ;              ;                     ; --           ;                 ; --       ; --           ;
; U18      ;            ; --             ; VCC_HPS                         ; power  ;              ; 1.1V                ; --           ;                 ; --       ; --           ;
; U19      ;            ; 6B             ; VCCIO6B_HPS                     ; power  ;              ; 2.5V                ; --           ;                 ; --       ; --           ;
; U20      ; 276        ; 6B             ; RESERVED_INPUT_WITH_WEAK_PULLUP ;        ;              ;                     ; Row I/O      ;                 ; no       ; On           ;
; U21      ;            ; --             ; VCC                             ; power  ;              ; 1.1V                ; --           ;                 ; --       ; --           ;
; U22      ;            ;                ; GND                             ; gnd    ;              ;                     ; --           ;                 ; --       ; --           ;
; U23      ;            ; 5B             ; VCCPD5B                         ; power  ;              ; 3.3V                ; --           ;                 ; --       ; --           ;
; U24      ;            ;                ; GND                             ; gnd    ;              ;                     ; --           ;                 ; --       ; --           ;
; U25      ; 264        ; 6B             ; RESERVED_INPUT_WITH_WEAK_PULLUP ;        ;              ;                     ; Row I/O      ;                 ; no       ; On           ;
; U26      ; 306        ; 6B             ; RESERVED_INPUT_WITH_WEAK_PULLUP ;        ;              ;                     ; Row I/O      ;                 ; no       ; On           ;
; U27      ; 273        ; 6B             ; RESERVED_INPUT_WITH_WEAK_PULLUP ;        ;              ;                     ; Row I/O      ;                 ; no       ; On           ;
; U28      ; 285        ; 6B             ; RESERVED_INPUT_WITH_WEAK_PULLUP ;        ;              ;                     ; Row I/O      ;                 ; no       ; On           ;
; U29      ;            ;                ; GND                             ; gnd    ;              ;                     ; --           ;                 ; --       ; --           ;
; U30      ; 283        ; 6B             ; RESERVED_INPUT_WITH_WEAK_PULLUP ;        ;              ;                     ; Row I/O      ;                 ; --       ; --           ;
; V1       ;            ;                ; GND                             ; gnd    ;              ;                     ; --           ;                 ; --       ; --           ;
; V2       ;            ;                ; GND                             ; gnd    ;              ;                     ; --           ;                 ; --       ; --           ;
; V3       ;            ;                ; DNU                             ;        ;              ;                     ; --           ;                 ; --       ; --           ;
; V4       ;            ;                ; DNU                             ;        ;              ;                     ; --           ;                 ; --       ; --           ;
; V5       ;            ;                ; GND                             ; gnd    ;              ;                     ; --           ;                 ; --       ; --           ;
; V6       ;            ; --             ; VCCA_FPLL                       ; power  ;              ; 2.5V                ; --           ;                 ; --       ; --           ;
; V7       ;            ;                ; GND                             ; gnd    ;              ;                     ; --           ;                 ; --       ; --           ;
; V8       ;            ; --             ; VCCA_FPLL                       ; power  ;              ; 2.5V                ; --           ;                 ; --       ; --           ;
; V9       ; 44         ; 3A             ; #TMS                            ; input  ;              ;                     ; --           ;                 ; --       ; --           ;
; V10      ;            ;                ; GND                             ; gnd    ;              ;                     ; --           ;                 ; --       ; --           ;
; V11      ;            ; --             ; VCC                             ; power  ;              ; 1.1V                ; --           ;                 ; --       ; --           ;
; V12      ;            ;                ; GND                             ; gnd    ;              ;                     ; --           ;                 ; --       ; --           ;
; V13      ;            ; --             ; VCC                             ; power  ;              ; 1.1V                ; --           ;                 ; --       ; --           ;
; V14      ;            ;                ; GND                             ; gnd    ;              ;                     ; --           ;                 ; --       ; --           ;
; V15      ;            ; --             ; VCC                             ; power  ;              ; 1.1V                ; --           ;                 ; --       ; --           ;
; V16      ; 138        ; 4A             ; done_filt_ff                    ; output ; 3.3-V LVTTL  ;                     ; Column I/O   ; Y               ; no       ; Off          ;
; V17      ; 154        ; 4A             ; RESERVED_INPUT_WITH_WEAK_PULLUP ;        ;              ;                     ; Column I/O   ;                 ; no       ; On           ;
; V18      ; 194        ; 4A             ; RESERVED_INPUT_WITH_WEAK_PULLUP ;        ;              ;                     ; Column I/O   ;                 ; no       ; On           ;
; V19      ;            ;                ; GND                             ; gnd    ;              ;                     ; --           ;                 ; --       ; --           ;
; V20      ; 292        ; 6B             ; RESERVED_INPUT_WITH_WEAK_PULLUP ;        ;              ;                     ; Row I/O      ;                 ; no       ; On           ;
; V21      ;            ;                ; GND                             ; gnd    ;              ;                     ; --           ;                 ; --       ; --           ;
; V22      ;            ; 5A             ; VCCPD5A                         ; power  ;              ; 3.3V                ; --           ;                 ; --       ; --           ;
; V23      ; 236        ; 5A             ; RESERVED_INPUT_WITH_WEAK_PULLUP ;        ;              ;                     ; Row I/O      ;                 ; no       ; On           ;
; V24      ;            ; 5A             ; VCCPD5A                         ; power  ;              ; 3.3V                ; --           ;                 ; --       ; --           ;
; V25      ; 246        ; 5B             ; RESERVED_INPUT_WITH_WEAK_PULLUP ;        ;              ;                     ; Row I/O      ;                 ; no       ; On           ;
; V26      ;            ; 6B             ; VCCIO6B_HPS                     ; power  ;              ; 2.5V                ; --           ;                 ; --       ; --           ;
; V27      ; 265        ; 6B             ; RESERVED_INPUT_WITH_WEAK_PULLUP ;        ;              ;                     ; Row I/O      ;                 ; no       ; On           ;
; V28      ; 271        ; 6B             ; RESERVED_INPUT_WITH_WEAK_PULLUP ;        ;              ;                     ; Row I/O      ;                 ; no       ; On           ;
; V29      ; 275        ; 6B             ; RESERVED_INPUT_WITH_WEAK_PULLUP ;        ;              ;                     ; Row I/O      ;                 ; no       ; On           ;
; V30      ; 281        ; 6B             ; RESERVED_INPUT_WITH_WEAK_PULLUP ;        ;              ;                     ; Row I/O      ;                 ; no       ; On           ;
; W1       ;            ;                ; GND                             ; gnd    ;              ;                     ; --           ;                 ; --       ; --           ;
; W2       ;            ;                ; GND                             ; gnd    ;              ;                     ; --           ;                 ; --       ; --           ;
; W3       ;            ;                ; GND                             ; gnd    ;              ;                     ; --           ;                 ; --       ; --           ;
; W4       ;            ;                ; GND                             ; gnd    ;              ;                     ; --           ;                 ; --       ; --           ;
; W5       ;            ; --             ; VCC                             ; power  ;              ; 1.1V                ; --           ;                 ; --       ; --           ;
; W6       ;            ;                ; GND                             ; gnd    ;              ;                     ; --           ;                 ; --       ; --           ;
; W7       ;            ;                ; GND                             ; gnd    ;              ;                     ; --           ;                 ; --       ; --           ;
; W8       ;            ;                ; GND                             ; gnd    ;              ;                     ; --           ;                 ; --       ; --           ;
; W9       ;            ;                ; GND                             ; gnd    ;              ;                     ; --           ;                 ; --       ; --           ;
; W10      ;            ; --             ; VCC                             ; power  ;              ; 1.1V                ; --           ;                 ; --       ; --           ;
; W11      ;            ;                ; GND                             ; gnd    ;              ;                     ; --           ;                 ; --       ; --           ;
; W12      ;            ; --             ; VCC                             ; power  ;              ; 1.1V                ; --           ;                 ; --       ; --           ;
; W13      ;            ;                ; GND                             ; gnd    ;              ;                     ; --           ;                 ; --       ; --           ;
; W14      ;            ; --             ; VCC                             ; power  ;              ; 1.1V                ; --           ;                 ; --       ; --           ;
; W15      ; 130        ; 3B             ; RESERVED_INPUT_WITH_WEAK_PULLUP ;        ;              ;                     ; Column I/O   ;                 ; no       ; On           ;
; W16      ; 136        ; 4A             ; RESERVED_INPUT_WITH_WEAK_PULLUP ;        ;              ;                     ; Column I/O   ;                 ; no       ; On           ;
; W17      ; 152        ; 4A             ; RESERVED_INPUT_WITH_WEAK_PULLUP ;        ;              ;                     ; Column I/O   ;                 ; no       ; On           ;
; W18      ;            ;                ; GND                             ; gnd    ;              ;                     ; --           ;                 ; --       ; --           ;
; W19      ; 192        ; 4A             ; RESERVED_INPUT_WITH_WEAK_PULLUP ;        ;              ;                     ; Column I/O   ;                 ; no       ; On           ;
; W20      ; 217        ; 5A             ; RESERVED_INPUT_WITH_WEAK_PULLUP ;        ;              ;                     ; Row I/O      ;                 ; no       ; On           ;
; W21      ; 221        ; 5A             ; RESERVED_INPUT_WITH_WEAK_PULLUP ;        ;              ;                     ; Row I/O      ;                 ; no       ; On           ;
; W22      ; 223        ; 5A             ; RESERVED_INPUT_WITH_WEAK_PULLUP ;        ;              ;                     ; Row I/O      ;                 ; no       ; On           ;
; W23      ;            ; 5A             ; VCCIO5A                         ; power  ;              ; 3.3V                ; --           ;                 ; --       ; --           ;
; W24      ; 238        ; 5A             ; RESERVED_INPUT_WITH_WEAK_PULLUP ;        ;              ;                     ; Row I/O      ;                 ; no       ; On           ;
; W25      ; 244        ; 5B             ; RESERVED_INPUT_WITH_WEAK_PULLUP ;        ;              ;                     ; Row I/O      ;                 ; no       ; On           ;
; W26      ; 274        ; 6B             ; RESERVED_INPUT_WITH_WEAK_PULLUP ;        ;              ;                     ; Row I/O      ;                 ; no       ; On           ;
; W27      ; 261        ; 6B             ; RESERVED_INPUT_WITH_WEAK_PULLUP ;        ;              ;                     ; Row I/O      ;                 ; no       ; On           ;
; W28      ;            ;                ; GND                             ; gnd    ;              ;                     ; --           ;                 ; --       ; --           ;
; W29      ; 279        ; 6B             ; RESERVED_INPUT_WITH_WEAK_PULLUP ;        ;              ;                     ; Row I/O      ;                 ; no       ; On           ;
; W30      ; 277        ; 6B             ; RESERVED_INPUT_WITH_WEAK_PULLUP ;        ;              ;                     ; Row I/O      ;                 ; no       ; On           ;
; Y1       ;            ;                ; GND                             ; gnd    ;              ;                     ; --           ;                 ; --       ; --           ;
; Y2       ;            ;                ; GND                             ; gnd    ;              ;                     ; --           ;                 ; --       ; --           ;
; Y3       ;            ;                ; DNU                             ;        ;              ;                     ; --           ;                 ; --       ; --           ;
; Y4       ;            ;                ; DNU                             ;        ;              ;                     ; --           ;                 ; --       ; --           ;
; Y5       ;            ;                ; GND                             ; gnd    ;              ;                     ; --           ;                 ; --       ; --           ;
; Y6       ;            ; --             ; VCC                             ; power  ;              ; 1.1V                ; --           ;                 ; --       ; --           ;
; Y7       ;            ;                ; GND                             ; gnd    ;              ;                     ; --           ;                 ; --       ; --           ;
; Y8       ;            ;                ; GND                             ; gnd    ;              ;                     ; --           ;                 ; --       ; --           ;
; Y9       ;            ; --             ; VCC                             ; power  ;              ; 1.1V                ; --           ;                 ; --       ; --           ;
; Y10      ;            ;                ; GND                             ; gnd    ;              ;                     ; --           ;                 ; --       ; --           ;
; Y11      ;            ; --             ; VCC                             ; power  ;              ; 1.1V                ; --           ;                 ; --       ; --           ;
; Y12      ;            ;                ; GND                             ; gnd    ;              ;                     ; --           ;                 ; --       ; --           ;
; Y13      ;            ; --             ; VCC                             ; power  ;              ; 1.1V                ; --           ;                 ; --       ; --           ;
; Y14      ;            ;                ; GND                             ; gnd    ;              ;                     ; --           ;                 ; --       ; --           ;
; Y15      ;            ;                ; GND                             ; gnd    ;              ;                     ; --           ;                 ; --       ; --           ;
; Y16      ; 128        ; 3B             ; RESERVED_INPUT_WITH_WEAK_PULLUP ;        ;              ;                     ; Column I/O   ;                 ; no       ; On           ;
; Y17      ; 170        ; 4A             ; RESERVED_INPUT_WITH_WEAK_PULLUP ;        ;              ;                     ; Column I/O   ;                 ; no       ; On           ;
; Y18      ; 178        ; 4A             ; RESERVED_INPUT_WITH_WEAK_PULLUP ;        ;              ;                     ; Column I/O   ;                 ; no       ; On           ;
; Y19      ; 202        ; 4A             ; RESERVED_INPUT_WITH_WEAK_PULLUP ;        ;              ;                     ; Column I/O   ;                 ; no       ; On           ;
; Y20      ;            ;                ; GND                             ; gnd    ;              ;                     ; --           ;                 ; --       ; --           ;
; Y21      ; 219        ; 5A             ; RESERVED_INPUT_WITH_WEAK_PULLUP ;        ;              ;                     ; Row I/O      ;                 ; no       ; On           ;
; Y22      ;            ; --             ; VCCA_FPLL                       ; power  ;              ; 2.5V                ; --           ;                 ; --       ; --           ;
; Y23      ; 232        ; 5A             ; RESERVED_INPUT_WITH_WEAK_PULLUP ;        ;              ;                     ; Row I/O      ;                 ; no       ; On           ;
; Y24      ; 234        ; 5A             ; RESERVED_INPUT_WITH_WEAK_PULLUP ;        ;              ;                     ; Row I/O      ;                 ; no       ; On           ;
; Y25      ;            ;                ; GND                             ; gnd    ;              ;                     ; --           ;                 ; --       ; --           ;
; Y26      ; 256        ; 5B             ; RESERVED_INPUT_WITH_WEAK_PULLUP ;        ;              ;                     ; Row I/O      ;                 ; no       ; On           ;
; Y27      ; 258        ; 5B             ; RESERVED_INPUT_WITH_WEAK_PULLUP ;        ;              ;                     ; Row I/O      ;                 ; no       ; On           ;
; Y28      ; 269        ; 6B             ; RESERVED_INPUT_WITH_WEAK_PULLUP ;        ;              ;                     ; Row I/O      ;                 ; no       ; On           ;
; Y29      ; 263        ; 6B             ; RESERVED_INPUT_WITH_WEAK_PULLUP ;        ;              ;                     ; Row I/O      ;                 ; no       ; On           ;
; Y30      ;            ;                ; GND                             ; gnd    ;              ;                     ; --           ;                 ; --       ; --           ;
+----------+------------+----------------+---------------------------------+--------+--------------+---------------------+--------------+-----------------+----------+--------------+
Note: Pin directions (input, output or bidir) are based on device operating in user mode.


+------------------------------------------------------+
; I/O Assignment Warnings                              ;
+---------------+--------------------------------------+
; Pin Name      ; Reason                               ;
+---------------+--------------------------------------+
; outclk_150    ; Incomplete set of assignments        ;
; VGA_R[0]      ; Missing drive strength and slew rate ;
; VGA_R[1]      ; Missing drive strength and slew rate ;
; VGA_R[2]      ; Missing drive strength and slew rate ;
; VGA_R[3]      ; Missing drive strength and slew rate ;
; VGA_R[4]      ; Missing drive strength and slew rate ;
; VGA_R[5]      ; Missing drive strength and slew rate ;
; VGA_R[6]      ; Missing drive strength and slew rate ;
; VGA_R[7]      ; Missing drive strength and slew rate ;
; VGA_G[0]      ; Missing drive strength and slew rate ;
; VGA_G[1]      ; Missing drive strength and slew rate ;
; VGA_G[2]      ; Missing drive strength and slew rate ;
; VGA_G[3]      ; Missing drive strength and slew rate ;
; VGA_G[4]      ; Missing drive strength and slew rate ;
; VGA_G[5]      ; Missing drive strength and slew rate ;
; VGA_G[6]      ; Missing drive strength and slew rate ;
; VGA_G[7]      ; Missing drive strength and slew rate ;
; VGA_B[0]      ; Missing drive strength and slew rate ;
; VGA_B[1]      ; Missing drive strength and slew rate ;
; VGA_B[2]      ; Missing drive strength and slew rate ;
; VGA_B[3]      ; Missing drive strength and slew rate ;
; VGA_B[4]      ; Missing drive strength and slew rate ;
; VGA_B[5]      ; Missing drive strength and slew rate ;
; VGA_B[6]      ; Missing drive strength and slew rate ;
; VGA_B[7]      ; Missing drive strength and slew rate ;
; VGA_CLK       ; Missing drive strength and slew rate ;
; VGA_HS        ; Missing drive strength and slew rate ;
; VGA_VS        ; Missing drive strength and slew rate ;
; VGA_BLANK_N   ; Missing drive strength and slew rate ;
; VGA_SYNC_N    ; Missing drive strength and slew rate ;
; new_pix_ff[0] ; Incomplete set of assignments        ;
; new_pix_ff[1] ; Incomplete set of assignments        ;
; new_pix_ff[2] ; Incomplete set of assignments        ;
; new_pix_ff[3] ; Incomplete set of assignments        ;
; new_pix_ff[4] ; Incomplete set of assignments        ;
; new_pix_ff[5] ; Incomplete set of assignments        ;
; new_pix_ff[6] ; Incomplete set of assignments        ;
; new_pix_ff[7] ; Incomplete set of assignments        ;
; done_filt_ff  ; Missing drive strength and slew rate ;
; seg1[0]       ; Missing drive strength and slew rate ;
; seg1[1]       ; Missing drive strength and slew rate ;
; seg1[2]       ; Missing drive strength and slew rate ;
; seg1[3]       ; Missing drive strength and slew rate ;
; seg1[4]       ; Missing drive strength and slew rate ;
; seg1[5]       ; Missing drive strength and slew rate ;
; seg1[6]       ; Missing drive strength and slew rate ;
; seg1[7]       ; Missing drive strength and slew rate ;
; seg2[0]       ; Missing drive strength and slew rate ;
; seg2[1]       ; Missing drive strength and slew rate ;
; seg2[2]       ; Missing drive strength and slew rate ;
; seg2[3]       ; Missing drive strength and slew rate ;
; seg2[4]       ; Missing drive strength and slew rate ;
; seg2[5]       ; Missing drive strength and slew rate ;
; seg2[6]       ; Missing drive strength and slew rate ;
; seg2[7]       ; Missing drive strength and slew rate ;
; seg3[0]       ; Missing drive strength and slew rate ;
; seg3[1]       ; Missing drive strength and slew rate ;
; seg3[2]       ; Missing drive strength and slew rate ;
; seg3[3]       ; Missing drive strength and slew rate ;
; seg3[4]       ; Missing drive strength and slew rate ;
; seg3[5]       ; Missing drive strength and slew rate ;
; seg3[6]       ; Missing drive strength and slew rate ;
; seg3[7]       ; Missing drive strength and slew rate ;
; outclk_150    ; Missing location assignment          ;
; new_pix_ff[0] ; Missing location assignment          ;
; new_pix_ff[1] ; Missing location assignment          ;
; new_pix_ff[2] ; Missing location assignment          ;
; new_pix_ff[3] ; Missing location assignment          ;
; new_pix_ff[4] ; Missing location assignment          ;
; new_pix_ff[5] ; Missing location assignment          ;
; new_pix_ff[6] ; Missing location assignment          ;
; new_pix_ff[7] ; Missing location assignment          ;
; seg1[7]       ; Missing location assignment          ;
; seg2[7]       ; Missing location assignment          ;
; seg3[7]       ; Missing location assignment          ;
+---------------+--------------------------------------+


+-----------------------------------------------------------------------------------------------------------------------------------------------+
; PLL Usage Summary                                                                                                                             ;
+------------------------------------------------------------------------------------------------------------------+----------------------------+
;                                                                                                                  ;                            ;
+------------------------------------------------------------------------------------------------------------------+----------------------------+
; PLL_cyc:PLL_inst|PLL_cyc_0002:pll_cyc_inst|altera_pll:altera_pll_i|general[0].gpll~FRACTIONAL_PLL                ;                            ;
;     -- PLL Type                                                                                                  ; Integer PLL                ;
;     -- PLL Location                                                                                              ; FRACTIONALPLL_X0_Y15_N0    ;
;     -- PLL Feedback clock type                                                                                   ; Global Clock               ;
;     -- PLL Bandwidth                                                                                             ; Auto                       ;
;         -- PLL Bandwidth Range                                                                                   ; 2100000 to 1400000 Hz      ;
;     -- Reference Clock Frequency                                                                                 ; 50.0 MHz                   ;
;     -- Reference Clock Sourced by                                                                                ; Dedicated Pin              ;
;     -- PLL VCO Frequency                                                                                         ; 300.0 MHz                  ;
;     -- PLL Operation Mode                                                                                        ; Normal                     ;
;     -- PLL Freq Min Lock                                                                                         ; 50.000000 MHz              ;
;     -- PLL Freq Max Lock                                                                                         ; 133.333333 MHz             ;
;     -- PLL Enable                                                                                                ; On                         ;
;     -- PLL Fractional Division                                                                                   ; N/A                        ;
;     -- M Counter                                                                                                 ; 12                         ;
;     -- N Counter                                                                                                 ; 2                          ;
;     -- PLL Refclk Select                                                                                         ;                            ;
;             -- PLL Refclk Select Location                                                                        ; PLLREFCLKSELECT_X0_Y21_N0  ;
;             -- PLL Reference Clock Input 0 source                                                                ; clk_0                      ;
;             -- PLL Reference Clock Input 1 source                                                                ; ref_clk1                   ;
;             -- ADJPLLIN source                                                                                   ; N/A                        ;
;             -- CORECLKIN source                                                                                  ; N/A                        ;
;             -- IQTXRXCLKIN source                                                                                ; N/A                        ;
;             -- PLLIQCLKIN source                                                                                 ; N/A                        ;
;             -- RXIQCLKIN source                                                                                  ; N/A                        ;
;             -- CLKIN(0) source                                                                                   ; clk~input                  ;
;             -- CLKIN(1) source                                                                                   ; N/A                        ;
;             -- CLKIN(2) source                                                                                   ; N/A                        ;
;             -- CLKIN(3) source                                                                                   ; N/A                        ;
;     -- PLL Output Counter                                                                                        ;                            ;
;         -- PLL_cyc:PLL_inst|PLL_cyc_0002:pll_cyc_inst|altera_pll:altera_pll_i|general[0].gpll~PLL_OUTPUT_COUNTER ;                            ;
;             -- Output Clock Frequency                                                                            ; 150.0 MHz                  ;
;             -- Output Clock Location                                                                             ; PLLOUTPUTCOUNTER_X0_Y20_N1 ;
;             -- C Counter Odd Divider Even Duty Enable                                                            ; Off                        ;
;             -- Duty Cycle                                                                                        ; 50.0000                    ;
;             -- Phase Shift                                                                                       ; 0.000000 degrees           ;
;             -- C Counter                                                                                         ; 2                          ;
;             -- C Counter PH Mux PRST                                                                             ; 0                          ;
;             -- C Counter PRST                                                                                    ; 1                          ;
;         -- PLL_cyc:PLL_inst|PLL_cyc_0002:pll_cyc_inst|altera_pll:altera_pll_i|general[1].gpll~PLL_OUTPUT_COUNTER ;                            ;
;             -- Output Clock Frequency                                                                            ; 25.0 MHz                   ;
;             -- Output Clock Location                                                                             ; PLLOUTPUTCOUNTER_X0_Y21_N1 ;
;             -- C Counter Odd Divider Even Duty Enable                                                            ; Off                        ;
;             -- Duty Cycle                                                                                        ; 50.0000                    ;
;             -- Phase Shift                                                                                       ; 0.000000 degrees           ;
;             -- C Counter                                                                                         ; 12                         ;
;             -- C Counter PH Mux PRST                                                                             ; 0                          ;
;             -- C Counter PRST                                                                                    ; 1                          ;
;                                                                                                                  ;                            ;
+------------------------------------------------------------------------------------------------------------------+----------------------------+


+-----------------------------------------------------------------------------------------------------------------------------------------------------------------------------------------------------------------------------------------------------------------------------------------------------------------------------------------------------------------------------------------------------------------------------------------------------------------------------------------------------------------------------------+
; Fitter Resource Utilization by Entity                                                                                                                                                                                                                                                                                                                                                                                                                                                                                             ;
+----------------------------------------------+----------------------+----------------------------------+---------------------------------------------------+----------------------------------+----------------------+---------------------+---------------------------+---------------+-------------------+-------+------------+------+--------------+------------------------------------------------------------------------------------------------------------------------------------------+-----------------+--------------+
; Compilation Hierarchy Node                   ; ALMs needed [=A-B+C] ; [A] ALMs used in final placement ; [B] Estimate of ALMs recoverable by dense packing ; [C] Estimate of ALMs unavailable ; ALMs used for memory ; Combinational ALUTs ; Dedicated Logic Registers ; I/O Registers ; Block Memory Bits ; M10Ks ; DSP Blocks ; Pins ; Virtual Pins ; Full Hierarchy Name                                                                                                                      ; Entity Name     ; Library Name ;
+----------------------------------------------+----------------------+----------------------------------+---------------------------------------------------+----------------------------------+----------------------+---------------------+---------------------------+---------------+-------------------+-------+------------+------+--------------+------------------------------------------------------------------------------------------------------------------------------------------+-----------------+--------------+
; |top                                         ; 595.0 (34.9)         ; 634.5 (38.1)                     ; 47.5 (4.1)                                        ; 8.0 (0.9)                        ; 0.0 (0.0)            ; 909 (57)            ; 614 (50)                  ; 0 (0)         ; 2101248           ; 258   ; 0          ; 67   ; 0            ; |top                                                                                                                                     ; top             ; work         ;
;    |DPRAM:new_image_buffer|                  ; 12.3 (0.0)           ; 13.9 (0.0)                       ; 1.7 (0.0)                                         ; 0.1 (0.0)                        ; 0.0 (0.0)            ; 16 (0)              ; 6 (0)                     ; 0 (0)         ; 524288            ; 64    ; 0          ; 0    ; 0            ; |top|DPRAM:new_image_buffer                                                                                                              ; DPRAM           ; work         ;
;       |altsyncram:altsyncram_component|      ; 12.3 (0.0)           ; 13.9 (0.0)                       ; 1.7 (0.0)                                         ; 0.1 (0.0)                        ; 0.0 (0.0)            ; 16 (0)              ; 6 (0)                     ; 0 (0)         ; 524288            ; 64    ; 0          ; 0    ; 0            ; |top|DPRAM:new_image_buffer|altsyncram:altsyncram_component                                                                              ; altsyncram      ; work         ;
;          |altsyncram_o2u1:auto_generated|    ; 12.3 (1.2)           ; 13.9 (3.0)                       ; 1.7 (1.8)                                         ; 0.1 (0.1)                        ; 0.0 (0.0)            ; 16 (0)              ; 6 (6)                     ; 0 (0)         ; 524288            ; 64    ; 0          ; 0    ; 0            ; |top|DPRAM:new_image_buffer|altsyncram:altsyncram_component|altsyncram_o2u1:auto_generated                                               ; altsyncram_o2u1 ; work         ;
;             |decode_dla:decode2|             ; 2.9 (2.9)            ; 2.9 (2.9)                        ; 0.0 (0.0)                                         ; 0.0 (0.0)                        ; 0.0 (0.0)            ; 8 (8)               ; 0 (0)                     ; 0 (0)         ; 0                 ; 0     ; 0          ; 0    ; 0            ; |top|DPRAM:new_image_buffer|altsyncram:altsyncram_component|altsyncram_o2u1:auto_generated|decode_dla:decode2                            ; decode_dla      ; work         ;
;             |mux_tfb:mux3|                   ; 7.7 (7.7)            ; 8.0 (8.0)                        ; 0.3 (0.3)                                         ; 0.1 (0.1)                        ; 0.0 (0.0)            ; 8 (8)               ; 0 (0)                     ; 0 (0)         ; 0                 ; 0     ; 0          ; 0    ; 0            ; |top|DPRAM:new_image_buffer|altsyncram:altsyncram_component|altsyncram_o2u1:auto_generated|mux_tfb:mux3                                  ; mux_tfb         ; work         ;
;    |PLL_cyc:PLL_inst|                        ; 0.0 (0.0)            ; 0.0 (0.0)                        ; 0.0 (0.0)                                         ; 0.0 (0.0)                        ; 0.0 (0.0)            ; 0 (0)               ; 0 (0)                     ; 0 (0)         ; 0                 ; 0     ; 0          ; 0    ; 0            ; |top|PLL_cyc:PLL_inst                                                                                                                    ; PLL_cyc         ; PLL_cyc      ;
;       |PLL_cyc_0002:pll_cyc_inst|            ; 0.0 (0.0)            ; 0.0 (0.0)                        ; 0.0 (0.0)                                         ; 0.0 (0.0)                        ; 0.0 (0.0)            ; 0 (0)               ; 0 (0)                     ; 0 (0)         ; 0                 ; 0     ; 0          ; 0    ; 0            ; |top|PLL_cyc:PLL_inst|PLL_cyc_0002:pll_cyc_inst                                                                                          ; PLL_cyc_0002    ; PLL_cyc      ;
;          |altera_pll:altera_pll_i|           ; 0.0 (0.0)            ; 0.0 (0.0)                        ; 0.0 (0.0)                                         ; 0.0 (0.0)                        ; 0.0 (0.0)            ; 0 (0)               ; 0 (0)                     ; 0 (0)         ; 0                 ; 0     ; 0          ; 0    ; 0            ; |top|PLL_cyc:PLL_inst|PLL_cyc_0002:pll_cyc_inst|altera_pll:altera_pll_i                                                                  ; altera_pll      ; work         ;
;    |fifo_rom_v2:memory_buffer|               ; 198.2 (83.8)         ; 217.2 (92.5)                     ; 24.5 (13.0)                                       ; 5.4 (4.4)                        ; 0.0 (0.0)            ; 293 (97)            ; 235 (74)                  ; 0 (0)         ; 1576960           ; 194   ; 0          ; 0    ; 0            ; |top|fifo_rom_v2:memory_buffer                                                                                                           ; fifo_rom_v2     ; work         ;
;       |fifo:row1|                            ; 47.8 (0.0)           ; 48.7 (0.0)                       ; 0.9 (0.0)                                         ; 0.0 (0.0)                        ; 0.0 (0.0)            ; 83 (0)              ; 72 (0)                    ; 0 (0)         ; 2048              ; 1     ; 0          ; 0    ; 0            ; |top|fifo_rom_v2:memory_buffer|fifo:row1                                                                                                 ; fifo            ; work         ;
;          |scfifo:scfifo_component|           ; 47.8 (0.0)           ; 48.7 (0.0)                       ; 0.9 (0.0)                                         ; 0.0 (0.0)                        ; 0.0 (0.0)            ; 83 (0)              ; 72 (0)                    ; 0 (0)         ; 2048              ; 1     ; 0          ; 0    ; 0            ; |top|fifo_rom_v2:memory_buffer|fifo:row1|scfifo:scfifo_component                                                                         ; scfifo          ; work         ;
;             |scfifo_7oe1:auto_generated|     ; 47.8 (0.0)           ; 48.7 (0.0)                       ; 0.9 (0.0)                                         ; 0.0 (0.0)                        ; 0.0 (0.0)            ; 83 (0)              ; 72 (0)                    ; 0 (0)         ; 2048              ; 1     ; 0          ; 0    ; 0            ; |top|fifo_rom_v2:memory_buffer|fifo:row1|scfifo:scfifo_component|scfifo_7oe1:auto_generated                                              ; scfifo_7oe1     ; work         ;
;                |a_dpfifo_lic1:dpfifo|        ; 47.8 (24.7)          ; 48.7 (25.3)                      ; 0.9 (0.6)                                         ; 0.0 (0.0)                        ; 0.0 (0.0)            ; 83 (35)             ; 72 (33)                   ; 0 (0)         ; 2048              ; 1     ; 0          ; 0    ; 0            ; |top|fifo_rom_v2:memory_buffer|fifo:row1|scfifo:scfifo_component|scfifo_7oe1:auto_generated|a_dpfifo_lic1:dpfifo                         ; a_dpfifo_lic1   ; work         ;
;                   |altsyncram_sep1:FIFOram|  ; 0.0 (0.0)            ; 0.0 (0.0)                        ; 0.0 (0.0)                                         ; 0.0 (0.0)                        ; 0.0 (0.0)            ; 0 (0)               ; 0 (0)                     ; 0 (0)         ; 2048              ; 1     ; 0          ; 0    ; 0            ; |top|fifo_rom_v2:memory_buffer|fifo:row1|scfifo:scfifo_component|scfifo_7oe1:auto_generated|a_dpfifo_lic1:dpfifo|altsyncram_sep1:FIFOram ; altsyncram_sep1 ; work         ;
;                   |cntr_i2b:rd_ptr_msb|      ; 6.3 (6.3)            ; 6.3 (6.3)                        ; 0.1 (0.1)                                         ; 0.0 (0.0)                        ; 0.0 (0.0)            ; 15 (15)             ; 7 (7)                     ; 0 (0)         ; 0                 ; 0     ; 0          ; 0    ; 0            ; |top|fifo_rom_v2:memory_buffer|fifo:row1|scfifo:scfifo_component|scfifo_7oe1:auto_generated|a_dpfifo_lic1:dpfifo|cntr_i2b:rd_ptr_msb     ; cntr_i2b        ; work         ;
;                   |cntr_j2b:wr_ptr|          ; 8.5 (8.5)            ; 8.9 (8.9)                        ; 0.4 (0.4)                                         ; 0.0 (0.0)                        ; 0.0 (0.0)            ; 17 (17)             ; 17 (17)                   ; 0 (0)         ; 0                 ; 0     ; 0          ; 0    ; 0            ; |top|fifo_rom_v2:memory_buffer|fifo:row1|scfifo:scfifo_component|scfifo_7oe1:auto_generated|a_dpfifo_lic1:dpfifo|cntr_j2b:wr_ptr         ; cntr_j2b        ; work         ;
;                   |cntr_v27:usedw_counter|   ; 8.2 (8.2)            ; 8.2 (8.2)                        ; 0.0 (0.0)                                         ; 0.0 (0.0)                        ; 0.0 (0.0)            ; 16 (16)             ; 15 (15)                   ; 0 (0)         ; 0                 ; 0     ; 0          ; 0    ; 0            ; |top|fifo_rom_v2:memory_buffer|fifo:row1|scfifo:scfifo_component|scfifo_7oe1:auto_generated|a_dpfifo_lic1:dpfifo|cntr_v27:usedw_counter  ; cntr_v27        ; work         ;
;       |fifo:row2|                            ; 43.5 (0.0)           ; 43.5 (0.0)                       ; 0.0 (0.0)                                         ; 0.0 (0.0)                        ; 0.0 (0.0)            ; 81 (0)              ; 70 (0)                    ; 0 (0)         ; 2048              ; 1     ; 0          ; 0    ; 0            ; |top|fifo_rom_v2:memory_buffer|fifo:row2                                                                                                 ; fifo            ; work         ;
;          |scfifo:scfifo_component|           ; 43.5 (0.0)           ; 43.5 (0.0)                       ; 0.0 (0.0)                                         ; 0.0 (0.0)                        ; 0.0 (0.0)            ; 81 (0)              ; 70 (0)                    ; 0 (0)         ; 2048              ; 1     ; 0          ; 0    ; 0            ; |top|fifo_rom_v2:memory_buffer|fifo:row2|scfifo:scfifo_component                                                                         ; scfifo          ; work         ;
;             |scfifo_7oe1:auto_generated|     ; 43.5 (0.0)           ; 43.5 (0.0)                       ; 0.0 (0.0)                                         ; 0.0 (0.0)                        ; 0.0 (0.0)            ; 81 (0)              ; 70 (0)                    ; 0 (0)         ; 2048              ; 1     ; 0          ; 0    ; 0            ; |top|fifo_rom_v2:memory_buffer|fifo:row2|scfifo:scfifo_component|scfifo_7oe1:auto_generated                                              ; scfifo_7oe1     ; work         ;
;                |a_dpfifo_lic1:dpfifo|        ; 43.5 (19.7)          ; 43.5 (19.7)                      ; 0.0 (0.0)                                         ; 0.0 (0.0)                        ; 0.0 (0.0)            ; 81 (33)             ; 70 (30)                   ; 0 (0)         ; 2048              ; 1     ; 0          ; 0    ; 0            ; |top|fifo_rom_v2:memory_buffer|fifo:row2|scfifo:scfifo_component|scfifo_7oe1:auto_generated|a_dpfifo_lic1:dpfifo                         ; a_dpfifo_lic1   ; work         ;
;                   |altsyncram_sep1:FIFOram|  ; 0.0 (0.0)            ; 0.0 (0.0)                        ; 0.0 (0.0)                                         ; 0.0 (0.0)                        ; 0.0 (0.0)            ; 0 (0)               ; 0 (0)                     ; 0 (0)         ; 2048              ; 1     ; 0          ; 0    ; 0            ; |top|fifo_rom_v2:memory_buffer|fifo:row2|scfifo:scfifo_component|scfifo_7oe1:auto_generated|a_dpfifo_lic1:dpfifo|altsyncram_sep1:FIFOram ; altsyncram_sep1 ; work         ;
;                   |cntr_i2b:rd_ptr_msb|      ; 5.8 (5.8)            ; 5.9 (5.9)                        ; 0.2 (0.2)                                         ; 0.0 (0.0)                        ; 0.0 (0.0)            ; 15 (15)             ; 7 (7)                     ; 0 (0)         ; 0                 ; 0     ; 0          ; 0    ; 0            ; |top|fifo_rom_v2:memory_buffer|fifo:row2|scfifo:scfifo_component|scfifo_7oe1:auto_generated|a_dpfifo_lic1:dpfifo|cntr_i2b:rd_ptr_msb     ; cntr_i2b        ; work         ;
;                   |cntr_j2b:wr_ptr|          ; 8.8 (8.8)            ; 8.8 (8.8)                        ; 0.0 (0.0)                                         ; 0.0 (0.0)                        ; 0.0 (0.0)            ; 17 (17)             ; 16 (16)                   ; 0 (0)         ; 0                 ; 0     ; 0          ; 0    ; 0            ; |top|fifo_rom_v2:memory_buffer|fifo:row2|scfifo:scfifo_component|scfifo_7oe1:auto_generated|a_dpfifo_lic1:dpfifo|cntr_j2b:wr_ptr         ; cntr_j2b        ; work         ;
;                   |cntr_v27:usedw_counter|   ; 8.3 (8.3)            ; 9.1 (9.1)                        ; 0.8 (0.8)                                         ; 0.0 (0.0)                        ; 0.0 (0.0)            ; 16 (16)             ; 17 (17)                   ; 0 (0)         ; 0                 ; 0     ; 0          ; 0    ; 0            ; |top|fifo_rom_v2:memory_buffer|fifo:row2|scfifo:scfifo_component|scfifo_7oe1:auto_generated|a_dpfifo_lic1:dpfifo|cntr_v27:usedw_counter  ; cntr_v27        ; work         ;
;       |rom1:pepper_data|                     ; 7.4 (0.0)            ; 10.7 (0.0)                       ; 3.9 (0.0)                                         ; 0.6 (0.0)                        ; 0.0 (0.0)            ; 8 (0)               ; 6 (0)                     ; 0 (0)         ; 524288            ; 64    ; 0          ; 0    ; 0            ; |top|fifo_rom_v2:memory_buffer|rom1:pepper_data                                                                                          ; rom1            ; work         ;
;          |altsyncram:altsyncram_component|   ; 7.4 (0.0)            ; 10.7 (0.0)                       ; 3.9 (0.0)                                         ; 0.6 (0.0)                        ; 0.0 (0.0)            ; 8 (0)               ; 6 (0)                     ; 0 (0)         ; 524288            ; 64    ; 0          ; 0    ; 0            ; |top|fifo_rom_v2:memory_buffer|rom1:pepper_data|altsyncram:altsyncram_component                                                          ; altsyncram      ; work         ;
;             |altsyncram_8nj1:auto_generated| ; 7.4 (2.0)            ; 10.7 (2.7)                       ; 3.9 (1.3)                                         ; 0.6 (0.6)                        ; 0.0 (0.0)            ; 8 (0)               ; 6 (6)                     ; 0 (0)         ; 524288            ; 64    ; 0          ; 0    ; 0            ; |top|fifo_rom_v2:memory_buffer|rom1:pepper_data|altsyncram:altsyncram_component|altsyncram_8nj1:auto_generated                           ; altsyncram_8nj1 ; work         ;
;                |decode_dla:rden_decode|      ; 5.3 (5.3)            ; 8.0 (8.0)                        ; 2.7 (2.7)                                         ; 0.0 (0.0)                        ; 0.0 (0.0)            ; 8 (8)               ; 0 (0)                     ; 0 (0)         ; 0                 ; 0     ; 0          ; 0    ; 0            ; |top|fifo_rom_v2:memory_buffer|rom1:pepper_data|altsyncram:altsyncram_component|altsyncram_8nj1:auto_generated|decode_dla:rden_decode    ; decode_dla      ; work         ;
;       |rom2:baboon_data|                     ; 9.5 (0.0)            ; 12.0 (0.0)                       ; 2.8 (0.0)                                         ; 0.3 (0.0)                        ; 0.0 (0.0)            ; 16 (0)              ; 6 (0)                     ; 0 (0)         ; 524288            ; 64    ; 0          ; 0    ; 0            ; |top|fifo_rom_v2:memory_buffer|rom2:baboon_data                                                                                          ; rom2            ; work         ;
;          |altsyncram:altsyncram_component|   ; 9.5 (0.0)            ; 12.0 (0.0)                       ; 2.8 (0.0)                                         ; 0.3 (0.0)                        ; 0.0 (0.0)            ; 16 (0)              ; 6 (0)                     ; 0 (0)         ; 524288            ; 64    ; 0          ; 0    ; 0            ; |top|fifo_rom_v2:memory_buffer|rom2:baboon_data|altsyncram:altsyncram_component                                                          ; altsyncram      ; work         ;
;             |altsyncram_dmj1:auto_generated| ; 9.5 (1.3)            ; 12.0 (3.0)                       ; 2.8 (1.8)                                         ; 0.3 (0.0)                        ; 0.0 (0.0)            ; 16 (0)              ; 6 (6)                     ; 0 (0)         ; 524288            ; 64    ; 0          ; 0    ; 0            ; |top|fifo_rom_v2:memory_buffer|rom2:baboon_data|altsyncram:altsyncram_component|altsyncram_dmj1:auto_generated                           ; altsyncram_dmj1 ; work         ;
;                |decode_dla:rden_decode|      ; 8.3 (8.3)            ; 9.0 (9.0)                        ; 1.0 (1.0)                                         ; 0.3 (0.3)                        ; 0.0 (0.0)            ; 16 (16)             ; 0 (0)                     ; 0 (0)         ; 0                 ; 0     ; 0          ; 0    ; 0            ; |top|fifo_rom_v2:memory_buffer|rom2:baboon_data|altsyncram:altsyncram_component|altsyncram_dmj1:auto_generated|decode_dla:rden_decode    ; decode_dla      ; work         ;
;       |rom:lena_data|                        ; 5.9 (0.0)            ; 10.0 (0.0)                       ; 4.3 (0.0)                                         ; 0.2 (0.0)                        ; 0.0 (0.0)            ; 8 (0)               ; 7 (0)                     ; 0 (0)         ; 524288            ; 64    ; 0          ; 0    ; 0            ; |top|fifo_rom_v2:memory_buffer|rom:lena_data                                                                                             ; rom             ; work         ;
;          |altsyncram:altsyncram_component|   ; 5.9 (0.0)            ; 10.0 (0.0)                       ; 4.3 (0.0)                                         ; 0.2 (0.0)                        ; 0.0 (0.0)            ; 8 (0)               ; 7 (0)                     ; 0 (0)         ; 524288            ; 64    ; 0          ; 0    ; 0            ; |top|fifo_rom_v2:memory_buffer|rom:lena_data|altsyncram:altsyncram_component                                                             ; altsyncram      ; work         ;
;             |altsyncram_tvi1:auto_generated| ; 5.9 (1.4)            ; 10.0 (2.0)                       ; 4.3 (0.7)                                         ; 0.2 (0.2)                        ; 0.0 (0.0)            ; 8 (0)               ; 7 (7)                     ; 0 (0)         ; 524288            ; 64    ; 0          ; 0    ; 0            ; |top|fifo_rom_v2:memory_buffer|rom:lena_data|altsyncram:altsyncram_component|altsyncram_tvi1:auto_generated                              ; altsyncram_tvi1 ; work         ;
;                |decode_dla:rden_decode|      ; 4.5 (4.5)            ; 8.0 (8.0)                        ; 3.5 (3.5)                                         ; 0.0 (0.0)                        ; 0.0 (0.0)            ; 8 (8)               ; 0 (0)                     ; 0 (0)         ; 0                 ; 0     ; 0          ; 0    ; 0            ; |top|fifo_rom_v2:memory_buffer|rom:lena_data|altsyncram:altsyncram_component|altsyncram_tvi1:auto_generated|decode_dla:rden_decode       ; decode_dla      ; work         ;
;    |median_filter:filter_module|             ; 246.3 (246.3)        ; 256.6 (256.6)                    ; 11.0 (11.0)                                       ; 0.7 (0.7)                        ; 0.0 (0.0)            ; 399 (399)           ; 165 (165)                 ; 0 (0)         ; 0                 ; 0     ; 0          ; 0    ; 0            ; |top|median_filter:filter_module                                                                                                         ; median_filter   ; work         ;
;    |vga_controller:VGA_u0|                   ; 39.9 (39.9)          ; 42.5 (42.5)                      ; 3.2 (3.2)                                         ; 0.5 (0.5)                        ; 0.0 (0.0)            ; 70 (70)             ; 44 (44)                   ; 0 (0)         ; 0                 ; 0     ; 0          ; 0    ; 0            ; |top|vga_controller:VGA_u0                                                                                                               ; vga_controller  ; work         ;
;    |win_gen:window_generation|               ; 63.5 (63.5)          ; 66.2 (66.2)                      ; 3.0 (3.0)                                         ; 0.3 (0.3)                        ; 0.0 (0.0)            ; 74 (74)             ; 114 (114)                 ; 0 (0)         ; 0                 ; 0     ; 0          ; 0    ; 0            ; |top|win_gen:window_generation                                                                                                           ; win_gen         ; work         ;
+----------------------------------------------+----------------------+----------------------------------+---------------------------------------------------+----------------------------------+----------------------+---------------------+---------------------------+---------------+-------------------+-------+------------+------+--------------+------------------------------------------------------------------------------------------------------------------------------------------+-----------------+--------------+
Note: For table entries with two numbers listed, the numbers in parentheses indicate the number of resources of the given type used by the specific entity alone. The numbers listed outside of parentheses indicate the total resources of the given type used by the specific entity and all of its sub-entities in the hierarchy.


+------------------------------------------------------------------------------------------------------------------------------+
; Delay Chain Summary                                                                                                          ;
+---------------+----------+----+------+------+----+------+-------+--------+------------------------+--------------------------+
; Name          ; Pin Type ; D1 ; D3_0 ; D3_1 ; D4 ; D5   ; D5 OE ; D5 OCT ; T11 (Postamble Gating) ; T11 (Postamble Ungating) ;
+---------------+----------+----+------+------+----+------+-------+--------+------------------------+--------------------------+
; outclk_150    ; Output   ; -- ; --   ; --   ; -- ; (0)  ; (31)  ; --     ; --                     ; --                       ;
; VGA_R[0]      ; Output   ; -- ; --   ; --   ; -- ; (0)  ; (31)  ; --     ; --                     ; --                       ;
; VGA_R[1]      ; Output   ; -- ; --   ; --   ; -- ; (0)  ; (31)  ; --     ; --                     ; --                       ;
; VGA_R[2]      ; Output   ; -- ; --   ; --   ; -- ; (0)  ; (31)  ; --     ; --                     ; --                       ;
; VGA_R[3]      ; Output   ; -- ; --   ; --   ; -- ; (0)  ; (31)  ; --     ; --                     ; --                       ;
; VGA_R[4]      ; Output   ; -- ; --   ; --   ; -- ; (0)  ; (31)  ; --     ; --                     ; --                       ;
; VGA_R[5]      ; Output   ; -- ; --   ; --   ; -- ; (0)  ; (31)  ; --     ; --                     ; --                       ;
; VGA_R[6]      ; Output   ; -- ; --   ; --   ; -- ; (0)  ; (31)  ; --     ; --                     ; --                       ;
; VGA_R[7]      ; Output   ; -- ; --   ; --   ; -- ; (0)  ; (31)  ; --     ; --                     ; --                       ;
; VGA_G[0]      ; Output   ; -- ; --   ; --   ; -- ; (0)  ; (31)  ; --     ; --                     ; --                       ;
; VGA_G[1]      ; Output   ; -- ; --   ; --   ; -- ; (0)  ; (31)  ; --     ; --                     ; --                       ;
; VGA_G[2]      ; Output   ; -- ; --   ; --   ; -- ; (0)  ; (31)  ; --     ; --                     ; --                       ;
; VGA_G[3]      ; Output   ; -- ; --   ; --   ; -- ; (0)  ; (31)  ; --     ; --                     ; --                       ;
; VGA_G[4]      ; Output   ; -- ; --   ; --   ; -- ; (0)  ; (31)  ; --     ; --                     ; --                       ;
; VGA_G[5]      ; Output   ; -- ; --   ; --   ; -- ; (0)  ; (31)  ; --     ; --                     ; --                       ;
; VGA_G[6]      ; Output   ; -- ; --   ; --   ; -- ; (0)  ; (31)  ; --     ; --                     ; --                       ;
; VGA_G[7]      ; Output   ; -- ; --   ; --   ; -- ; (0)  ; (31)  ; --     ; --                     ; --                       ;
; VGA_B[0]      ; Output   ; -- ; --   ; --   ; -- ; (0)  ; (31)  ; --     ; --                     ; --                       ;
; VGA_B[1]      ; Output   ; -- ; --   ; --   ; -- ; (0)  ; (31)  ; --     ; --                     ; --                       ;
; VGA_B[2]      ; Output   ; -- ; --   ; --   ; -- ; (0)  ; (31)  ; --     ; --                     ; --                       ;
; VGA_B[3]      ; Output   ; -- ; --   ; --   ; -- ; (0)  ; (31)  ; --     ; --                     ; --                       ;
; VGA_B[4]      ; Output   ; -- ; --   ; --   ; -- ; (0)  ; (31)  ; --     ; --                     ; --                       ;
; VGA_B[5]      ; Output   ; -- ; --   ; --   ; -- ; (0)  ; (31)  ; --     ; --                     ; --                       ;
; VGA_B[6]      ; Output   ; -- ; --   ; --   ; -- ; (0)  ; (31)  ; --     ; --                     ; --                       ;
; VGA_B[7]      ; Output   ; -- ; --   ; --   ; -- ; (0)  ; (31)  ; --     ; --                     ; --                       ;
; VGA_CLK       ; Output   ; -- ; --   ; --   ; -- ; (0)  ; (31)  ; --     ; --                     ; --                       ;
; VGA_HS        ; Output   ; -- ; --   ; --   ; -- ; (0)  ; (31)  ; --     ; --                     ; --                       ;
; VGA_VS        ; Output   ; -- ; --   ; --   ; -- ; (0)  ; (31)  ; --     ; --                     ; --                       ;
; VGA_BLANK_N   ; Output   ; -- ; --   ; --   ; -- ; (0)  ; (31)  ; --     ; --                     ; --                       ;
; VGA_SYNC_N    ; Output   ; -- ; --   ; --   ; -- ; (0)  ; (31)  ; --     ; --                     ; --                       ;
; new_pix_ff[0] ; Output   ; -- ; --   ; --   ; -- ; (0)  ; (31)  ; --     ; --                     ; --                       ;
; new_pix_ff[1] ; Output   ; -- ; --   ; --   ; -- ; (0)  ; (31)  ; --     ; --                     ; --                       ;
; new_pix_ff[2] ; Output   ; -- ; --   ; --   ; -- ; (0)  ; (31)  ; --     ; --                     ; --                       ;
; new_pix_ff[3] ; Output   ; -- ; --   ; --   ; -- ; (0)  ; (31)  ; --     ; --                     ; --                       ;
; new_pix_ff[4] ; Output   ; -- ; --   ; --   ; -- ; (0)  ; (31)  ; --     ; --                     ; --                       ;
; new_pix_ff[5] ; Output   ; -- ; --   ; --   ; -- ; (0)  ; (31)  ; --     ; --                     ; --                       ;
; new_pix_ff[6] ; Output   ; -- ; --   ; --   ; -- ; (0)  ; (31)  ; --     ; --                     ; --                       ;
; new_pix_ff[7] ; Output   ; -- ; --   ; --   ; -- ; (0)  ; (31)  ; --     ; --                     ; --                       ;
; done_filt_ff  ; Output   ; -- ; --   ; --   ; -- ; (0)  ; (31)  ; --     ; --                     ; --                       ;
; seg1[0]       ; Output   ; -- ; --   ; --   ; -- ; (0)  ; (31)  ; --     ; --                     ; --                       ;
; seg1[1]       ; Output   ; -- ; --   ; --   ; -- ; (0)  ; (31)  ; --     ; --                     ; --                       ;
; seg1[2]       ; Output   ; -- ; --   ; --   ; -- ; (0)  ; (31)  ; --     ; --                     ; --                       ;
; seg1[3]       ; Output   ; -- ; --   ; --   ; -- ; (0)  ; (31)  ; --     ; --                     ; --                       ;
; seg1[4]       ; Output   ; -- ; --   ; --   ; -- ; (0)  ; (31)  ; --     ; --                     ; --                       ;
; seg1[5]       ; Output   ; -- ; --   ; --   ; -- ; (0)  ; (31)  ; --     ; --                     ; --                       ;
; seg1[6]       ; Output   ; -- ; --   ; --   ; -- ; (0)  ; (31)  ; --     ; --                     ; --                       ;
; seg1[7]       ; Output   ; -- ; --   ; --   ; -- ; (0)  ; (31)  ; --     ; --                     ; --                       ;
; seg2[0]       ; Output   ; -- ; --   ; --   ; -- ; (0)  ; (31)  ; --     ; --                     ; --                       ;
; seg2[1]       ; Output   ; -- ; --   ; --   ; -- ; (0)  ; (31)  ; --     ; --                     ; --                       ;
; seg2[2]       ; Output   ; -- ; --   ; --   ; -- ; (0)  ; (31)  ; --     ; --                     ; --                       ;
; seg2[3]       ; Output   ; -- ; --   ; --   ; -- ; (0)  ; (31)  ; --     ; --                     ; --                       ;
; seg2[4]       ; Output   ; -- ; --   ; --   ; -- ; (0)  ; (31)  ; --     ; --                     ; --                       ;
; seg2[5]       ; Output   ; -- ; --   ; --   ; -- ; (0)  ; (31)  ; --     ; --                     ; --                       ;
; seg2[6]       ; Output   ; -- ; --   ; --   ; -- ; (0)  ; (31)  ; --     ; --                     ; --                       ;
; seg2[7]       ; Output   ; -- ; --   ; --   ; -- ; (0)  ; (31)  ; --     ; --                     ; --                       ;
; seg3[0]       ; Output   ; -- ; --   ; --   ; -- ; (0)  ; (31)  ; --     ; --                     ; --                       ;
; seg3[1]       ; Output   ; -- ; --   ; --   ; -- ; (0)  ; (31)  ; --     ; --                     ; --                       ;
; seg3[2]       ; Output   ; -- ; --   ; --   ; -- ; (0)  ; (31)  ; --     ; --                     ; --                       ;
; seg3[3]       ; Output   ; -- ; --   ; --   ; -- ; (0)  ; (31)  ; --     ; --                     ; --                       ;
; seg3[4]       ; Output   ; -- ; --   ; --   ; -- ; (0)  ; (31)  ; --     ; --                     ; --                       ;
; seg3[5]       ; Output   ; -- ; --   ; --   ; -- ; (0)  ; (31)  ; --     ; --                     ; --                       ;
; seg3[6]       ; Output   ; -- ; --   ; --   ; -- ; (0)  ; (31)  ; --     ; --                     ; --                       ;
; seg3[7]       ; Output   ; -- ; --   ; --   ; -- ; (0)  ; (31)  ; --     ; --                     ; --                       ;
; rst           ; Input    ; -- ; --   ; (1)  ; -- ; --   ; --    ; --     ; --                     ; --                       ;
; img_sel[0]    ; Input    ; -- ; (1)  ; --   ; -- ; --   ; --    ; --     ; --                     ; --                       ;
; img_sel[1]    ; Input    ; -- ; (0)  ; --   ; -- ; --   ; --    ; --     ; --                     ; --                       ;
; clk           ; Input    ; -- ; (0)  ; --   ; -- ; --   ; --    ; --     ; --                     ; --                       ;
+---------------+----------+----+------+------+----+------+-------+--------+------------------------+--------------------------+


+------------------------------------------------------------------------------------------------------------------------------------------------------------------------------+
; Pad To Core Delay Chain Fanout                                                                                                                                               ;
+------------------------------------------------------------------------------------------------------------------------------------------------+-------------------+---------+
; Source Pin / Fanout                                                                                                                            ; Pad To Core Index ; Setting ;
+------------------------------------------------------------------------------------------------------------------------------------------------+-------------------+---------+
; rst                                                                                                                                            ;                   ;         ;
;      - DPRAM:new_image_buffer|altsyncram:altsyncram_component|altsyncram_o2u1:auto_generated|ram_block1a0                                      ; 1                 ; 1       ;
;      - DPRAM:new_image_buffer|altsyncram:altsyncram_component|altsyncram_o2u1:auto_generated|ram_block1a1                                      ; 1                 ; 1       ;
;      - DPRAM:new_image_buffer|altsyncram:altsyncram_component|altsyncram_o2u1:auto_generated|ram_block1a2                                      ; 1                 ; 1       ;
;      - DPRAM:new_image_buffer|altsyncram:altsyncram_component|altsyncram_o2u1:auto_generated|ram_block1a3                                      ; 1                 ; 1       ;
;      - DPRAM:new_image_buffer|altsyncram:altsyncram_component|altsyncram_o2u1:auto_generated|ram_block1a4                                      ; 1                 ; 1       ;
;      - DPRAM:new_image_buffer|altsyncram:altsyncram_component|altsyncram_o2u1:auto_generated|ram_block1a5                                      ; 1                 ; 1       ;
;      - DPRAM:new_image_buffer|altsyncram:altsyncram_component|altsyncram_o2u1:auto_generated|ram_block1a6                                      ; 1                 ; 1       ;
;      - DPRAM:new_image_buffer|altsyncram:altsyncram_component|altsyncram_o2u1:auto_generated|ram_block1a7                                      ; 1                 ; 1       ;
;      - DPRAM:new_image_buffer|altsyncram:altsyncram_component|altsyncram_o2u1:auto_generated|ram_block1a8                                      ; 1                 ; 1       ;
;      - DPRAM:new_image_buffer|altsyncram:altsyncram_component|altsyncram_o2u1:auto_generated|ram_block1a9                                      ; 1                 ; 1       ;
;      - DPRAM:new_image_buffer|altsyncram:altsyncram_component|altsyncram_o2u1:auto_generated|ram_block1a10                                     ; 1                 ; 1       ;
;      - DPRAM:new_image_buffer|altsyncram:altsyncram_component|altsyncram_o2u1:auto_generated|ram_block1a11                                     ; 1                 ; 1       ;
;      - DPRAM:new_image_buffer|altsyncram:altsyncram_component|altsyncram_o2u1:auto_generated|ram_block1a12                                     ; 1                 ; 1       ;
;      - DPRAM:new_image_buffer|altsyncram:altsyncram_component|altsyncram_o2u1:auto_generated|ram_block1a13                                     ; 1                 ; 1       ;
;      - DPRAM:new_image_buffer|altsyncram:altsyncram_component|altsyncram_o2u1:auto_generated|ram_block1a14                                     ; 1                 ; 1       ;
;      - DPRAM:new_image_buffer|altsyncram:altsyncram_component|altsyncram_o2u1:auto_generated|ram_block1a15                                     ; 1                 ; 1       ;
;      - DPRAM:new_image_buffer|altsyncram:altsyncram_component|altsyncram_o2u1:auto_generated|ram_block1a16                                     ; 1                 ; 1       ;
;      - DPRAM:new_image_buffer|altsyncram:altsyncram_component|altsyncram_o2u1:auto_generated|ram_block1a17                                     ; 1                 ; 1       ;
;      - DPRAM:new_image_buffer|altsyncram:altsyncram_component|altsyncram_o2u1:auto_generated|ram_block1a18                                     ; 1                 ; 1       ;
;      - DPRAM:new_image_buffer|altsyncram:altsyncram_component|altsyncram_o2u1:auto_generated|ram_block1a19                                     ; 1                 ; 1       ;
;      - DPRAM:new_image_buffer|altsyncram:altsyncram_component|altsyncram_o2u1:auto_generated|ram_block1a20                                     ; 1                 ; 1       ;
;      - DPRAM:new_image_buffer|altsyncram:altsyncram_component|altsyncram_o2u1:auto_generated|ram_block1a21                                     ; 1                 ; 1       ;
;      - DPRAM:new_image_buffer|altsyncram:altsyncram_component|altsyncram_o2u1:auto_generated|ram_block1a22                                     ; 1                 ; 1       ;
;      - DPRAM:new_image_buffer|altsyncram:altsyncram_component|altsyncram_o2u1:auto_generated|ram_block1a23                                     ; 1                 ; 1       ;
;      - DPRAM:new_image_buffer|altsyncram:altsyncram_component|altsyncram_o2u1:auto_generated|ram_block1a24                                     ; 1                 ; 1       ;
;      - DPRAM:new_image_buffer|altsyncram:altsyncram_component|altsyncram_o2u1:auto_generated|ram_block1a25                                     ; 1                 ; 1       ;
;      - DPRAM:new_image_buffer|altsyncram:altsyncram_component|altsyncram_o2u1:auto_generated|ram_block1a26                                     ; 1                 ; 1       ;
;      - DPRAM:new_image_buffer|altsyncram:altsyncram_component|altsyncram_o2u1:auto_generated|ram_block1a27                                     ; 1                 ; 1       ;
;      - DPRAM:new_image_buffer|altsyncram:altsyncram_component|altsyncram_o2u1:auto_generated|ram_block1a28                                     ; 1                 ; 1       ;
;      - DPRAM:new_image_buffer|altsyncram:altsyncram_component|altsyncram_o2u1:auto_generated|ram_block1a29                                     ; 1                 ; 1       ;
;      - DPRAM:new_image_buffer|altsyncram:altsyncram_component|altsyncram_o2u1:auto_generated|ram_block1a30                                     ; 1                 ; 1       ;
;      - DPRAM:new_image_buffer|altsyncram:altsyncram_component|altsyncram_o2u1:auto_generated|ram_block1a31                                     ; 1                 ; 1       ;
;      - DPRAM:new_image_buffer|altsyncram:altsyncram_component|altsyncram_o2u1:auto_generated|ram_block1a32                                     ; 1                 ; 1       ;
;      - DPRAM:new_image_buffer|altsyncram:altsyncram_component|altsyncram_o2u1:auto_generated|ram_block1a33                                     ; 1                 ; 1       ;
;      - DPRAM:new_image_buffer|altsyncram:altsyncram_component|altsyncram_o2u1:auto_generated|ram_block1a34                                     ; 1                 ; 1       ;
;      - DPRAM:new_image_buffer|altsyncram:altsyncram_component|altsyncram_o2u1:auto_generated|ram_block1a35                                     ; 1                 ; 1       ;
;      - DPRAM:new_image_buffer|altsyncram:altsyncram_component|altsyncram_o2u1:auto_generated|ram_block1a36                                     ; 1                 ; 1       ;
;      - DPRAM:new_image_buffer|altsyncram:altsyncram_component|altsyncram_o2u1:auto_generated|ram_block1a37                                     ; 1                 ; 1       ;
;      - DPRAM:new_image_buffer|altsyncram:altsyncram_component|altsyncram_o2u1:auto_generated|ram_block1a38                                     ; 1                 ; 1       ;
;      - DPRAM:new_image_buffer|altsyncram:altsyncram_component|altsyncram_o2u1:auto_generated|ram_block1a39                                     ; 1                 ; 1       ;
;      - DPRAM:new_image_buffer|altsyncram:altsyncram_component|altsyncram_o2u1:auto_generated|ram_block1a40                                     ; 1                 ; 1       ;
;      - DPRAM:new_image_buffer|altsyncram:altsyncram_component|altsyncram_o2u1:auto_generated|ram_block1a41                                     ; 1                 ; 1       ;
;      - DPRAM:new_image_buffer|altsyncram:altsyncram_component|altsyncram_o2u1:auto_generated|ram_block1a42                                     ; 1                 ; 1       ;
;      - DPRAM:new_image_buffer|altsyncram:altsyncram_component|altsyncram_o2u1:auto_generated|ram_block1a43                                     ; 1                 ; 1       ;
;      - DPRAM:new_image_buffer|altsyncram:altsyncram_component|altsyncram_o2u1:auto_generated|ram_block1a44                                     ; 1                 ; 1       ;
;      - DPRAM:new_image_buffer|altsyncram:altsyncram_component|altsyncram_o2u1:auto_generated|ram_block1a45                                     ; 1                 ; 1       ;
;      - DPRAM:new_image_buffer|altsyncram:altsyncram_component|altsyncram_o2u1:auto_generated|ram_block1a46                                     ; 1                 ; 1       ;
;      - DPRAM:new_image_buffer|altsyncram:altsyncram_component|altsyncram_o2u1:auto_generated|ram_block1a47                                     ; 1                 ; 1       ;
;      - DPRAM:new_image_buffer|altsyncram:altsyncram_component|altsyncram_o2u1:auto_generated|ram_block1a48                                     ; 1                 ; 1       ;
;      - DPRAM:new_image_buffer|altsyncram:altsyncram_component|altsyncram_o2u1:auto_generated|ram_block1a49                                     ; 1                 ; 1       ;
;      - DPRAM:new_image_buffer|altsyncram:altsyncram_component|altsyncram_o2u1:auto_generated|ram_block1a50                                     ; 1                 ; 1       ;
;      - DPRAM:new_image_buffer|altsyncram:altsyncram_component|altsyncram_o2u1:auto_generated|ram_block1a51                                     ; 1                 ; 1       ;
;      - DPRAM:new_image_buffer|altsyncram:altsyncram_component|altsyncram_o2u1:auto_generated|ram_block1a52                                     ; 1                 ; 1       ;
;      - DPRAM:new_image_buffer|altsyncram:altsyncram_component|altsyncram_o2u1:auto_generated|ram_block1a53                                     ; 1                 ; 1       ;
;      - DPRAM:new_image_buffer|altsyncram:altsyncram_component|altsyncram_o2u1:auto_generated|ram_block1a54                                     ; 1                 ; 1       ;
;      - DPRAM:new_image_buffer|altsyncram:altsyncram_component|altsyncram_o2u1:auto_generated|ram_block1a55                                     ; 1                 ; 1       ;
;      - DPRAM:new_image_buffer|altsyncram:altsyncram_component|altsyncram_o2u1:auto_generated|ram_block1a56                                     ; 1                 ; 1       ;
;      - DPRAM:new_image_buffer|altsyncram:altsyncram_component|altsyncram_o2u1:auto_generated|ram_block1a57                                     ; 1                 ; 1       ;
;      - DPRAM:new_image_buffer|altsyncram:altsyncram_component|altsyncram_o2u1:auto_generated|ram_block1a58                                     ; 1                 ; 1       ;
;      - DPRAM:new_image_buffer|altsyncram:altsyncram_component|altsyncram_o2u1:auto_generated|ram_block1a59                                     ; 1                 ; 1       ;
;      - DPRAM:new_image_buffer|altsyncram:altsyncram_component|altsyncram_o2u1:auto_generated|ram_block1a60                                     ; 1                 ; 1       ;
;      - DPRAM:new_image_buffer|altsyncram:altsyncram_component|altsyncram_o2u1:auto_generated|ram_block1a61                                     ; 1                 ; 1       ;
;      - DPRAM:new_image_buffer|altsyncram:altsyncram_component|altsyncram_o2u1:auto_generated|ram_block1a62                                     ; 1                 ; 1       ;
;      - DPRAM:new_image_buffer|altsyncram:altsyncram_component|altsyncram_o2u1:auto_generated|ram_block1a63                                     ; 1                 ; 1       ;
;      - new_pix_ff[2]~reg0                                                                                                                      ; 1                 ; 1       ;
;      - new_pix_ff[7]~reg0                                                                                                                      ; 1                 ; 1       ;
;      - new_pix_ff[0]~reg0                                                                                                                      ; 1                 ; 1       ;
;      - new_pix_ff[6]~reg0                                                                                                                      ; 1                 ; 1       ;
;      - new_pix_ff[5]~reg0                                                                                                                      ; 1                 ; 1       ;
;      - new_pix_ff[4]~reg0                                                                                                                      ; 1                 ; 1       ;
;      - new_pix_ff[3]~reg0                                                                                                                      ; 1                 ; 1       ;
;      - new_pix_ff[1]~reg0                                                                                                                      ; 1                 ; 1       ;
;      - vga_controller:VGA_u0|R[0]~1                                                                                                            ; 1                 ; 1       ;
;      - vga_controller:VGA_u0|R[1]~3                                                                                                            ; 1                 ; 1       ;
;      - vga_controller:VGA_u0|R[2]~5                                                                                                            ; 1                 ; 1       ;
;      - vga_controller:VGA_u0|R[3]~7                                                                                                            ; 1                 ; 1       ;
;      - vga_controller:VGA_u0|R[4]~9                                                                                                            ; 1                 ; 1       ;
;      - vga_controller:VGA_u0|R[5]~11                                                                                                           ; 1                 ; 1       ;
;      - vga_controller:VGA_u0|R[6]~13                                                                                                           ; 1                 ; 1       ;
;      - vga_controller:VGA_u0|R[7]~15                                                                                                           ; 1                 ; 1       ;
;      - vga_controller:VGA_u0|rd_clken~3                                                                                                        ; 1                 ; 1       ;
;      - new_pix_ff[2]~0                                                                                                                         ; 1                 ; 1       ;
;      - done_filt_ff~0                                                                                                                          ; 1                 ; 1       ;
;      - median_filter:filter_module|state~18                                                                                                    ; 1                 ; 1       ;
;      - median_filter:filter_module|state~20                                                                                                    ; 1                 ; 1       ;
;      - median_filter:filter_module|state~21                                                                                                    ; 1                 ; 1       ;
;      - median_filter:filter_module|state~22                                                                                                    ; 1                 ; 1       ;
;      - median_filter:filter_module|state~23                                                                                                    ; 1                 ; 1       ;
;      - median_filter:filter_module|state~24                                                                                                    ; 1                 ; 1       ;
;      - median_filter:filter_module|state~26                                                                                                    ; 1                 ; 1       ;
;      - median_filter:filter_module|state~27                                                                                                    ; 1                 ; 1       ;
;      - median_filter:filter_module|state~28                                                                                                    ; 1                 ; 1       ;
;      - fifo_rom_v2:memory_buffer|fifo:row2|scfifo:scfifo_component|scfifo_7oe1:auto_generated|a_dpfifo_lic1:dpfifo|usedw_will_be_1~0           ; 1                 ; 1       ;
;      - fifo_rom_v2:memory_buffer|fifo:row2|scfifo:scfifo_component|scfifo_7oe1:auto_generated|a_dpfifo_lic1:dpfifo|usedw_will_be_1~1           ; 1                 ; 1       ;
;      - fifo_rom_v2:memory_buffer|fifo:row2|scfifo:scfifo_component|scfifo_7oe1:auto_generated|a_dpfifo_lic1:dpfifo|usedw_will_be_1~3           ; 1                 ; 1       ;
;      - fifo_rom_v2:memory_buffer|fifo:row2|scfifo:scfifo_component|scfifo_7oe1:auto_generated|a_dpfifo_lic1:dpfifo|usedw_will_be_0~0           ; 1                 ; 1       ;
;      - fifo_rom_v2:memory_buffer|fifo:row2|scfifo:scfifo_component|scfifo_7oe1:auto_generated|a_dpfifo_lic1:dpfifo|cntr_j2b:wr_ptr|_~0         ; 1                 ; 1       ;
;      - fifo_rom_v2:memory_buffer|fifo:row2|scfifo:scfifo_component|scfifo_7oe1:auto_generated|a_dpfifo_lic1:dpfifo|usedw_will_be_1~4           ; 1                 ; 1       ;
;      - fifo_rom_v2:memory_buffer|fifo:row2|scfifo:scfifo_component|scfifo_7oe1:auto_generated|a_dpfifo_lic1:dpfifo|cntr_i2b:rd_ptr_msb|_~0     ; 1                 ; 1       ;
;      - fifo_rom_v2:memory_buffer|fifo:row1|scfifo:scfifo_component|scfifo_7oe1:auto_generated|a_dpfifo_lic1:dpfifo|usedw_will_be_1~0           ; 1                 ; 1       ;
;      - fifo_rom_v2:memory_buffer|fifo:row1|scfifo:scfifo_component|scfifo_7oe1:auto_generated|a_dpfifo_lic1:dpfifo|cntr_j2b:wr_ptr|_~0         ; 1                 ; 1       ;
;      - fifo_rom_v2:memory_buffer|fifo:row1|scfifo:scfifo_component|scfifo_7oe1:auto_generated|a_dpfifo_lic1:dpfifo|cntr_i2b:rd_ptr_msb|_~0     ; 1                 ; 1       ;
;      - fifo_rom_v2:memory_buffer|fifo:row2|scfifo:scfifo_component|scfifo_7oe1:auto_generated|a_dpfifo_lic1:dpfifo|usedw_will_be_1~5           ; 1                 ; 1       ;
;      - fifo_rom_v2:memory_buffer|fifo:row1|scfifo:scfifo_component|scfifo_7oe1:auto_generated|a_dpfifo_lic1:dpfifo|usedw_will_be_1~3           ; 1                 ; 1       ;
;      - fifo_rom_v2:memory_buffer|fifo:row1|scfifo:scfifo_component|scfifo_7oe1:auto_generated|a_dpfifo_lic1:dpfifo|empty_dff_NEW_REG10         ; 1                 ; 1       ;
;      - fifo_rom_v2:memory_buffer|fifo:row2|scfifo:scfifo_component|scfifo_7oe1:auto_generated|a_dpfifo_lic1:dpfifo|rd_ptr_lsb_NEW_REG44_NEW620 ; 1                 ; 1       ;
;      - fifo_rom_v2:memory_buffer|fifo:row1|scfifo:scfifo_component|scfifo_7oe1:auto_generated|a_dpfifo_lic1:dpfifo|rd_ptr_lsb_NEW_REG50_NEW618 ; 1                 ; 1       ;
;      - fifo_rom_v2:memory_buffer|fifo:row2|scfifo:scfifo_component|scfifo_7oe1:auto_generated|a_dpfifo_lic1:dpfifo|rd_ptr_lsb_NEW_REG46_NEW850 ; 1                 ; 1       ;
;      - fifo_rom_v2:memory_buffer|fifo:row1|scfifo:scfifo_component|scfifo_7oe1:auto_generated|a_dpfifo_lic1:dpfifo|rd_ptr_lsb_NEW_REG52_NEW852 ; 1                 ; 1       ;
; img_sel[0]                                                                                                                                     ;                   ;         ;
;      - Decoder2~0                                                                                                                              ; 0                 ; 1       ;
;      - Decoder2~1                                                                                                                              ; 0                 ; 1       ;
;      - fifo_rom_v2:memory_buffer|img_sel_reg[0]~feeder                                                                                         ; 0                 ; 1       ;
; img_sel[1]                                                                                                                                     ;                   ;         ;
;      - Decoder2~0                                                                                                                              ; 0                 ; 0       ;
;      - Decoder2~1                                                                                                                              ; 0                 ; 0       ;
;      - fifo_rom_v2:memory_buffer|img_sel_reg[1]~feeder                                                                                         ; 0                 ; 0       ;
; clk                                                                                                                                            ;                   ;         ;
+------------------------------------------------------------------------------------------------------------------------------------------------+-------------------+---------+


+----------------------------------------------------------------------------------------------------------------------------------------------------------------------------------------------------------------------------------------------------------------------------------------------------+
; Control Signals                                                                                                                                                                                                                                                                                    ;
+-------------------------------------------------------------------------------------------------------------------------------------------------+----------------------------+---------+----------------------------+--------+----------------------+------------------+---------------------------+
; Name                                                                                                                                            ; Location                   ; Fan-Out ; Usage                      ; Global ; Global Resource Used ; Global Line Name ; Enable Signal Source Name ;
+-------------------------------------------------------------------------------------------------------------------------------------------------+----------------------------+---------+----------------------------+--------+----------------------+------------------+---------------------------+
; DPRAM:new_image_buffer|altsyncram:altsyncram_component|altsyncram_o2u1:auto_generated|decode_dla:decode2|w_anode278w[3]                         ; MLABCELL_X34_Y7_N51        ; 8       ; Write enable               ; no     ; --                   ; --               ; --                        ;
; DPRAM:new_image_buffer|altsyncram:altsyncram_component|altsyncram_o2u1:auto_generated|decode_dla:decode2|w_anode295w[3]                         ; MLABCELL_X34_Y7_N39        ; 8       ; Write enable               ; no     ; --                   ; --               ; --                        ;
; DPRAM:new_image_buffer|altsyncram:altsyncram_component|altsyncram_o2u1:auto_generated|decode_dla:decode2|w_anode305w[3]                         ; MLABCELL_X34_Y7_N36        ; 8       ; Write enable               ; no     ; --                   ; --               ; --                        ;
; DPRAM:new_image_buffer|altsyncram:altsyncram_component|altsyncram_o2u1:auto_generated|decode_dla:decode2|w_anode315w[3]                         ; MLABCELL_X34_Y7_N21        ; 8       ; Write enable               ; no     ; --                   ; --               ; --                        ;
; DPRAM:new_image_buffer|altsyncram:altsyncram_component|altsyncram_o2u1:auto_generated|decode_dla:decode2|w_anode325w[3]                         ; MLABCELL_X34_Y7_N24        ; 8       ; Write enable               ; no     ; --                   ; --               ; --                        ;
; DPRAM:new_image_buffer|altsyncram:altsyncram_component|altsyncram_o2u1:auto_generated|decode_dla:decode2|w_anode335w[3]                         ; MLABCELL_X34_Y7_N54        ; 8       ; Write enable               ; no     ; --                   ; --               ; --                        ;
; DPRAM:new_image_buffer|altsyncram:altsyncram_component|altsyncram_o2u1:auto_generated|decode_dla:decode2|w_anode345w[3]                         ; MLABCELL_X34_Y7_N3         ; 8       ; Write enable               ; no     ; --                   ; --               ; --                        ;
; DPRAM:new_image_buffer|altsyncram:altsyncram_component|altsyncram_o2u1:auto_generated|decode_dla:decode2|w_anode355w[3]                         ; MLABCELL_X34_Y7_N30        ; 8       ; Write enable               ; no     ; --                   ; --               ; --                        ;
; PLL_cyc:PLL_inst|PLL_cyc_0002:pll_cyc_inst|altera_pll:altera_pll_i|outclk_wire[0]                                                               ; PLLOUTPUTCOUNTER_X0_Y20_N1 ; 823     ; Clock                      ; yes    ; Global Clock         ; GCLK1            ; --                        ;
; PLL_cyc:PLL_inst|PLL_cyc_0002:pll_cyc_inst|altera_pll:altera_pll_i|outclk_wire[1]                                                               ; PLLOUTPUTCOUNTER_X0_Y21_N1 ; 115     ; Clock                      ; yes    ; Global Clock         ; GCLK6            ; --                        ;
; fifo_rom_v2:memory_buffer|addr[13]~1                                                                                                            ; LABCELL_X42_Y20_N12        ; 26      ; Clock enable               ; no     ; --                   ; --               ; --                        ;
; fifo_rom_v2:memory_buffer|comb~0                                                                                                                ; LABCELL_X42_Y21_N51        ; 3       ; Clock enable               ; no     ; --                   ; --               ; --                        ;
; fifo_rom_v2:memory_buffer|comb~1                                                                                                                ; LABCELL_X42_Y30_N57        ; 3       ; Clock enable               ; no     ; --                   ; --               ; --                        ;
; fifo_rom_v2:memory_buffer|comb~2                                                                                                                ; LABCELL_X42_Y30_N36        ; 3       ; Clock enable               ; no     ; --                   ; --               ; --                        ;
; fifo_rom_v2:memory_buffer|fifo:row1|scfifo:scfifo_component|scfifo_7oe1:auto_generated|a_dpfifo_lic1:dpfifo|valid_rreq                          ; LABCELL_X35_Y15_N15        ; 2       ; Clock enable               ; no     ; --                   ; --               ; --                        ;
; fifo_rom_v2:memory_buffer|fifo:row1|scfifo:scfifo_component|scfifo_7oe1:auto_generated|a_dpfifo_lic1:dpfifo|valid_wreq                          ; MLABCELL_X34_Y15_N6        ; 10      ; Clock enable, Write enable ; no     ; --                   ; --               ; --                        ;
; fifo_rom_v2:memory_buffer|fifo:row2|scfifo:scfifo_component|scfifo_7oe1:auto_generated|a_dpfifo_lic1:dpfifo|valid_rreq                          ; LABCELL_X35_Y18_N27        ; 7       ; Clock enable               ; no     ; --                   ; --               ; --                        ;
; fifo_rom_v2:memory_buffer|fifo:row2|scfifo:scfifo_component|scfifo_7oe1:auto_generated|a_dpfifo_lic1:dpfifo|valid_wreq~0                        ; LABCELL_X36_Y18_N3         ; 12      ; Clock enable, Write enable ; no     ; --                   ; --               ; --                        ;
; fifo_rom_v2:memory_buffer|rom1:pepper_data|altsyncram:altsyncram_component|altsyncram_8nj1:auto_generated|decode_dla:rden_decode|w_anode278w[3] ; LABCELL_X42_Y29_N48        ; 8       ; Clock enable               ; no     ; --                   ; --               ; --                        ;
; fifo_rom_v2:memory_buffer|rom1:pepper_data|altsyncram:altsyncram_component|altsyncram_8nj1:auto_generated|decode_dla:rden_decode|w_anode295w[3] ; LABCELL_X43_Y31_N0         ; 8       ; Clock enable               ; no     ; --                   ; --               ; --                        ;
; fifo_rom_v2:memory_buffer|rom1:pepper_data|altsyncram:altsyncram_component|altsyncram_8nj1:auto_generated|decode_dla:rden_decode|w_anode305w[3] ; LABCELL_X42_Y32_N24        ; 8       ; Clock enable               ; no     ; --                   ; --               ; --                        ;
; fifo_rom_v2:memory_buffer|rom1:pepper_data|altsyncram:altsyncram_component|altsyncram_8nj1:auto_generated|decode_dla:rden_decode|w_anode315w[3] ; MLABCELL_X39_Y30_N15       ; 8       ; Clock enable               ; no     ; --                   ; --               ; --                        ;
; fifo_rom_v2:memory_buffer|rom1:pepper_data|altsyncram:altsyncram_component|altsyncram_8nj1:auto_generated|decode_dla:rden_decode|w_anode325w[3] ; LABCELL_X42_Y25_N24        ; 8       ; Clock enable               ; no     ; --                   ; --               ; --                        ;
; fifo_rom_v2:memory_buffer|rom1:pepper_data|altsyncram:altsyncram_component|altsyncram_8nj1:auto_generated|decode_dla:rden_decode|w_anode335w[3] ; LABCELL_X48_Y28_N27        ; 8       ; Clock enable               ; no     ; --                   ; --               ; --                        ;
; fifo_rom_v2:memory_buffer|rom1:pepper_data|altsyncram:altsyncram_component|altsyncram_8nj1:auto_generated|decode_dla:rden_decode|w_anode345w[3] ; LABCELL_X42_Y30_N3         ; 8       ; Clock enable               ; no     ; --                   ; --               ; --                        ;
; fifo_rom_v2:memory_buffer|rom1:pepper_data|altsyncram:altsyncram_component|altsyncram_8nj1:auto_generated|decode_dla:rden_decode|w_anode355w[3] ; LABCELL_X48_Y31_N12        ; 8       ; Clock enable               ; no     ; --                   ; --               ; --                        ;
; fifo_rom_v2:memory_buffer|rom2:baboon_data|altsyncram:altsyncram_component|altsyncram_dmj1:auto_generated|decode_dla:rden_decode|w_anode278w[3] ; LABCELL_X43_Y18_N48        ; 8       ; Clock enable               ; no     ; --                   ; --               ; --                        ;
; fifo_rom_v2:memory_buffer|rom2:baboon_data|altsyncram:altsyncram_component|altsyncram_dmj1:auto_generated|decode_dla:rden_decode|w_anode295w[3] ; LABCELL_X57_Y19_N48        ; 8       ; Clock enable               ; no     ; --                   ; --               ; --                        ;
; fifo_rom_v2:memory_buffer|rom2:baboon_data|altsyncram:altsyncram_component|altsyncram_dmj1:auto_generated|decode_dla:rden_decode|w_anode305w[3] ; LABCELL_X43_Y17_N54        ; 8       ; Clock enable               ; no     ; --                   ; --               ; --                        ;
; fifo_rom_v2:memory_buffer|rom2:baboon_data|altsyncram:altsyncram_component|altsyncram_dmj1:auto_generated|decode_dla:rden_decode|w_anode315w[3] ; LABCELL_X43_Y17_N48        ; 8       ; Clock enable               ; no     ; --                   ; --               ; --                        ;
; fifo_rom_v2:memory_buffer|rom2:baboon_data|altsyncram:altsyncram_component|altsyncram_dmj1:auto_generated|decode_dla:rden_decode|w_anode325w[3] ; LABCELL_X57_Y21_N48        ; 8       ; Clock enable               ; no     ; --                   ; --               ; --                        ;
; fifo_rom_v2:memory_buffer|rom2:baboon_data|altsyncram:altsyncram_component|altsyncram_dmj1:auto_generated|decode_dla:rden_decode|w_anode335w[3] ; LABCELL_X73_Y20_N39        ; 8       ; Clock enable               ; no     ; --                   ; --               ; --                        ;
; fifo_rom_v2:memory_buffer|rom2:baboon_data|altsyncram:altsyncram_component|altsyncram_dmj1:auto_generated|decode_dla:rden_decode|w_anode345w[3] ; LABCELL_X57_Y21_N42        ; 8       ; Clock enable               ; no     ; --                   ; --               ; --                        ;
; fifo_rom_v2:memory_buffer|rom2:baboon_data|altsyncram:altsyncram_component|altsyncram_dmj1:auto_generated|decode_dla:rden_decode|w_anode355w[3] ; LABCELL_X43_Y17_N0         ; 8       ; Clock enable               ; no     ; --                   ; --               ; --                        ;
; fifo_rom_v2:memory_buffer|rom:lena_data|altsyncram:altsyncram_component|altsyncram_tvi1:auto_generated|decode_dla:rden_decode|w_anode278w[3]    ; LABCELL_X42_Y32_N51        ; 8       ; Clock enable               ; no     ; --                   ; --               ; --                        ;
; fifo_rom_v2:memory_buffer|rom:lena_data|altsyncram:altsyncram_component|altsyncram_tvi1:auto_generated|decode_dla:rden_decode|w_anode295w[3]    ; MLABCELL_X39_Y33_N39       ; 8       ; Clock enable               ; no     ; --                   ; --               ; --                        ;
; fifo_rom_v2:memory_buffer|rom:lena_data|altsyncram:altsyncram_component|altsyncram_tvi1:auto_generated|decode_dla:rden_decode|w_anode305w[3]    ; LABCELL_X42_Y31_N27        ; 8       ; Clock enable               ; no     ; --                   ; --               ; --                        ;
; fifo_rom_v2:memory_buffer|rom:lena_data|altsyncram:altsyncram_component|altsyncram_tvi1:auto_generated|decode_dla:rden_decode|w_anode315w[3]    ; LABCELL_X42_Y31_N6         ; 8       ; Clock enable               ; no     ; --                   ; --               ; --                        ;
; fifo_rom_v2:memory_buffer|rom:lena_data|altsyncram:altsyncram_component|altsyncram_tvi1:auto_generated|decode_dla:rden_decode|w_anode325w[3]    ; LABCELL_X42_Y21_N24        ; 8       ; Clock enable               ; no     ; --                   ; --               ; --                        ;
; fifo_rom_v2:memory_buffer|rom:lena_data|altsyncram:altsyncram_component|altsyncram_tvi1:auto_generated|decode_dla:rden_decode|w_anode335w[3]    ; LABCELL_X42_Y25_N30        ; 8       ; Clock enable               ; no     ; --                   ; --               ; --                        ;
; fifo_rom_v2:memory_buffer|rom:lena_data|altsyncram:altsyncram_component|altsyncram_tvi1:auto_generated|decode_dla:rden_decode|w_anode345w[3]    ; LABCELL_X42_Y21_N30        ; 8       ; Clock enable               ; no     ; --                   ; --               ; --                        ;
; fifo_rom_v2:memory_buffer|rom:lena_data|altsyncram:altsyncram_component|altsyncram_tvi1:auto_generated|decode_dla:rden_decode|w_anode355w[3]    ; LABCELL_X42_Y25_N48        ; 8       ; Clock enable               ; no     ; --                   ; --               ; --                        ;
; fifo_rom_v2:memory_buffer|state~13                                                                                                              ; LABCELL_X35_Y15_N12        ; 31      ; Sync. clear                ; no     ; --                   ; --               ; --                        ;
; fifo_rom_v2:memory_buffer|state~17                                                                                                              ; LABCELL_X36_Y14_N15        ; 33      ; Clock enable, Sync. clear  ; no     ; --                   ; --               ; --                        ;
; median_filter:filter_module|new_pix~0                                                                                                           ; LABCELL_X33_Y8_N24         ; 8       ; Sync. load                 ; no     ; --                   ; --               ; --                        ;
; median_filter:filter_module|state~25                                                                                                            ; MLABCELL_X34_Y12_N0        ; 76      ; Clock enable               ; no     ; --                   ; --               ; --                        ;
; new_pix_ff[2]~0                                                                                                                                 ; MLABCELL_X34_Y9_N36        ; 9       ; Clock enable               ; no     ; --                   ; --               ; --                        ;
; rst                                                                                                                                             ; PIN_AB12                   ; 109     ; Async. clear, Sync. clear  ; no     ; --                   ; --               ; --                        ;
; vga_controller:VGA_u0|Equal0~2                                                                                                                  ; LABCELL_X36_Y7_N36         ; 24      ; Clock enable, Sync. clear  ; no     ; --                   ; --               ; --                        ;
; vga_controller:VGA_u0|Equal1~2                                                                                                                  ; LABCELL_X33_Y9_N9          ; 12      ; Sync. clear                ; no     ; --                   ; --               ; --                        ;
; vga_controller:VGA_u0|rd_addr[15]~1                                                                                                             ; MLABCELL_X39_Y6_N54        ; 18      ; Clock enable               ; no     ; --                   ; --               ; --                        ;
; vga_controller:VGA_u0|rd_addr~0                                                                                                                 ; MLABCELL_X39_Y6_N57        ; 18      ; Sync. clear                ; no     ; --                   ; --               ; --                        ;
; vga_controller:VGA_u0|rd_clken~3                                                                                                                ; LABCELL_X36_Y7_N54         ; 70      ; Clock enable               ; no     ; --                   ; --               ; --                        ;
; win_gen:window_generation|Equal6~2                                                                                                              ; LABCELL_X43_Y27_N0         ; 8       ; Sync. clear                ; no     ; --                   ; --               ; --                        ;
; win_gen:window_generation|p5[0]~0                                                                                                               ; MLABCELL_X34_Y12_N42       ; 74      ; Clock enable               ; no     ; --                   ; --               ; --                        ;
; win_gen:window_generation|state~11                                                                                                              ; MLABCELL_X34_Y12_N27       ; 29      ; Sync. load                 ; no     ; --                   ; --               ; --                        ;
+-------------------------------------------------------------------------------------------------------------------------------------------------+----------------------------+---------+----------------------------+--------+----------------------+------------------+---------------------------+


+--------------------------------------------------------------------------------------------------------------------------------------------------------------------------------------------------+
; Global & Other Fast Signals                                                                                                                                                                      ;
+-------------------------------------------------------------------------------------+----------------------------+---------+----------------------+------------------+---------------------------+
; Name                                                                                ; Location                   ; Fan-Out ; Global Resource Used ; Global Line Name ; Enable Signal Source Name ;
+-------------------------------------------------------------------------------------+----------------------------+---------+----------------------+------------------+---------------------------+
; PLL_cyc:PLL_inst|PLL_cyc_0002:pll_cyc_inst|altera_pll:altera_pll_i|fboutclk_wire[0] ; FRACTIONALPLL_X0_Y15_N0    ; 1       ; Global Clock         ; --               ; --                        ;
; PLL_cyc:PLL_inst|PLL_cyc_0002:pll_cyc_inst|altera_pll:altera_pll_i|outclk_wire[0]   ; PLLOUTPUTCOUNTER_X0_Y20_N1 ; 823     ; Global Clock         ; GCLK1            ; --                        ;
; PLL_cyc:PLL_inst|PLL_cyc_0002:pll_cyc_inst|altera_pll:altera_pll_i|outclk_wire[1]   ; PLLOUTPUTCOUNTER_X0_Y21_N1 ; 115     ; Global Clock         ; GCLK6            ; --                        ;
+-------------------------------------------------------------------------------------+----------------------------+---------+----------------------+------------------+---------------------------+


+----------------------------------------------------------------------------------------------------------------------------------------------------------------------------------------------------------------------------------------------------------------------------------------------------------------------------------------------------------------------------------------------------------------------------------------------------------------------------------------------------------------------------------------------------------------------------------------------------------------------------------------------------------------------------------------------------------------------------------------------------------------------------------------------------------------------------------------------------------------------------------------------------------------------------------------------------------------------------------------------------------------------------------------------------------------------------------------------------------------------------------------------------------------------------------------------------------------------------------------------------------------------------------------------------------------------------------------------------------------------------------------------------------------------------------------------------------------------------------------------------------------------------------------------------------------------------------------------------------------------------------------------------------------------------------------------------------------------------------------------------------------------------------------------------------------------------------------------+
; Fitter RAM Summary                                                                                                                                                                                                                                                                                                                                                                                                                                                                                                                                                                                                                                                                                                                                                                                                                                                                                                                                                                                                                                                                                                                                                                                                                                                                                                                                                                                                                                                                                                                                                                                                                                                                                                                                                                                                                           ;
+------------------------------------------------------------------------------------------------------------------------------------------------+------------+------------------+--------------+--------------+--------------+--------------+--------------+------------------------+-------------------------+------------------------+-------------------------+--------+-----------------------------+-----------------------------+-----------------------------+-----------------------------+---------------------+-------------+-------+----------------------------+--------------------------------------------------------------------------------------------------------------------------------------------------------------------------------------------------------------------------------------------------------------------------------------------------------------------------------------------------------------------------------------------------------------------------------------------------------------------------------------------------------------------------------------------------------------------------------------------------------------------------------------------------------------------------------------------------------------------------------------------------------------------------------------------------------------------------------------------------------------------------------------------------------------------------------------------------------------------------------------------------------------------------------------------------------------------------------------------------------------------------------+----------------------+-----------------+-----------------+----------+------------------------+----------------------------------+
; Name                                                                                                                                           ; Type       ; Mode             ; Clock Mode   ; Port A Depth ; Port A Width ; Port B Depth ; Port B Width ; Port A Input Registers ; Port A Output Registers ; Port B Input Registers ; Port B Output Registers ; Size   ; Implementation Port A Depth ; Implementation Port A Width ; Implementation Port B Depth ; Implementation Port B Width ; Implementation Bits ; M10K blocks ; MLABs ; MIF                        ; Location                                                                                                                                                                                                                                                                                                                                                                                                                                                                                                                                                                                                                                                                                                                                                                                                                                                                                                                                                                                                                                                                                                                       ; Mixed Width RDW Mode ; Port A RDW Mode ; Port B RDW Mode ; ECC Mode ; ECC Pipeline Registers ; Fits in MLABs                    ;
+------------------------------------------------------------------------------------------------------------------------------------------------+------------+------------------+--------------+--------------+--------------+--------------+--------------+------------------------+-------------------------+------------------------+-------------------------+--------+-----------------------------+-----------------------------+-----------------------------+-----------------------------+---------------------+-------------+-------+----------------------------+--------------------------------------------------------------------------------------------------------------------------------------------------------------------------------------------------------------------------------------------------------------------------------------------------------------------------------------------------------------------------------------------------------------------------------------------------------------------------------------------------------------------------------------------------------------------------------------------------------------------------------------------------------------------------------------------------------------------------------------------------------------------------------------------------------------------------------------------------------------------------------------------------------------------------------------------------------------------------------------------------------------------------------------------------------------------------------------------------------------------------------+----------------------+-----------------+-----------------+----------+------------------------+----------------------------------+
; DPRAM:new_image_buffer|altsyncram:altsyncram_component|altsyncram_o2u1:auto_generated|ALTSYNCRAM                                               ; M10K block ; Simple Dual Port ; Dual Clocks  ; 65536        ; 8            ; 65536        ; 8            ; yes                    ; no                      ; yes                    ; yes                     ; 524288 ; 65536                       ; 8                           ; 65536                       ; 8                           ; 524288              ; 64          ; 0     ; None                       ; M10K_X26_Y12_N0, M10K_X41_Y10_N0, M10K_X49_Y6_N0, M10K_X49_Y4_N0, M10K_X41_Y5_N0, M10K_X41_Y3_N0, M10K_X49_Y10_N0, M10K_X41_Y11_N0, M10K_X41_Y12_N0, M10K_X49_Y11_N0, M10K_X41_Y9_N0, M10K_X41_Y2_N0, M10K_X26_Y4_N0, M10K_X26_Y2_N0, M10K_X14_Y2_N0, M10K_X14_Y11_N0, M10K_X5_Y6_N0, M10K_X49_Y5_N0, M10K_X41_Y6_N0, M10K_X26_Y6_N0, M10K_X38_Y6_N0, M10K_X5_Y4_N0, M10K_X49_Y7_N0, M10K_X49_Y8_N0, M10K_X38_Y12_N0, M10K_X38_Y11_N0, M10K_X5_Y7_N0, M10K_X38_Y2_N0, M10K_X26_Y1_N0, M10K_X14_Y3_N0, M10K_X26_Y11_N0, M10K_X5_Y8_N0, M10K_X38_Y9_N0, M10K_X41_Y4_N0, M10K_X41_Y7_N0, M10K_X49_Y2_N0, M10K_X41_Y1_N0, M10K_X38_Y8_N0, M10K_X49_Y3_N0, M10K_X49_Y9_N0, M10K_X14_Y10_N0, M10K_X41_Y8_N0, M10K_X14_Y7_N0, M10K_X38_Y4_N0, M10K_X38_Y1_N0, M10K_X26_Y3_N0, M10K_X14_Y6_N0, M10K_X14_Y8_N0, M10K_X26_Y10_N0, M10K_X38_Y7_N0, M10K_X14_Y9_N0, M10K_X38_Y3_N0, M10K_X49_Y1_N0, M10K_X14_Y4_N0, M10K_X14_Y5_N0, M10K_X26_Y9_N0, M10K_X26_Y7_N0, M10K_X38_Y10_N0, M10K_X5_Y5_N0, M10K_X38_Y5_N0, M10K_X26_Y5_N0, M10K_X5_Y9_N0, M10K_X5_Y10_N0, M10K_X26_Y8_N0                                                          ; Don't care           ; New data        ; New data        ; Off      ; No                     ; No - Address Too Wide            ;
; fifo_rom_v2:memory_buffer|fifo:row1|scfifo:scfifo_component|scfifo_7oe1:auto_generated|a_dpfifo_lic1:dpfifo|altsyncram_sep1:FIFOram|ALTSYNCRAM ; M10K block ; Simple Dual Port ; Single Clock ; 256          ; 8            ; 256          ; 8            ; yes                    ; no                      ; yes                    ; yes                     ; 2048   ; 256                         ; 8                           ; 256                         ; 8                           ; 2048                ; 1           ; 0     ; None                       ; M10K_X38_Y15_N0                                                                                                                                                                                                                                                                                                                                                                                                                                                                                                                                                                                                                                                                                                                                                                                                                                                                                                                                                                                                                                                                                                                ; Don't care           ; New data        ; New data        ; Off      ; No                     ; No - Block Type Set to Block RAM ;
; fifo_rom_v2:memory_buffer|fifo:row2|scfifo:scfifo_component|scfifo_7oe1:auto_generated|a_dpfifo_lic1:dpfifo|altsyncram_sep1:FIFOram|ALTSYNCRAM ; M10K block ; Simple Dual Port ; Single Clock ; 256          ; 8            ; 256          ; 8            ; yes                    ; no                      ; yes                    ; yes                     ; 2048   ; 256                         ; 8                           ; 256                         ; 8                           ; 2048                ; 1           ; 0     ; None                       ; M10K_X38_Y17_N0                                                                                                                                                                                                                                                                                                                                                                                                                                                                                                                                                                                                                                                                                                                                                                                                                                                                                                                                                                                                                                                                                                                ; Don't care           ; New data        ; New data        ; Off      ; No                     ; No - Block Type Set to Block RAM ;
; fifo_rom_v2:memory_buffer|rom1:pepper_data|altsyncram:altsyncram_component|altsyncram_8nj1:auto_generated|ALTSYNCRAM                           ; M10K block ; ROM              ; Single Clock ; 65536        ; 8            ; --           ; --           ; yes                    ; yes                     ; --                     ; --                      ; 524288 ; 65536                       ; 8                           ; --                          ; --                          ; 524288              ; 64          ; 0     ; noisy_img_pepper_snp15.mif ; M10K_X14_Y29_N0, M10K_X49_Y33_N0, M10K_X58_Y34_N0, M10K_X38_Y38_N0, M10K_X14_Y26_N0, M10K_X49_Y36_N0, M10K_X14_Y27_N0, M10K_X49_Y39_N0, M10K_X41_Y29_N0, M10K_X14_Y31_N0, M10K_X41_Y42_N0, M10K_X38_Y42_N0, M10K_X76_Y25_N0, M10K_X58_Y27_N0, M10K_X26_Y27_N0, M10K_X49_Y40_N0, M10K_X58_Y29_N0, M10K_X26_Y31_N0, M10K_X26_Y32_N0, M10K_X38_Y29_N0, M10K_X41_Y25_N0, M10K_X58_Y28_N0, M10K_X41_Y31_N0, M10K_X49_Y27_N0, M10K_X49_Y29_N0, M10K_X49_Y35_N0, M10K_X26_Y37_N0, M10K_X38_Y34_N0, M10K_X41_Y26_N0, M10K_X41_Y28_N0, M10K_X69_Y30_N0, M10K_X58_Y31_N0, M10K_X58_Y30_N0, M10K_X76_Y31_N0, M10K_X26_Y40_N0, M10K_X38_Y28_N0, M10K_X58_Y36_N0, M10K_X69_Y28_N0, M10K_X26_Y30_N0, M10K_X49_Y31_N0, M10K_X41_Y27_N0, M10K_X41_Y44_N0, M10K_X69_Y32_N0, M10K_X38_Y26_N0, M10K_X69_Y25_N0, M10K_X26_Y28_N0, M10K_X14_Y28_N0, M10K_X49_Y30_N0, M10K_X41_Y32_N0, M10K_X58_Y33_N0, M10K_X41_Y43_N0, M10K_X38_Y30_N0, M10K_X69_Y27_N0, M10K_X49_Y26_N0, M10K_X41_Y30_N0, M10K_X49_Y38_N0, M10K_X69_Y29_N0, M10K_X49_Y32_N0, M10K_X69_Y33_N0, M10K_X38_Y27_N0, M10K_X26_Y25_N0, M10K_X49_Y28_N0, M10K_X14_Y30_N0, M10K_X49_Y41_N0 ; Don't care           ; New data        ; New data        ; Off      ; No                     ; No - Address Too Wide            ;
; fifo_rom_v2:memory_buffer|rom2:baboon_data|altsyncram:altsyncram_component|altsyncram_dmj1:auto_generated|ALTSYNCRAM                           ; M10K block ; ROM              ; Single Clock ; 65536        ; 8            ; --           ; --           ; yes                    ; yes                     ; --                     ; --                      ; 524288 ; 65536                       ; 8                           ; --                          ; --                          ; 524288              ; 64          ; 0     ; noisy_img_baboon_snp15.mif ; M10K_X69_Y34_N0, M10K_X76_Y19_N0, M10K_X49_Y22_N0, M10K_X49_Y17_N0, M10K_X38_Y16_N0, M10K_X58_Y16_N0, M10K_X14_Y17_N0, M10K_X76_Y17_N0, M10K_X69_Y24_N0, M10K_X76_Y23_N0, M10K_X58_Y23_N0, M10K_X69_Y12_N0, M10K_X49_Y18_N0, M10K_X58_Y17_N0, M10K_X49_Y13_N0, M10K_X69_Y17_N0, M10K_X58_Y35_N0, M10K_X69_Y19_N0, M10K_X58_Y18_N0, M10K_X49_Y12_N0, M10K_X69_Y15_N0, M10K_X58_Y13_N0, M10K_X41_Y17_N0, M10K_X41_Y14_N0, M10K_X58_Y26_N0, M10K_X69_Y22_N0, M10K_X58_Y21_N0, M10K_X26_Y14_N0, M10K_X76_Y18_N0, M10K_X58_Y12_N0, M10K_X69_Y14_N0, M10K_X49_Y14_N0, M10K_X69_Y23_N0, M10K_X76_Y22_N0, M10K_X76_Y21_N0, M10K_X69_Y13_N0, M10K_X26_Y16_N0, M10K_X69_Y18_N0, M10K_X58_Y14_N0, M10K_X49_Y15_N0, M10K_X58_Y22_N0, M10K_X76_Y24_N0, M10K_X58_Y24_N0, M10K_X26_Y17_N0, M10K_X26_Y18_N0, M10K_X58_Y15_N0, M10K_X26_Y13_N0, M10K_X41_Y13_N0, M10K_X49_Y21_N0, M10K_X76_Y20_N0, M10K_X58_Y20_N0, M10K_X38_Y13_N0, M10K_X14_Y18_N0, M10K_X49_Y19_N0, M10K_X14_Y21_N0, M10K_X38_Y14_N0, M10K_X49_Y20_N0, M10K_X69_Y20_N0, M10K_X69_Y21_N0, M10K_X69_Y16_N0, M10K_X26_Y19_N0, M10K_X58_Y19_N0, M10K_X26_Y15_N0, M10K_X41_Y15_N0 ; Don't care           ; New data        ; New data        ; Off      ; No                     ; No - Address Too Wide            ;
; fifo_rom_v2:memory_buffer|rom:lena_data|altsyncram:altsyncram_component|altsyncram_tvi1:auto_generated|ALTSYNCRAM                              ; M10K block ; ROM              ; Single Clock ; 65536        ; 8            ; --           ; --           ; yes                    ; yes                     ; --                     ; --                      ; 524288 ; 65536                       ; 8                           ; --                          ; --                          ; 524288              ; 64          ; 0     ; noisy_img_snp15.mif        ; M10K_X58_Y32_N0, M10K_X38_Y33_N0, M10K_X41_Y38_N0, M10K_X41_Y35_N0, M10K_X41_Y21_N0, M10K_X26_Y38_N0, M10K_X41_Y18_N0, M10K_X38_Y24_N0, M10K_X38_Y32_N0, M10K_X38_Y39_N0, M10K_X38_Y43_N0, M10K_X26_Y29_N0, M10K_X38_Y23_N0, M10K_X38_Y25_N0, M10K_X38_Y19_N0, M10K_X14_Y25_N0, M10K_X49_Y34_N0, M10K_X38_Y36_N0, M10K_X26_Y42_N0, M10K_X41_Y33_N0, M10K_X41_Y20_N0, M10K_X41_Y22_N0, M10K_X38_Y20_N0, M10K_X69_Y26_N0, M10K_X41_Y34_N0, M10K_X38_Y41_N0, M10K_X26_Y36_N0, M10K_X38_Y31_N0, M10K_X41_Y19_N0, M10K_X41_Y23_N0, M10K_X26_Y20_N0, M10K_X41_Y24_N0, M10K_X41_Y36_N0, M10K_X26_Y33_N0, M10K_X26_Y39_N0, M10K_X26_Y35_N0, M10K_X38_Y22_N0, M10K_X26_Y24_N0, M10K_X49_Y16_N0, M10K_X14_Y24_N0, M10K_X41_Y40_N0, M10K_X41_Y41_N0, M10K_X26_Y34_N0, M10K_X41_Y37_N0, M10K_X26_Y22_N0, M10K_X49_Y25_N0, M10K_X38_Y18_N0, M10K_X49_Y24_N0, M10K_X41_Y39_N0, M10K_X38_Y37_N0, M10K_X38_Y35_N0, M10K_X49_Y42_N0, M10K_X26_Y23_N0, M10K_X49_Y23_N0, M10K_X41_Y16_N0, M10K_X14_Y22_N0, M10K_X49_Y43_N0, M10K_X38_Y40_N0, M10K_X38_Y44_N0, M10K_X69_Y31_N0, M10K_X38_Y21_N0, M10K_X58_Y25_N0, M10K_X26_Y21_N0, M10K_X26_Y26_N0 ; Don't care           ; New data        ; New data        ; Off      ; No                     ; No - Address Too Wide            ;
+------------------------------------------------------------------------------------------------------------------------------------------------+------------+------------------+--------------+--------------+--------------+--------------+--------------+------------------------+-------------------------+------------------------+-------------------------+--------+-----------------------------+-----------------------------+-----------------------------+-----------------------------+---------------------+-------------+-------+----------------------------+--------------------------------------------------------------------------------------------------------------------------------------------------------------------------------------------------------------------------------------------------------------------------------------------------------------------------------------------------------------------------------------------------------------------------------------------------------------------------------------------------------------------------------------------------------------------------------------------------------------------------------------------------------------------------------------------------------------------------------------------------------------------------------------------------------------------------------------------------------------------------------------------------------------------------------------------------------------------------------------------------------------------------------------------------------------------------------------------------------------------------------+----------------------+-----------------+-----------------+----------+------------------------+----------------------------------+
Note: Fitter may spread logical memories into multiple blocks to improve timing. The actual required RAM blocks can be found in the Fitter Resource Usage section.


+-----------------------------------------------------------------------+
; Routing Usage Summary                                                 ;
+---------------------------------------------+-------------------------+
; Routing Resource Type                       ; Usage                   ;
+---------------------------------------------+-------------------------+
; Block interconnects                         ; 6,680 / 289,320 ( 2 % ) ;
; C12 interconnects                           ; 275 / 13,420 ( 2 % )    ;
; C2 interconnects                            ; 2,130 / 119,108 ( 2 % ) ;
; C4 interconnects                            ; 1,094 / 56,300 ( 2 % )  ;
; DQS bus muxes                               ; 0 / 25 ( 0 % )          ;
; DQS-18 I/O buses                            ; 0 / 25 ( 0 % )          ;
; DQS-9 I/O buses                             ; 0 / 25 ( 0 % )          ;
; Direct links                                ; 251 / 289,320 ( < 1 % ) ;
; Global clocks                               ; 2 / 16 ( 13 % )         ;
; HPS SDRAM PLL inputs                        ; 0 / 1 ( 0 % )           ;
; HPS SDRAM PLL outputs                       ; 0 / 1 ( 0 % )           ;
; HPS_INTERFACE_BOOT_FROM_FPGA_INPUTs         ; 0 / 9 ( 0 % )           ;
; HPS_INTERFACE_CLOCKS_RESETS_INPUTs          ; 0 / 7 ( 0 % )           ;
; HPS_INTERFACE_CLOCKS_RESETS_OUTPUTs         ; 0 / 6 ( 0 % )           ;
; HPS_INTERFACE_CROSS_TRIGGER_INPUTs          ; 0 / 18 ( 0 % )          ;
; HPS_INTERFACE_CROSS_TRIGGER_OUTPUTs         ; 0 / 24 ( 0 % )          ;
; HPS_INTERFACE_DBG_APB_INPUTs                ; 0 / 37 ( 0 % )          ;
; HPS_INTERFACE_DBG_APB_OUTPUTs               ; 0 / 55 ( 0 % )          ;
; HPS_INTERFACE_DMA_INPUTs                    ; 0 / 16 ( 0 % )          ;
; HPS_INTERFACE_DMA_OUTPUTs                   ; 0 / 8 ( 0 % )           ;
; HPS_INTERFACE_FPGA2HPS_INPUTs               ; 0 / 287 ( 0 % )         ;
; HPS_INTERFACE_FPGA2HPS_OUTPUTs              ; 0 / 154 ( 0 % )         ;
; HPS_INTERFACE_FPGA2SDRAM_INPUTs             ; 0 / 852 ( 0 % )         ;
; HPS_INTERFACE_FPGA2SDRAM_OUTPUTs            ; 0 / 408 ( 0 % )         ;
; HPS_INTERFACE_HPS2FPGA_INPUTs               ; 0 / 165 ( 0 % )         ;
; HPS_INTERFACE_HPS2FPGA_LIGHT_WEIGHT_INPUTs  ; 0 / 67 ( 0 % )          ;
; HPS_INTERFACE_HPS2FPGA_LIGHT_WEIGHT_OUTPUTs ; 0 / 156 ( 0 % )         ;
; HPS_INTERFACE_HPS2FPGA_OUTPUTs              ; 0 / 282 ( 0 % )         ;
; HPS_INTERFACE_INTERRUPTS_INPUTs             ; 0 / 64 ( 0 % )          ;
; HPS_INTERFACE_INTERRUPTS_OUTPUTs            ; 0 / 42 ( 0 % )          ;
; HPS_INTERFACE_JTAG_OUTPUTs                  ; 0 / 5 ( 0 % )           ;
; HPS_INTERFACE_LOAN_IO_INPUTs                ; 0 / 142 ( 0 % )         ;
; HPS_INTERFACE_LOAN_IO_OUTPUTs               ; 0 / 85 ( 0 % )          ;
; HPS_INTERFACE_MPU_EVENT_STANDBY_INPUTs      ; 0 / 1 ( 0 % )           ;
; HPS_INTERFACE_MPU_EVENT_STANDBY_OUTPUTs     ; 0 / 5 ( 0 % )           ;
; HPS_INTERFACE_MPU_GENERAL_PURPOSE_INPUTs    ; 0 / 32 ( 0 % )          ;
; HPS_INTERFACE_MPU_GENERAL_PURPOSE_OUTPUTs   ; 0 / 32 ( 0 % )          ;
; HPS_INTERFACE_PERIPHERAL_CAN_INPUTs         ; 0 / 2 ( 0 % )           ;
; HPS_INTERFACE_PERIPHERAL_CAN_OUTPUTs        ; 0 / 2 ( 0 % )           ;
; HPS_INTERFACE_PERIPHERAL_EMAC_INPUTs        ; 0 / 32 ( 0 % )          ;
; HPS_INTERFACE_PERIPHERAL_EMAC_OUTPUTs       ; 0 / 34 ( 0 % )          ;
; HPS_INTERFACE_PERIPHERAL_I2C_INPUTs         ; 0 / 8 ( 0 % )           ;
; HPS_INTERFACE_PERIPHERAL_I2C_OUTPUTs        ; 0 / 8 ( 0 % )           ;
; HPS_INTERFACE_PERIPHERAL_NAND_INPUTs        ; 0 / 12 ( 0 % )          ;
; HPS_INTERFACE_PERIPHERAL_NAND_OUTPUTs       ; 0 / 18 ( 0 % )          ;
; HPS_INTERFACE_PERIPHERAL_QSPI_INPUTs        ; 0 / 4 ( 0 % )           ;
; HPS_INTERFACE_PERIPHERAL_QSPI_OUTPUTs       ; 0 / 13 ( 0 % )          ;
; HPS_INTERFACE_PERIPHERAL_SDMMC_INPUTs       ; 0 / 13 ( 0 % )          ;
; HPS_INTERFACE_PERIPHERAL_SDMMC_OUTPUTs      ; 0 / 22 ( 0 % )          ;
; HPS_INTERFACE_PERIPHERAL_SPI_MASTER_INPUTs  ; 0 / 4 ( 0 % )           ;
; HPS_INTERFACE_PERIPHERAL_SPI_MASTER_OUTPUTs ; 0 / 14 ( 0 % )          ;
; HPS_INTERFACE_PERIPHERAL_SPI_SLAVE_INPUTs   ; 0 / 6 ( 0 % )           ;
; HPS_INTERFACE_PERIPHERAL_SPI_SLAVE_OUTPUTs  ; 0 / 4 ( 0 % )           ;
; HPS_INTERFACE_PERIPHERAL_UART_INPUTs        ; 0 / 10 ( 0 % )          ;
; HPS_INTERFACE_PERIPHERAL_UART_OUTPUTs       ; 0 / 10 ( 0 % )          ;
; HPS_INTERFACE_PERIPHERAL_USB_INPUTs         ; 0 / 22 ( 0 % )          ;
; HPS_INTERFACE_PERIPHERAL_USB_OUTPUTs        ; 0 / 34 ( 0 % )          ;
; HPS_INTERFACE_STM_EVENT_INPUTs              ; 0 / 28 ( 0 % )          ;
; HPS_INTERFACE_TEST_INPUTs                   ; 0 / 610 ( 0 % )         ;
; HPS_INTERFACE_TEST_OUTPUTs                  ; 0 / 513 ( 0 % )         ;
; HPS_INTERFACE_TPIU_TRACE_INPUTs             ; 0 / 2 ( 0 % )           ;
; HPS_INTERFACE_TPIU_TRACE_OUTPUTs            ; 0 / 33 ( 0 % )          ;
; Horizontal periphery clocks                 ; 0 / 72 ( 0 % )          ;
; Local interconnects                         ; 497 / 84,580 ( < 1 % )  ;
; Quadrant clocks                             ; 0 / 66 ( 0 % )          ;
; R14 interconnects                           ; 616 / 12,676 ( 5 % )    ;
; R14/C12 interconnect drivers                ; 706 / 20,720 ( 3 % )    ;
; R3 interconnects                            ; 2,598 / 130,992 ( 2 % ) ;
; R6 interconnects                            ; 3,757 / 266,960 ( 1 % ) ;
; Spine clocks                                ; 14 / 360 ( 4 % )        ;
; Wire stub REs                               ; 0 / 15,858 ( 0 % )      ;
+---------------------------------------------+-------------------------+


+------------------------------------------+
; I/O Rules Summary                        ;
+----------------------------------+-------+
; I/O Rules Statistic              ; Total ;
+----------------------------------+-------+
; Total I/O Rules                  ; 28    ;
; Number of I/O Rules Passed       ; 9     ;
; Number of I/O Rules Failed       ; 0     ;
; Number of I/O Rules Unchecked    ; 0     ;
; Number of I/O Rules Inapplicable ; 19    ;
+----------------------------------+-------+


+-----------------------------------------------------------------------------------------------------------------------------------------------------------------------------------------------------------------------------------------------------------------------------------+
; I/O Rules Details                                                                                                                                                                                                                                                                 ;
+--------------+-----------+-----------------------------------+------------------------------------------------------------------------------------+----------+--------------------------------------------------------------------------+---------------------+-------------------+
; Status       ; ID        ; Category                          ; Rule Description                                                                   ; Severity ; Information                                                              ; Area                ; Extra Information ;
+--------------+-----------+-----------------------------------+------------------------------------------------------------------------------------+----------+--------------------------------------------------------------------------+---------------------+-------------------+
; Pass         ; IO_000001 ; Capacity Checks                   ; Number of pins in an I/O bank should not exceed the number of locations available. ; Critical ; 0 such failures found.                                                   ; I/O                 ;                   ;
; Inapplicable ; IO_000002 ; Capacity Checks                   ; Number of clocks in an I/O bank should not exceed the number of clocks available.  ; Critical ; No Global Signal assignments found.                                      ; I/O                 ;                   ;
; Pass         ; IO_000003 ; Capacity Checks                   ; Number of pins in a Vrefgroup should not exceed the number of locations available. ; Critical ; 0 such failures found.                                                   ; I/O                 ;                   ;
; Inapplicable ; IO_000004 ; Voltage Compatibility Checks      ; The I/O bank should support the requested VCCIO.                                   ; Critical ; No IOBANK_VCCIO assignments found.                                       ; I/O                 ;                   ;
; Inapplicable ; IO_000005 ; Voltage Compatibility Checks      ; The I/O bank should not have competing VREF values.                                ; Critical ; No VREF I/O Standard assignments found.                                  ; I/O                 ;                   ;
; Pass         ; IO_000006 ; Voltage Compatibility Checks      ; The I/O bank should not have competing VCCIO values.                               ; Critical ; 0 such failures found.                                                   ; I/O                 ;                   ;
; Pass         ; IO_000007 ; Valid Location Checks             ; Checks for unavailable locations.                                                  ; Critical ; 0 such failures found.                                                   ; I/O                 ;                   ;
; Inapplicable ; IO_000008 ; Valid Location Checks             ; Checks for reserved locations.                                                     ; Critical ; No reserved LogicLock region found.                                      ; I/O                 ;                   ;
; Pass         ; IO_000009 ; I/O Properties Checks for One I/O ; The location should support the requested I/O standard.                            ; Critical ; 0 such failures found.                                                   ; I/O                 ;                   ;
; Pass         ; IO_000010 ; I/O Properties Checks for One I/O ; The location should support the requested I/O direction.                           ; Critical ; 0 such failures found.                                                   ; I/O                 ;                   ;
; Inapplicable ; IO_000011 ; I/O Properties Checks for One I/O ; The location should support the requested Current Strength.                        ; Critical ; No Current Strength assignments found.                                   ; I/O                 ;                   ;
; Pass         ; IO_000012 ; I/O Properties Checks for One I/O ; The location should support the requested On Chip Termination value.               ; Critical ; 0 such failures found.                                                   ; I/O                 ;                   ;
; Inapplicable ; IO_000013 ; I/O Properties Checks for One I/O ; The location should support the requested Bus Hold value.                          ; Critical ; No Enable Bus-Hold Circuitry assignments found.                          ; I/O                 ;                   ;
; Inapplicable ; IO_000014 ; I/O Properties Checks for One I/O ; The location should support the requested Weak Pull Up value.                      ; Critical ; No Weak Pull-Up Resistor assignments found.                              ; I/O                 ;                   ;
; Inapplicable ; IO_000015 ; I/O Properties Checks for One I/O ; The location should support the requested PCI Clamp Diode.                         ; Critical ; No Clamping Diode assignments found.                                     ; I/O                 ;                   ;
; Inapplicable ; IO_000018 ; I/O Properties Checks for One I/O ; The I/O standard should support the requested Current Strength.                    ; Critical ; No Current Strength assignments found.                                   ; I/O                 ;                   ;
; Pass         ; IO_000019 ; I/O Properties Checks for One I/O ; The I/O standard should support the requested On Chip Termination value.           ; Critical ; 0 such failures found.                                                   ; I/O                 ;                   ;
; Inapplicable ; IO_000020 ; I/O Properties Checks for One I/O ; The I/O standard should support the requested PCI Clamp Diode.                     ; Critical ; No Clamping Diode assignments found.                                     ; I/O                 ;                   ;
; Inapplicable ; IO_000021 ; I/O Properties Checks for One I/O ; The I/O standard should support the requested Weak Pull Up value.                  ; Critical ; No Weak Pull-Up Resistor assignments found.                              ; I/O                 ;                   ;
; Inapplicable ; IO_000022 ; I/O Properties Checks for One I/O ; The I/O standard should support the requested Bus Hold value.                      ; Critical ; No Enable Bus-Hold Circuitry assignments found.                          ; I/O                 ;                   ;
; Inapplicable ; IO_000023 ; I/O Properties Checks for One I/O ; The I/O standard should support the Open Drain value.                              ; Critical ; No open drain assignments found.                                         ; I/O                 ;                   ;
; Pass         ; IO_000024 ; I/O Properties Checks for One I/O ; The I/O direction should support the On Chip Termination value.                    ; Critical ; 0 such failures found.                                                   ; I/O                 ;                   ;
; Inapplicable ; IO_000026 ; I/O Properties Checks for One I/O ; On Chip Termination and Current Strength should not be used at the same time.      ; Critical ; No Current Strength assignments found.                                   ; I/O                 ;                   ;
; Inapplicable ; IO_000027 ; I/O Properties Checks for One I/O ; Weak Pull Up and Bus Hold should not be used at the same time.                     ; Critical ; No Enable Bus-Hold Circuitry or Weak Pull-Up Resistor assignments found. ; I/O                 ;                   ;
; Inapplicable ; IO_000045 ; I/O Properties Checks for One I/O ; The I/O standard should support the requested Slew Rate value.                     ; Critical ; No Slew Rate assignments found.                                          ; I/O                 ;                   ;
; Inapplicable ; IO_000046 ; I/O Properties Checks for One I/O ; The location should support the requested Slew Rate value.                         ; Critical ; No Slew Rate assignments found.                                          ; I/O                 ;                   ;
; Inapplicable ; IO_000047 ; I/O Properties Checks for One I/O ; On Chip Termination and Slew Rate should not be used at the same time.             ; Critical ; No Slew Rate assignments found.                                          ; I/O                 ;                   ;
; Inapplicable ; IO_000034 ; SI Related Distance Checks        ; Single-ended outputs should be 0 LAB row(s) away from a differential I/O.          ; High     ; No Differential I/O Standard assignments found.                          ; I/O                 ;                   ;
; ----         ; ----      ; Disclaimer                        ; OCT rules are checked but not reported.                                            ; None     ; ----                                                                     ; On Chip Termination ;                   ;
+--------------+-----------+-----------------------------------+------------------------------------------------------------------------------------+----------+--------------------------------------------------------------------------+---------------------+-------------------+


+-----------------------------------------------------------------------------------------------------------------------------------------------------------------------------------------------------------------------------------------------------------------------------------------------------------------------------------------------------------------------------------------------------------------------------------------------+
; I/O Rules Matrix                                                                                                                                                                                                                                                                                                                                                                                                                              ;
+--------------------+--------------+--------------+--------------+--------------+--------------+-----------+--------------+--------------+-----------+-----------+--------------+--------------+--------------+--------------+--------------+--------------+--------------+--------------+--------------+--------------+--------------+--------------+--------------+--------------+--------------+--------------+--------------+--------------+
; Pin/Rules          ; IO_000001    ; IO_000002    ; IO_000003    ; IO_000004    ; IO_000005    ; IO_000006 ; IO_000007    ; IO_000008    ; IO_000009 ; IO_000010 ; IO_000011    ; IO_000012    ; IO_000013    ; IO_000014    ; IO_000015    ; IO_000018    ; IO_000019    ; IO_000020    ; IO_000021    ; IO_000022    ; IO_000023    ; IO_000024    ; IO_000026    ; IO_000027    ; IO_000045    ; IO_000046    ; IO_000047    ; IO_000034    ;
+--------------------+--------------+--------------+--------------+--------------+--------------+-----------+--------------+--------------+-----------+-----------+--------------+--------------+--------------+--------------+--------------+--------------+--------------+--------------+--------------+--------------+--------------+--------------+--------------+--------------+--------------+--------------+--------------+--------------+
; Total Pass         ; 55           ; 0            ; 55           ; 0            ; 0            ; 67        ; 55           ; 0            ; 67        ; 67        ; 0            ; 9            ; 0            ; 0            ; 0            ; 0            ; 9            ; 0            ; 0            ; 0            ; 0            ; 9            ; 0            ; 0            ; 0            ; 0            ; 0            ; 0            ;
; Total Unchecked    ; 0            ; 0            ; 0            ; 0            ; 0            ; 0         ; 0            ; 0            ; 0         ; 0         ; 0            ; 0            ; 0            ; 0            ; 0            ; 0            ; 0            ; 0            ; 0            ; 0            ; 0            ; 0            ; 0            ; 0            ; 0            ; 0            ; 0            ; 0            ;
; Total Inapplicable ; 12           ; 67           ; 12           ; 67           ; 67           ; 0         ; 12           ; 67           ; 0         ; 0         ; 67           ; 58           ; 67           ; 67           ; 67           ; 67           ; 58           ; 67           ; 67           ; 67           ; 67           ; 58           ; 67           ; 67           ; 67           ; 67           ; 67           ; 67           ;
; Total Fail         ; 0            ; 0            ; 0            ; 0            ; 0            ; 0         ; 0            ; 0            ; 0         ; 0         ; 0            ; 0            ; 0            ; 0            ; 0            ; 0            ; 0            ; 0            ; 0            ; 0            ; 0            ; 0            ; 0            ; 0            ; 0            ; 0            ; 0            ; 0            ;
; outclk_150         ; Inapplicable ; Inapplicable ; Inapplicable ; Inapplicable ; Inapplicable ; Pass      ; Inapplicable ; Inapplicable ; Pass      ; Pass      ; Inapplicable ; Pass         ; Inapplicable ; Inapplicable ; Inapplicable ; Inapplicable ; Pass         ; Inapplicable ; Inapplicable ; Inapplicable ; Inapplicable ; Pass         ; Inapplicable ; Inapplicable ; Inapplicable ; Inapplicable ; Inapplicable ; Inapplicable ;
; VGA_R[0]           ; Pass         ; Inapplicable ; Pass         ; Inapplicable ; Inapplicable ; Pass      ; Pass         ; Inapplicable ; Pass      ; Pass      ; Inapplicable ; Inapplicable ; Inapplicable ; Inapplicable ; Inapplicable ; Inapplicable ; Inapplicable ; Inapplicable ; Inapplicable ; Inapplicable ; Inapplicable ; Inapplicable ; Inapplicable ; Inapplicable ; Inapplicable ; Inapplicable ; Inapplicable ; Inapplicable ;
; VGA_R[1]           ; Pass         ; Inapplicable ; Pass         ; Inapplicable ; Inapplicable ; Pass      ; Pass         ; Inapplicable ; Pass      ; Pass      ; Inapplicable ; Inapplicable ; Inapplicable ; Inapplicable ; Inapplicable ; Inapplicable ; Inapplicable ; Inapplicable ; Inapplicable ; Inapplicable ; Inapplicable ; Inapplicable ; Inapplicable ; Inapplicable ; Inapplicable ; Inapplicable ; Inapplicable ; Inapplicable ;
; VGA_R[2]           ; Pass         ; Inapplicable ; Pass         ; Inapplicable ; Inapplicable ; Pass      ; Pass         ; Inapplicable ; Pass      ; Pass      ; Inapplicable ; Inapplicable ; Inapplicable ; Inapplicable ; Inapplicable ; Inapplicable ; Inapplicable ; Inapplicable ; Inapplicable ; Inapplicable ; Inapplicable ; Inapplicable ; Inapplicable ; Inapplicable ; Inapplicable ; Inapplicable ; Inapplicable ; Inapplicable ;
; VGA_R[3]           ; Pass         ; Inapplicable ; Pass         ; Inapplicable ; Inapplicable ; Pass      ; Pass         ; Inapplicable ; Pass      ; Pass      ; Inapplicable ; Inapplicable ; Inapplicable ; Inapplicable ; Inapplicable ; Inapplicable ; Inapplicable ; Inapplicable ; Inapplicable ; Inapplicable ; Inapplicable ; Inapplicable ; Inapplicable ; Inapplicable ; Inapplicable ; Inapplicable ; Inapplicable ; Inapplicable ;
; VGA_R[4]           ; Pass         ; Inapplicable ; Pass         ; Inapplicable ; Inapplicable ; Pass      ; Pass         ; Inapplicable ; Pass      ; Pass      ; Inapplicable ; Inapplicable ; Inapplicable ; Inapplicable ; Inapplicable ; Inapplicable ; Inapplicable ; Inapplicable ; Inapplicable ; Inapplicable ; Inapplicable ; Inapplicable ; Inapplicable ; Inapplicable ; Inapplicable ; Inapplicable ; Inapplicable ; Inapplicable ;
; VGA_R[5]           ; Pass         ; Inapplicable ; Pass         ; Inapplicable ; Inapplicable ; Pass      ; Pass         ; Inapplicable ; Pass      ; Pass      ; Inapplicable ; Inapplicable ; Inapplicable ; Inapplicable ; Inapplicable ; Inapplicable ; Inapplicable ; Inapplicable ; Inapplicable ; Inapplicable ; Inapplicable ; Inapplicable ; Inapplicable ; Inapplicable ; Inapplicable ; Inapplicable ; Inapplicable ; Inapplicable ;
; VGA_R[6]           ; Pass         ; Inapplicable ; Pass         ; Inapplicable ; Inapplicable ; Pass      ; Pass         ; Inapplicable ; Pass      ; Pass      ; Inapplicable ; Inapplicable ; Inapplicable ; Inapplicable ; Inapplicable ; Inapplicable ; Inapplicable ; Inapplicable ; Inapplicable ; Inapplicable ; Inapplicable ; Inapplicable ; Inapplicable ; Inapplicable ; Inapplicable ; Inapplicable ; Inapplicable ; Inapplicable ;
; VGA_R[7]           ; Pass         ; Inapplicable ; Pass         ; Inapplicable ; Inapplicable ; Pass      ; Pass         ; Inapplicable ; Pass      ; Pass      ; Inapplicable ; Inapplicable ; Inapplicable ; Inapplicable ; Inapplicable ; Inapplicable ; Inapplicable ; Inapplicable ; Inapplicable ; Inapplicable ; Inapplicable ; Inapplicable ; Inapplicable ; Inapplicable ; Inapplicable ; Inapplicable ; Inapplicable ; Inapplicable ;
; VGA_G[0]           ; Pass         ; Inapplicable ; Pass         ; Inapplicable ; Inapplicable ; Pass      ; Pass         ; Inapplicable ; Pass      ; Pass      ; Inapplicable ; Inapplicable ; Inapplicable ; Inapplicable ; Inapplicable ; Inapplicable ; Inapplicable ; Inapplicable ; Inapplicable ; Inapplicable ; Inapplicable ; Inapplicable ; Inapplicable ; Inapplicable ; Inapplicable ; Inapplicable ; Inapplicable ; Inapplicable ;
; VGA_G[1]           ; Pass         ; Inapplicable ; Pass         ; Inapplicable ; Inapplicable ; Pass      ; Pass         ; Inapplicable ; Pass      ; Pass      ; Inapplicable ; Inapplicable ; Inapplicable ; Inapplicable ; Inapplicable ; Inapplicable ; Inapplicable ; Inapplicable ; Inapplicable ; Inapplicable ; Inapplicable ; Inapplicable ; Inapplicable ; Inapplicable ; Inapplicable ; Inapplicable ; Inapplicable ; Inapplicable ;
; VGA_G[2]           ; Pass         ; Inapplicable ; Pass         ; Inapplicable ; Inapplicable ; Pass      ; Pass         ; Inapplicable ; Pass      ; Pass      ; Inapplicable ; Inapplicable ; Inapplicable ; Inapplicable ; Inapplicable ; Inapplicable ; Inapplicable ; Inapplicable ; Inapplicable ; Inapplicable ; Inapplicable ; Inapplicable ; Inapplicable ; Inapplicable ; Inapplicable ; Inapplicable ; Inapplicable ; Inapplicable ;
; VGA_G[3]           ; Pass         ; Inapplicable ; Pass         ; Inapplicable ; Inapplicable ; Pass      ; Pass         ; Inapplicable ; Pass      ; Pass      ; Inapplicable ; Inapplicable ; Inapplicable ; Inapplicable ; Inapplicable ; Inapplicable ; Inapplicable ; Inapplicable ; Inapplicable ; Inapplicable ; Inapplicable ; Inapplicable ; Inapplicable ; Inapplicable ; Inapplicable ; Inapplicable ; Inapplicable ; Inapplicable ;
; VGA_G[4]           ; Pass         ; Inapplicable ; Pass         ; Inapplicable ; Inapplicable ; Pass      ; Pass         ; Inapplicable ; Pass      ; Pass      ; Inapplicable ; Inapplicable ; Inapplicable ; Inapplicable ; Inapplicable ; Inapplicable ; Inapplicable ; Inapplicable ; Inapplicable ; Inapplicable ; Inapplicable ; Inapplicable ; Inapplicable ; Inapplicable ; Inapplicable ; Inapplicable ; Inapplicable ; Inapplicable ;
; VGA_G[5]           ; Pass         ; Inapplicable ; Pass         ; Inapplicable ; Inapplicable ; Pass      ; Pass         ; Inapplicable ; Pass      ; Pass      ; Inapplicable ; Inapplicable ; Inapplicable ; Inapplicable ; Inapplicable ; Inapplicable ; Inapplicable ; Inapplicable ; Inapplicable ; Inapplicable ; Inapplicable ; Inapplicable ; Inapplicable ; Inapplicable ; Inapplicable ; Inapplicable ; Inapplicable ; Inapplicable ;
; VGA_G[6]           ; Pass         ; Inapplicable ; Pass         ; Inapplicable ; Inapplicable ; Pass      ; Pass         ; Inapplicable ; Pass      ; Pass      ; Inapplicable ; Inapplicable ; Inapplicable ; Inapplicable ; Inapplicable ; Inapplicable ; Inapplicable ; Inapplicable ; Inapplicable ; Inapplicable ; Inapplicable ; Inapplicable ; Inapplicable ; Inapplicable ; Inapplicable ; Inapplicable ; Inapplicable ; Inapplicable ;
; VGA_G[7]           ; Pass         ; Inapplicable ; Pass         ; Inapplicable ; Inapplicable ; Pass      ; Pass         ; Inapplicable ; Pass      ; Pass      ; Inapplicable ; Inapplicable ; Inapplicable ; Inapplicable ; Inapplicable ; Inapplicable ; Inapplicable ; Inapplicable ; Inapplicable ; Inapplicable ; Inapplicable ; Inapplicable ; Inapplicable ; Inapplicable ; Inapplicable ; Inapplicable ; Inapplicable ; Inapplicable ;
; VGA_B[0]           ; Pass         ; Inapplicable ; Pass         ; Inapplicable ; Inapplicable ; Pass      ; Pass         ; Inapplicable ; Pass      ; Pass      ; Inapplicable ; Inapplicable ; Inapplicable ; Inapplicable ; Inapplicable ; Inapplicable ; Inapplicable ; Inapplicable ; Inapplicable ; Inapplicable ; Inapplicable ; Inapplicable ; Inapplicable ; Inapplicable ; Inapplicable ; Inapplicable ; Inapplicable ; Inapplicable ;
; VGA_B[1]           ; Pass         ; Inapplicable ; Pass         ; Inapplicable ; Inapplicable ; Pass      ; Pass         ; Inapplicable ; Pass      ; Pass      ; Inapplicable ; Inapplicable ; Inapplicable ; Inapplicable ; Inapplicable ; Inapplicable ; Inapplicable ; Inapplicable ; Inapplicable ; Inapplicable ; Inapplicable ; Inapplicable ; Inapplicable ; Inapplicable ; Inapplicable ; Inapplicable ; Inapplicable ; Inapplicable ;
; VGA_B[2]           ; Pass         ; Inapplicable ; Pass         ; Inapplicable ; Inapplicable ; Pass      ; Pass         ; Inapplicable ; Pass      ; Pass      ; Inapplicable ; Inapplicable ; Inapplicable ; Inapplicable ; Inapplicable ; Inapplicable ; Inapplicable ; Inapplicable ; Inapplicable ; Inapplicable ; Inapplicable ; Inapplicable ; Inapplicable ; Inapplicable ; Inapplicable ; Inapplicable ; Inapplicable ; Inapplicable ;
; VGA_B[3]           ; Pass         ; Inapplicable ; Pass         ; Inapplicable ; Inapplicable ; Pass      ; Pass         ; Inapplicable ; Pass      ; Pass      ; Inapplicable ; Inapplicable ; Inapplicable ; Inapplicable ; Inapplicable ; Inapplicable ; Inapplicable ; Inapplicable ; Inapplicable ; Inapplicable ; Inapplicable ; Inapplicable ; Inapplicable ; Inapplicable ; Inapplicable ; Inapplicable ; Inapplicable ; Inapplicable ;
; VGA_B[4]           ; Pass         ; Inapplicable ; Pass         ; Inapplicable ; Inapplicable ; Pass      ; Pass         ; Inapplicable ; Pass      ; Pass      ; Inapplicable ; Inapplicable ; Inapplicable ; Inapplicable ; Inapplicable ; Inapplicable ; Inapplicable ; Inapplicable ; Inapplicable ; Inapplicable ; Inapplicable ; Inapplicable ; Inapplicable ; Inapplicable ; Inapplicable ; Inapplicable ; Inapplicable ; Inapplicable ;
; VGA_B[5]           ; Pass         ; Inapplicable ; Pass         ; Inapplicable ; Inapplicable ; Pass      ; Pass         ; Inapplicable ; Pass      ; Pass      ; Inapplicable ; Inapplicable ; Inapplicable ; Inapplicable ; Inapplicable ; Inapplicable ; Inapplicable ; Inapplicable ; Inapplicable ; Inapplicable ; Inapplicable ; Inapplicable ; Inapplicable ; Inapplicable ; Inapplicable ; Inapplicable ; Inapplicable ; Inapplicable ;
; VGA_B[6]           ; Pass         ; Inapplicable ; Pass         ; Inapplicable ; Inapplicable ; Pass      ; Pass         ; Inapplicable ; Pass      ; Pass      ; Inapplicable ; Inapplicable ; Inapplicable ; Inapplicable ; Inapplicable ; Inapplicable ; Inapplicable ; Inapplicable ; Inapplicable ; Inapplicable ; Inapplicable ; Inapplicable ; Inapplicable ; Inapplicable ; Inapplicable ; Inapplicable ; Inapplicable ; Inapplicable ;
; VGA_B[7]           ; Pass         ; Inapplicable ; Pass         ; Inapplicable ; Inapplicable ; Pass      ; Pass         ; Inapplicable ; Pass      ; Pass      ; Inapplicable ; Inapplicable ; Inapplicable ; Inapplicable ; Inapplicable ; Inapplicable ; Inapplicable ; Inapplicable ; Inapplicable ; Inapplicable ; Inapplicable ; Inapplicable ; Inapplicable ; Inapplicable ; Inapplicable ; Inapplicable ; Inapplicable ; Inapplicable ;
; VGA_CLK            ; Pass         ; Inapplicable ; Pass         ; Inapplicable ; Inapplicable ; Pass      ; Pass         ; Inapplicable ; Pass      ; Pass      ; Inapplicable ; Inapplicable ; Inapplicable ; Inapplicable ; Inapplicable ; Inapplicable ; Inapplicable ; Inapplicable ; Inapplicable ; Inapplicable ; Inapplicable ; Inapplicable ; Inapplicable ; Inapplicable ; Inapplicable ; Inapplicable ; Inapplicable ; Inapplicable ;
; VGA_HS             ; Pass         ; Inapplicable ; Pass         ; Inapplicable ; Inapplicable ; Pass      ; Pass         ; Inapplicable ; Pass      ; Pass      ; Inapplicable ; Inapplicable ; Inapplicable ; Inapplicable ; Inapplicable ; Inapplicable ; Inapplicable ; Inapplicable ; Inapplicable ; Inapplicable ; Inapplicable ; Inapplicable ; Inapplicable ; Inapplicable ; Inapplicable ; Inapplicable ; Inapplicable ; Inapplicable ;
; VGA_VS             ; Pass         ; Inapplicable ; Pass         ; Inapplicable ; Inapplicable ; Pass      ; Pass         ; Inapplicable ; Pass      ; Pass      ; Inapplicable ; Inapplicable ; Inapplicable ; Inapplicable ; Inapplicable ; Inapplicable ; Inapplicable ; Inapplicable ; Inapplicable ; Inapplicable ; Inapplicable ; Inapplicable ; Inapplicable ; Inapplicable ; Inapplicable ; Inapplicable ; Inapplicable ; Inapplicable ;
; VGA_BLANK_N        ; Pass         ; Inapplicable ; Pass         ; Inapplicable ; Inapplicable ; Pass      ; Pass         ; Inapplicable ; Pass      ; Pass      ; Inapplicable ; Inapplicable ; Inapplicable ; Inapplicable ; Inapplicable ; Inapplicable ; Inapplicable ; Inapplicable ; Inapplicable ; Inapplicable ; Inapplicable ; Inapplicable ; Inapplicable ; Inapplicable ; Inapplicable ; Inapplicable ; Inapplicable ; Inapplicable ;
; VGA_SYNC_N         ; Pass         ; Inapplicable ; Pass         ; Inapplicable ; Inapplicable ; Pass      ; Pass         ; Inapplicable ; Pass      ; Pass      ; Inapplicable ; Inapplicable ; Inapplicable ; Inapplicable ; Inapplicable ; Inapplicable ; Inapplicable ; Inapplicable ; Inapplicable ; Inapplicable ; Inapplicable ; Inapplicable ; Inapplicable ; Inapplicable ; Inapplicable ; Inapplicable ; Inapplicable ; Inapplicable ;
; new_pix_ff[0]      ; Inapplicable ; Inapplicable ; Inapplicable ; Inapplicable ; Inapplicable ; Pass      ; Inapplicable ; Inapplicable ; Pass      ; Pass      ; Inapplicable ; Pass         ; Inapplicable ; Inapplicable ; Inapplicable ; Inapplicable ; Pass         ; Inapplicable ; Inapplicable ; Inapplicable ; Inapplicable ; Pass         ; Inapplicable ; Inapplicable ; Inapplicable ; Inapplicable ; Inapplicable ; Inapplicable ;
; new_pix_ff[1]      ; Inapplicable ; Inapplicable ; Inapplicable ; Inapplicable ; Inapplicable ; Pass      ; Inapplicable ; Inapplicable ; Pass      ; Pass      ; Inapplicable ; Pass         ; Inapplicable ; Inapplicable ; Inapplicable ; Inapplicable ; Pass         ; Inapplicable ; Inapplicable ; Inapplicable ; Inapplicable ; Pass         ; Inapplicable ; Inapplicable ; Inapplicable ; Inapplicable ; Inapplicable ; Inapplicable ;
; new_pix_ff[2]      ; Inapplicable ; Inapplicable ; Inapplicable ; Inapplicable ; Inapplicable ; Pass      ; Inapplicable ; Inapplicable ; Pass      ; Pass      ; Inapplicable ; Pass         ; Inapplicable ; Inapplicable ; Inapplicable ; Inapplicable ; Pass         ; Inapplicable ; Inapplicable ; Inapplicable ; Inapplicable ; Pass         ; Inapplicable ; Inapplicable ; Inapplicable ; Inapplicable ; Inapplicable ; Inapplicable ;
; new_pix_ff[3]      ; Inapplicable ; Inapplicable ; Inapplicable ; Inapplicable ; Inapplicable ; Pass      ; Inapplicable ; Inapplicable ; Pass      ; Pass      ; Inapplicable ; Pass         ; Inapplicable ; Inapplicable ; Inapplicable ; Inapplicable ; Pass         ; Inapplicable ; Inapplicable ; Inapplicable ; Inapplicable ; Pass         ; Inapplicable ; Inapplicable ; Inapplicable ; Inapplicable ; Inapplicable ; Inapplicable ;
; new_pix_ff[4]      ; Inapplicable ; Inapplicable ; Inapplicable ; Inapplicable ; Inapplicable ; Pass      ; Inapplicable ; Inapplicable ; Pass      ; Pass      ; Inapplicable ; Pass         ; Inapplicable ; Inapplicable ; Inapplicable ; Inapplicable ; Pass         ; Inapplicable ; Inapplicable ; Inapplicable ; Inapplicable ; Pass         ; Inapplicable ; Inapplicable ; Inapplicable ; Inapplicable ; Inapplicable ; Inapplicable ;
; new_pix_ff[5]      ; Inapplicable ; Inapplicable ; Inapplicable ; Inapplicable ; Inapplicable ; Pass      ; Inapplicable ; Inapplicable ; Pass      ; Pass      ; Inapplicable ; Pass         ; Inapplicable ; Inapplicable ; Inapplicable ; Inapplicable ; Pass         ; Inapplicable ; Inapplicable ; Inapplicable ; Inapplicable ; Pass         ; Inapplicable ; Inapplicable ; Inapplicable ; Inapplicable ; Inapplicable ; Inapplicable ;
; new_pix_ff[6]      ; Inapplicable ; Inapplicable ; Inapplicable ; Inapplicable ; Inapplicable ; Pass      ; Inapplicable ; Inapplicable ; Pass      ; Pass      ; Inapplicable ; Pass         ; Inapplicable ; Inapplicable ; Inapplicable ; Inapplicable ; Pass         ; Inapplicable ; Inapplicable ; Inapplicable ; Inapplicable ; Pass         ; Inapplicable ; Inapplicable ; Inapplicable ; Inapplicable ; Inapplicable ; Inapplicable ;
; new_pix_ff[7]      ; Inapplicable ; Inapplicable ; Inapplicable ; Inapplicable ; Inapplicable ; Pass      ; Inapplicable ; Inapplicable ; Pass      ; Pass      ; Inapplicable ; Pass         ; Inapplicable ; Inapplicable ; Inapplicable ; Inapplicable ; Pass         ; Inapplicable ; Inapplicable ; Inapplicable ; Inapplicable ; Pass         ; Inapplicable ; Inapplicable ; Inapplicable ; Inapplicable ; Inapplicable ; Inapplicable ;
; done_filt_ff       ; Pass         ; Inapplicable ; Pass         ; Inapplicable ; Inapplicable ; Pass      ; Pass         ; Inapplicable ; Pass      ; Pass      ; Inapplicable ; Inapplicable ; Inapplicable ; Inapplicable ; Inapplicable ; Inapplicable ; Inapplicable ; Inapplicable ; Inapplicable ; Inapplicable ; Inapplicable ; Inapplicable ; Inapplicable ; Inapplicable ; Inapplicable ; Inapplicable ; Inapplicable ; Inapplicable ;
; seg1[0]            ; Pass         ; Inapplicable ; Pass         ; Inapplicable ; Inapplicable ; Pass      ; Pass         ; Inapplicable ; Pass      ; Pass      ; Inapplicable ; Inapplicable ; Inapplicable ; Inapplicable ; Inapplicable ; Inapplicable ; Inapplicable ; Inapplicable ; Inapplicable ; Inapplicable ; Inapplicable ; Inapplicable ; Inapplicable ; Inapplicable ; Inapplicable ; Inapplicable ; Inapplicable ; Inapplicable ;
; seg1[1]            ; Pass         ; Inapplicable ; Pass         ; Inapplicable ; Inapplicable ; Pass      ; Pass         ; Inapplicable ; Pass      ; Pass      ; Inapplicable ; Inapplicable ; Inapplicable ; Inapplicable ; Inapplicable ; Inapplicable ; Inapplicable ; Inapplicable ; Inapplicable ; Inapplicable ; Inapplicable ; Inapplicable ; Inapplicable ; Inapplicable ; Inapplicable ; Inapplicable ; Inapplicable ; Inapplicable ;
; seg1[2]            ; Pass         ; Inapplicable ; Pass         ; Inapplicable ; Inapplicable ; Pass      ; Pass         ; Inapplicable ; Pass      ; Pass      ; Inapplicable ; Inapplicable ; Inapplicable ; Inapplicable ; Inapplicable ; Inapplicable ; Inapplicable ; Inapplicable ; Inapplicable ; Inapplicable ; Inapplicable ; Inapplicable ; Inapplicable ; Inapplicable ; Inapplicable ; Inapplicable ; Inapplicable ; Inapplicable ;
; seg1[3]            ; Pass         ; Inapplicable ; Pass         ; Inapplicable ; Inapplicable ; Pass      ; Pass         ; Inapplicable ; Pass      ; Pass      ; Inapplicable ; Inapplicable ; Inapplicable ; Inapplicable ; Inapplicable ; Inapplicable ; Inapplicable ; Inapplicable ; Inapplicable ; Inapplicable ; Inapplicable ; Inapplicable ; Inapplicable ; Inapplicable ; Inapplicable ; Inapplicable ; Inapplicable ; Inapplicable ;
; seg1[4]            ; Pass         ; Inapplicable ; Pass         ; Inapplicable ; Inapplicable ; Pass      ; Pass         ; Inapplicable ; Pass      ; Pass      ; Inapplicable ; Inapplicable ; Inapplicable ; Inapplicable ; Inapplicable ; Inapplicable ; Inapplicable ; Inapplicable ; Inapplicable ; Inapplicable ; Inapplicable ; Inapplicable ; Inapplicable ; Inapplicable ; Inapplicable ; Inapplicable ; Inapplicable ; Inapplicable ;
; seg1[5]            ; Pass         ; Inapplicable ; Pass         ; Inapplicable ; Inapplicable ; Pass      ; Pass         ; Inapplicable ; Pass      ; Pass      ; Inapplicable ; Inapplicable ; Inapplicable ; Inapplicable ; Inapplicable ; Inapplicable ; Inapplicable ; Inapplicable ; Inapplicable ; Inapplicable ; Inapplicable ; Inapplicable ; Inapplicable ; Inapplicable ; Inapplicable ; Inapplicable ; Inapplicable ; Inapplicable ;
; seg1[6]            ; Pass         ; Inapplicable ; Pass         ; Inapplicable ; Inapplicable ; Pass      ; Pass         ; Inapplicable ; Pass      ; Pass      ; Inapplicable ; Inapplicable ; Inapplicable ; Inapplicable ; Inapplicable ; Inapplicable ; Inapplicable ; Inapplicable ; Inapplicable ; Inapplicable ; Inapplicable ; Inapplicable ; Inapplicable ; Inapplicable ; Inapplicable ; Inapplicable ; Inapplicable ; Inapplicable ;
; seg1[7]            ; Inapplicable ; Inapplicable ; Inapplicable ; Inapplicable ; Inapplicable ; Pass      ; Inapplicable ; Inapplicable ; Pass      ; Pass      ; Inapplicable ; Inapplicable ; Inapplicable ; Inapplicable ; Inapplicable ; Inapplicable ; Inapplicable ; Inapplicable ; Inapplicable ; Inapplicable ; Inapplicable ; Inapplicable ; Inapplicable ; Inapplicable ; Inapplicable ; Inapplicable ; Inapplicable ; Inapplicable ;
; seg2[0]            ; Pass         ; Inapplicable ; Pass         ; Inapplicable ; Inapplicable ; Pass      ; Pass         ; Inapplicable ; Pass      ; Pass      ; Inapplicable ; Inapplicable ; Inapplicable ; Inapplicable ; Inapplicable ; Inapplicable ; Inapplicable ; Inapplicable ; Inapplicable ; Inapplicable ; Inapplicable ; Inapplicable ; Inapplicable ; Inapplicable ; Inapplicable ; Inapplicable ; Inapplicable ; Inapplicable ;
; seg2[1]            ; Pass         ; Inapplicable ; Pass         ; Inapplicable ; Inapplicable ; Pass      ; Pass         ; Inapplicable ; Pass      ; Pass      ; Inapplicable ; Inapplicable ; Inapplicable ; Inapplicable ; Inapplicable ; Inapplicable ; Inapplicable ; Inapplicable ; Inapplicable ; Inapplicable ; Inapplicable ; Inapplicable ; Inapplicable ; Inapplicable ; Inapplicable ; Inapplicable ; Inapplicable ; Inapplicable ;
; seg2[2]            ; Pass         ; Inapplicable ; Pass         ; Inapplicable ; Inapplicable ; Pass      ; Pass         ; Inapplicable ; Pass      ; Pass      ; Inapplicable ; Inapplicable ; Inapplicable ; Inapplicable ; Inapplicable ; Inapplicable ; Inapplicable ; Inapplicable ; Inapplicable ; Inapplicable ; Inapplicable ; Inapplicable ; Inapplicable ; Inapplicable ; Inapplicable ; Inapplicable ; Inapplicable ; Inapplicable ;
; seg2[3]            ; Pass         ; Inapplicable ; Pass         ; Inapplicable ; Inapplicable ; Pass      ; Pass         ; Inapplicable ; Pass      ; Pass      ; Inapplicable ; Inapplicable ; Inapplicable ; Inapplicable ; Inapplicable ; Inapplicable ; Inapplicable ; Inapplicable ; Inapplicable ; Inapplicable ; Inapplicable ; Inapplicable ; Inapplicable ; Inapplicable ; Inapplicable ; Inapplicable ; Inapplicable ; Inapplicable ;
; seg2[4]            ; Pass         ; Inapplicable ; Pass         ; Inapplicable ; Inapplicable ; Pass      ; Pass         ; Inapplicable ; Pass      ; Pass      ; Inapplicable ; Inapplicable ; Inapplicable ; Inapplicable ; Inapplicable ; Inapplicable ; Inapplicable ; Inapplicable ; Inapplicable ; Inapplicable ; Inapplicable ; Inapplicable ; Inapplicable ; Inapplicable ; Inapplicable ; Inapplicable ; Inapplicable ; Inapplicable ;
; seg2[5]            ; Pass         ; Inapplicable ; Pass         ; Inapplicable ; Inapplicable ; Pass      ; Pass         ; Inapplicable ; Pass      ; Pass      ; Inapplicable ; Inapplicable ; Inapplicable ; Inapplicable ; Inapplicable ; Inapplicable ; Inapplicable ; Inapplicable ; Inapplicable ; Inapplicable ; Inapplicable ; Inapplicable ; Inapplicable ; Inapplicable ; Inapplicable ; Inapplicable ; Inapplicable ; Inapplicable ;
; seg2[6]            ; Pass         ; Inapplicable ; Pass         ; Inapplicable ; Inapplicable ; Pass      ; Pass         ; Inapplicable ; Pass      ; Pass      ; Inapplicable ; Inapplicable ; Inapplicable ; Inapplicable ; Inapplicable ; Inapplicable ; Inapplicable ; Inapplicable ; Inapplicable ; Inapplicable ; Inapplicable ; Inapplicable ; Inapplicable ; Inapplicable ; Inapplicable ; Inapplicable ; Inapplicable ; Inapplicable ;
; seg2[7]            ; Inapplicable ; Inapplicable ; Inapplicable ; Inapplicable ; Inapplicable ; Pass      ; Inapplicable ; Inapplicable ; Pass      ; Pass      ; Inapplicable ; Inapplicable ; Inapplicable ; Inapplicable ; Inapplicable ; Inapplicable ; Inapplicable ; Inapplicable ; Inapplicable ; Inapplicable ; Inapplicable ; Inapplicable ; Inapplicable ; Inapplicable ; Inapplicable ; Inapplicable ; Inapplicable ; Inapplicable ;
; seg3[0]            ; Pass         ; Inapplicable ; Pass         ; Inapplicable ; Inapplicable ; Pass      ; Pass         ; Inapplicable ; Pass      ; Pass      ; Inapplicable ; Inapplicable ; Inapplicable ; Inapplicable ; Inapplicable ; Inapplicable ; Inapplicable ; Inapplicable ; Inapplicable ; Inapplicable ; Inapplicable ; Inapplicable ; Inapplicable ; Inapplicable ; Inapplicable ; Inapplicable ; Inapplicable ; Inapplicable ;
; seg3[1]            ; Pass         ; Inapplicable ; Pass         ; Inapplicable ; Inapplicable ; Pass      ; Pass         ; Inapplicable ; Pass      ; Pass      ; Inapplicable ; Inapplicable ; Inapplicable ; Inapplicable ; Inapplicable ; Inapplicable ; Inapplicable ; Inapplicable ; Inapplicable ; Inapplicable ; Inapplicable ; Inapplicable ; Inapplicable ; Inapplicable ; Inapplicable ; Inapplicable ; Inapplicable ; Inapplicable ;
; seg3[2]            ; Pass         ; Inapplicable ; Pass         ; Inapplicable ; Inapplicable ; Pass      ; Pass         ; Inapplicable ; Pass      ; Pass      ; Inapplicable ; Inapplicable ; Inapplicable ; Inapplicable ; Inapplicable ; Inapplicable ; Inapplicable ; Inapplicable ; Inapplicable ; Inapplicable ; Inapplicable ; Inapplicable ; Inapplicable ; Inapplicable ; Inapplicable ; Inapplicable ; Inapplicable ; Inapplicable ;
; seg3[3]            ; Pass         ; Inapplicable ; Pass         ; Inapplicable ; Inapplicable ; Pass      ; Pass         ; Inapplicable ; Pass      ; Pass      ; Inapplicable ; Inapplicable ; Inapplicable ; Inapplicable ; Inapplicable ; Inapplicable ; Inapplicable ; Inapplicable ; Inapplicable ; Inapplicable ; Inapplicable ; Inapplicable ; Inapplicable ; Inapplicable ; Inapplicable ; Inapplicable ; Inapplicable ; Inapplicable ;
; seg3[4]            ; Pass         ; Inapplicable ; Pass         ; Inapplicable ; Inapplicable ; Pass      ; Pass         ; Inapplicable ; Pass      ; Pass      ; Inapplicable ; Inapplicable ; Inapplicable ; Inapplicable ; Inapplicable ; Inapplicable ; Inapplicable ; Inapplicable ; Inapplicable ; Inapplicable ; Inapplicable ; Inapplicable ; Inapplicable ; Inapplicable ; Inapplicable ; Inapplicable ; Inapplicable ; Inapplicable ;
; seg3[5]            ; Pass         ; Inapplicable ; Pass         ; Inapplicable ; Inapplicable ; Pass      ; Pass         ; Inapplicable ; Pass      ; Pass      ; Inapplicable ; Inapplicable ; Inapplicable ; Inapplicable ; Inapplicable ; Inapplicable ; Inapplicable ; Inapplicable ; Inapplicable ; Inapplicable ; Inapplicable ; Inapplicable ; Inapplicable ; Inapplicable ; Inapplicable ; Inapplicable ; Inapplicable ; Inapplicable ;
; seg3[6]            ; Pass         ; Inapplicable ; Pass         ; Inapplicable ; Inapplicable ; Pass      ; Pass         ; Inapplicable ; Pass      ; Pass      ; Inapplicable ; Inapplicable ; Inapplicable ; Inapplicable ; Inapplicable ; Inapplicable ; Inapplicable ; Inapplicable ; Inapplicable ; Inapplicable ; Inapplicable ; Inapplicable ; Inapplicable ; Inapplicable ; Inapplicable ; Inapplicable ; Inapplicable ; Inapplicable ;
; seg3[7]            ; Inapplicable ; Inapplicable ; Inapplicable ; Inapplicable ; Inapplicable ; Pass      ; Inapplicable ; Inapplicable ; Pass      ; Pass      ; Inapplicable ; Inapplicable ; Inapplicable ; Inapplicable ; Inapplicable ; Inapplicable ; Inapplicable ; Inapplicable ; Inapplicable ; Inapplicable ; Inapplicable ; Inapplicable ; Inapplicable ; Inapplicable ; Inapplicable ; Inapplicable ; Inapplicable ; Inapplicable ;
; rst                ; Pass         ; Inapplicable ; Pass         ; Inapplicable ; Inapplicable ; Pass      ; Pass         ; Inapplicable ; Pass      ; Pass      ; Inapplicable ; Inapplicable ; Inapplicable ; Inapplicable ; Inapplicable ; Inapplicable ; Inapplicable ; Inapplicable ; Inapplicable ; Inapplicable ; Inapplicable ; Inapplicable ; Inapplicable ; Inapplicable ; Inapplicable ; Inapplicable ; Inapplicable ; Inapplicable ;
; img_sel[0]         ; Pass         ; Inapplicable ; Pass         ; Inapplicable ; Inapplicable ; Pass      ; Pass         ; Inapplicable ; Pass      ; Pass      ; Inapplicable ; Inapplicable ; Inapplicable ; Inapplicable ; Inapplicable ; Inapplicable ; Inapplicable ; Inapplicable ; Inapplicable ; Inapplicable ; Inapplicable ; Inapplicable ; Inapplicable ; Inapplicable ; Inapplicable ; Inapplicable ; Inapplicable ; Inapplicable ;
; img_sel[1]         ; Pass         ; Inapplicable ; Pass         ; Inapplicable ; Inapplicable ; Pass      ; Pass         ; Inapplicable ; Pass      ; Pass      ; Inapplicable ; Inapplicable ; Inapplicable ; Inapplicable ; Inapplicable ; Inapplicable ; Inapplicable ; Inapplicable ; Inapplicable ; Inapplicable ; Inapplicable ; Inapplicable ; Inapplicable ; Inapplicable ; Inapplicable ; Inapplicable ; Inapplicable ; Inapplicable ;
; clk                ; Pass         ; Inapplicable ; Pass         ; Inapplicable ; Inapplicable ; Pass      ; Pass         ; Inapplicable ; Pass      ; Pass      ; Inapplicable ; Inapplicable ; Inapplicable ; Inapplicable ; Inapplicable ; Inapplicable ; Inapplicable ; Inapplicable ; Inapplicable ; Inapplicable ; Inapplicable ; Inapplicable ; Inapplicable ; Inapplicable ; Inapplicable ; Inapplicable ; Inapplicable ; Inapplicable ;
+--------------------+--------------+--------------+--------------+--------------+--------------+-----------+--------------+--------------+-----------+-----------+--------------+--------------+--------------+--------------+--------------+--------------+--------------+--------------+--------------+--------------+--------------+--------------+--------------+--------------+--------------+--------------+--------------+--------------+


+------------------------------------------------------------------------------------------------+
; Fitter Device Options                                                                          ;
+------------------------------------------------------------------+-----------------------------+
; Option                                                           ; Setting                     ;
+------------------------------------------------------------------+-----------------------------+
; Enable user-supplied start-up clock (CLKUSR)                     ; Off                         ;
; Enable device-wide reset (DEV_CLRn)                              ; Off                         ;
; Enable device-wide output enable (DEV_OE)                        ; Off                         ;
; Enable INIT_DONE output                                          ; Off                         ;
; Configuration scheme                                             ; Passive Serial              ;
; Enable Error Detection CRC_ERROR pin                             ; Off                         ;
; Enable CvP_CONFDONE pin                                          ; Off                         ;
; Enable open drain on CRC_ERROR pin                               ; Off                         ;
; Enable open drain on CvP_CONFDONE pin                            ; On                          ;
; Enable open drain on INIT_DONE pin                               ; On                          ;
; Enable open drain on Partial Reconfiguration pins                ; Off                         ;
; Enable open drain on nCEO pin                                    ; On                          ;
; Enable Partial Reconfiguration pins                              ; Off                         ;
; Enable input tri-state on active configuration pins in user mode ; Off                         ;
; Enable internal scrubbing                                        ; Off                         ;
; Active Serial clock source                                       ; 100 MHz Internal Oscillator ;
; Device initialization clock source                               ; Internal Oscillator         ;
; Configuration via Protocol                                       ; Off                         ;
; Configuration Voltage Level                                      ; Auto                        ;
; Force Configuration Voltage Level                                ; Off                         ;
; Enable nCEO output                                               ; Off                         ;
; Data[15..8]                                                      ; Unreserved                  ;
; Data[7..5]                                                       ; Unreserved                  ;
; Base pin-out file on sameframe device                            ; Off                         ;
+------------------------------------------------------------------+-----------------------------+


+------------------------------------+
; Operating Settings and Conditions  ;
+---------------------------+--------+
; Setting                   ; Value  ;
+---------------------------+--------+
; Nominal Core Voltage      ; 1.10 V ;
; Low Junction Temperature  ; 0 °C   ;
; High Junction Temperature ; 85 °C  ;
+---------------------------+--------+


+------------------------------------------------------------+
; Estimated Delay Added for Hold Timing Summary              ;
+-----------------+----------------------+-------------------+
; Source Clock(s) ; Destination Clock(s) ; Delay Added in ns ;
+-----------------+----------------------+-------------------+
; outclk_150      ; outclk_150           ; 109.9             ;
; outclk_25       ; outclk_25            ; 15.5              ;
+-----------------+----------------------+-------------------+
Note: For more information on problematic transfers, consider running the Fitter again with the Optimize hold timing option (Settings Menu) turned off.
This will disable optimization of problematic paths and expose them for further analysis using the Timing Analyzer.


+----------------------------------------------------------------------------------------------------------------------------------------------------------------------------------------------------------------------------------------------------------------------------------------------------------------------------------------------------------+
; Estimated Delay Added for Hold Timing Details                                                                                                                                                                                                                                                                                                            ;
+----------------------------------------------------------------------------------------------------------------------------------------------------------------+---------------------------------------------------------------------------------------------------------------------------------------------------------------------+-------------------+
; Source Register                                                                                                                                                ; Destination Register                                                                                                                                                ; Delay Added in ns ;
+----------------------------------------------------------------------------------------------------------------------------------------------------------------+---------------------------------------------------------------------------------------------------------------------------------------------------------------------+-------------------+
; fifo_rom_v2:memory_buffer|addr[0]                                                                                                                              ; fifo_rom_v2:memory_buffer|rom:lena_data|altsyncram:altsyncram_component|altsyncram_tvi1:auto_generated|ram_block1a41~porta_address_reg0                             ; 0.485             ;
; fifo_rom_v2:memory_buffer|addr[1]                                                                                                                              ; fifo_rom_v2:memory_buffer|rom:lena_data|altsyncram:altsyncram_component|altsyncram_tvi1:auto_generated|ram_block1a41~porta_address_reg0                             ; 0.476             ;
; fifo_rom_v2:memory_buffer|state.WRITE_OTERM585                                                                                                                 ; fifo_rom_v2:memory_buffer|fifo:row2|scfifo:scfifo_component|scfifo_7oe1:auto_generated|a_dpfifo_lic1:dpfifo|cntr_v27:usedw_counter|counter_reg_bit[7]_OTERM575      ; 0.461             ;
; fifo_rom_v2:memory_buffer|fifo:row2|scfifo:scfifo_component|scfifo_7oe1:auto_generated|a_dpfifo_lic1:dpfifo|full_dff_OTERM589                                  ; fifo_rom_v2:memory_buffer|fifo:row2|scfifo:scfifo_component|scfifo_7oe1:auto_generated|a_dpfifo_lic1:dpfifo|cntr_v27:usedw_counter|counter_reg_bit[7]_OTERM575      ; 0.460             ;
; fifo_rom_v2:memory_buffer|addr[10]                                                                                                                             ; fifo_rom_v2:memory_buffer|rom:lena_data|altsyncram:altsyncram_component|altsyncram_tvi1:auto_generated|ram_block1a46~porta_address_reg0                             ; 0.450             ;
; fifo_rom_v2:memory_buffer|addr[4]                                                                                                                              ; fifo_rom_v2:memory_buffer|rom:lena_data|altsyncram:altsyncram_component|altsyncram_tvi1:auto_generated|ram_block1a46~porta_address_reg0                             ; 0.432             ;
; fifo_rom_v2:memory_buffer|addr[12]                                                                                                                             ; fifo_rom_v2:memory_buffer|rom:lena_data|altsyncram:altsyncram_component|altsyncram_tvi1:auto_generated|ram_block1a46~porta_address_reg0                             ; 0.425             ;
; fifo_rom_v2:memory_buffer|addr[2]                                                                                                                              ; fifo_rom_v2:memory_buffer|rom:lena_data|altsyncram:altsyncram_component|altsyncram_tvi1:auto_generated|ram_block1a46~porta_address_reg0                             ; 0.424             ;
; fifo_rom_v2:memory_buffer|state.WRITE_OTERM587                                                                                                                 ; fifo_rom_v2:memory_buffer|fifo:row2|scfifo:scfifo_component|scfifo_7oe1:auto_generated|a_dpfifo_lic1:dpfifo|cntr_v27:usedw_counter|counter_reg_bit[7]_OTERM575      ; 0.417             ;
; fifo_rom_v2:memory_buffer|addr[6]                                                                                                                              ; fifo_rom_v2:memory_buffer|rom:lena_data|altsyncram:altsyncram_component|altsyncram_tvi1:auto_generated|ram_block1a46~porta_address_reg0                             ; 0.413             ;
; fifo_rom_v2:memory_buffer|addr[8]                                                                                                                              ; fifo_rom_v2:memory_buffer|rom:lena_data|altsyncram:altsyncram_component|altsyncram_tvi1:auto_generated|ram_block1a46~porta_address_reg0                             ; 0.411             ;
; fifo_rom_v2:memory_buffer|addr[5]                                                                                                                              ; fifo_rom_v2:memory_buffer|rom:lena_data|altsyncram:altsyncram_component|altsyncram_tvi1:auto_generated|ram_block1a46~porta_address_reg0                             ; 0.408             ;
; fifo_rom_v2:memory_buffer|addr[3]                                                                                                                              ; fifo_rom_v2:memory_buffer|rom:lena_data|altsyncram:altsyncram_component|altsyncram_tvi1:auto_generated|ram_block1a46~porta_address_reg0                             ; 0.404             ;
; vga_controller:VGA_u0|rd_addr[0]                                                                                                                               ; DPRAM:new_image_buffer|altsyncram:altsyncram_component|altsyncram_o2u1:auto_generated|ram_block1a18~portb_address_reg0                                              ; 0.403             ;
; win_gen:window_generation|row[3]                                                                                                                               ; fifo_rom_v2:memory_buffer|rom:lena_data|altsyncram:altsyncram_component|altsyncram_tvi1:auto_generated|ram_block1a5~porta_memory_reg                                ; 0.400             ;
; vga_controller:VGA_u0|rd_addr[1]                                                                                                                               ; DPRAM:new_image_buffer|altsyncram:altsyncram_component|altsyncram_o2u1:auto_generated|ram_block1a18~portb_address_reg0                                              ; 0.397             ;
; win_gen:window_generation|row[2]                                                                                                                               ; fifo_rom_v2:memory_buffer|rom:lena_data|altsyncram:altsyncram_component|altsyncram_tvi1:auto_generated|ram_block1a5~porta_memory_reg                                ; 0.390             ;
; fifo_rom_v2:memory_buffer|fifo1_out_ff[7]                                                                                                                      ; fifo_rom_v2:memory_buffer|fifo:row1|scfifo:scfifo_component|scfifo_7oe1:auto_generated|a_dpfifo_lic1:dpfifo|altsyncram_sep1:FIFOram|ram_block1a7~porta_datain_reg0  ; 0.390             ;
; fifo_rom_v2:memory_buffer|fifo:row2|scfifo:scfifo_component|scfifo_7oe1:auto_generated|a_dpfifo_lic1:dpfifo|cntr_i2b:rd_ptr_msb|counter_reg_bit[6]_OTERM515    ; fifo_rom_v2:memory_buffer|fifo:row2|scfifo:scfifo_component|scfifo_7oe1:auto_generated|a_dpfifo_lic1:dpfifo|altsyncram_sep1:FIFOram|ram_block1a4~portb_address_reg0 ; 0.385             ;
; fifo_rom_v2:memory_buffer|wrcount[0]                                                                                                                           ; fifo_rom_v2:memory_buffer|fifo:row2|scfifo:scfifo_component|scfifo_7oe1:auto_generated|a_dpfifo_lic1:dpfifo|cntr_v27:usedw_counter|counter_reg_bit[7]_OTERM575      ; 0.385             ;
; fifo_rom_v2:memory_buffer|addr[9]                                                                                                                              ; fifo_rom_v2:memory_buffer|rom:lena_data|altsyncram:altsyncram_component|altsyncram_tvi1:auto_generated|ram_block1a46~porta_address_reg0                             ; 0.383             ;
; fifo_rom_v2:memory_buffer|fifo1_out_ff[4]                                                                                                                      ; fifo_rom_v2:memory_buffer|fifo:row1|scfifo:scfifo_component|scfifo_7oe1:auto_generated|a_dpfifo_lic1:dpfifo|altsyncram_sep1:FIFOram|ram_block1a4~porta_datain_reg0  ; 0.383             ;
; fifo_rom_v2:memory_buffer|addr[7]                                                                                                                              ; fifo_rom_v2:memory_buffer|rom:lena_data|altsyncram:altsyncram_component|altsyncram_tvi1:auto_generated|ram_block1a46~porta_address_reg0                             ; 0.382             ;
; wr_addr[0]_OTERM471                                                                                                                                            ; DPRAM:new_image_buffer|altsyncram:altsyncram_component|altsyncram_o2u1:auto_generated|ram_block1a46~porta_address_reg0                                              ; 0.376             ;
; fifo_rom_v2:memory_buffer|fifo:row2|scfifo:scfifo_component|scfifo_7oe1:auto_generated|a_dpfifo_lic1:dpfifo|usedw_is_1_dff_OTERM21                             ; fifo_rom_v2:memory_buffer|fifo:row2|scfifo:scfifo_component|scfifo_7oe1:auto_generated|a_dpfifo_lic1:dpfifo|empty_dff_OTERM57                                       ; 0.369             ;
; fifo_rom_v2:memory_buffer|fifo:row2|scfifo:scfifo_component|scfifo_7oe1:auto_generated|a_dpfifo_lic1:dpfifo|cntr_i2b:rd_ptr_msb|counter_reg_bit[1]_OTERM525    ; fifo_rom_v2:memory_buffer|fifo:row2|scfifo:scfifo_component|scfifo_7oe1:auto_generated|a_dpfifo_lic1:dpfifo|altsyncram_sep1:FIFOram|ram_block1a4~portb_address_reg0 ; 0.363             ;
; fifo_rom_v2:memory_buffer|wrcount[1]                                                                                                                           ; fifo_rom_v2:memory_buffer|fifo:row2|scfifo:scfifo_component|scfifo_7oe1:auto_generated|a_dpfifo_lic1:dpfifo|cntr_j2b:wr_ptr|counter_reg_bit[0]_OTERM351             ; 0.363             ;
; fifo_rom_v2:memory_buffer|fifo:row2|scfifo:scfifo_component|scfifo_7oe1:auto_generated|a_dpfifo_lic1:dpfifo|cntr_i2b:rd_ptr_msb|counter_reg_bit[4]_OTERM519    ; fifo_rom_v2:memory_buffer|fifo:row2|scfifo:scfifo_component|scfifo_7oe1:auto_generated|a_dpfifo_lic1:dpfifo|altsyncram_sep1:FIFOram|ram_block1a4~portb_address_reg0 ; 0.362             ;
; win_gen:window_generation|row[0]                                                                                                                               ; fifo_rom_v2:memory_buffer|rom:lena_data|altsyncram:altsyncram_component|altsyncram_tvi1:auto_generated|ram_block1a5~porta_memory_reg                                ; 0.359             ;
; fifo_rom_v2:memory_buffer|fifo:row2|scfifo:scfifo_component|scfifo_7oe1:auto_generated|a_dpfifo_lic1:dpfifo|low_addressa[7]_OTERM81                            ; fifo_rom_v2:memory_buffer|fifo:row2|scfifo:scfifo_component|scfifo_7oe1:auto_generated|a_dpfifo_lic1:dpfifo|altsyncram_sep1:FIFOram|ram_block1a4~portb_address_reg0 ; 0.359             ;
; median_filter:filter_module|a12[3]                                                                                                                             ; median_filter:filter_module|a21[3]                                                                                                                                  ; 0.358             ;
; fifo_rom_v2:memory_buffer|fifo:row2|scfifo:scfifo_component|scfifo_7oe1:auto_generated|a_dpfifo_lic1:dpfifo|usedw_is_1_dff_OTERM31                             ; fifo_rom_v2:memory_buffer|fifo:row2|scfifo:scfifo_component|scfifo_7oe1:auto_generated|a_dpfifo_lic1:dpfifo|empty_dff_OTERM57                                       ; 0.358             ;
; median_filter:filter_module|a12[2]                                                                                                                             ; median_filter:filter_module|a21[2]                                                                                                                                  ; 0.355             ;
; median_filter:filter_module|a12[0]                                                                                                                             ; median_filter:filter_module|a21[0]                                                                                                                                  ; 0.355             ;
; fifo_rom_v2:memory_buffer|fifo:row1|scfifo:scfifo_component|scfifo_7oe1:auto_generated|a_dpfifo_lic1:dpfifo|low_addressa[0]_OTERM111                           ; fifo_rom_v2:memory_buffer|fifo:row1|scfifo:scfifo_component|scfifo_7oe1:auto_generated|a_dpfifo_lic1:dpfifo|altsyncram_sep1:FIFOram|ram_block1a5~portb_address_reg0 ; 0.354             ;
; fifo_rom_v2:memory_buffer|fifo:row1|scfifo:scfifo_component|scfifo_7oe1:auto_generated|a_dpfifo_lic1:dpfifo|empty_dff_OTERM5                                   ; fifo_rom_v2:memory_buffer|fifo:row1|scfifo:scfifo_component|scfifo_7oe1:auto_generated|a_dpfifo_lic1:dpfifo|rd_ptr_lsb_OTERM53                                      ; 0.348             ;
; median_filter:filter_module|a11[4]                                                                                                                             ; median_filter:filter_module|a12[4]_OTERM601                                                                                                                         ; 0.347             ;
; fifo_rom_v2:memory_buffer|fifo:row1|scfifo:scfifo_component|scfifo_7oe1:auto_generated|a_dpfifo_lic1:dpfifo|low_addressa[0]_OTERM113                           ; fifo_rom_v2:memory_buffer|fifo:row1|scfifo:scfifo_component|scfifo_7oe1:auto_generated|a_dpfifo_lic1:dpfifo|altsyncram_sep1:FIFOram|ram_block1a5~portb_address_reg0 ; 0.347             ;
; median_filter:filter_module|a23[7]                                                                                                                             ; median_filter:filter_module|a31[7]                                                                                                                                  ; 0.346             ;
; fifo_rom_v2:memory_buffer|fifo:row2|scfifo:scfifo_component|scfifo_7oe1:auto_generated|a_dpfifo_lic1:dpfifo|low_addressa[1]_OTERM105                           ; fifo_rom_v2:memory_buffer|fifo:row2|scfifo:scfifo_component|scfifo_7oe1:auto_generated|a_dpfifo_lic1:dpfifo|altsyncram_sep1:FIFOram|ram_block1a5~portb_address_reg0 ; 0.346             ;
; fifo_rom_v2:memory_buffer|fifo:row1|scfifo:scfifo_component|scfifo_7oe1:auto_generated|a_dpfifo_lic1:dpfifo|empty_dff_OTERM3                                   ; fifo_rom_v2:memory_buffer|fifo:row1|scfifo:scfifo_component|scfifo_7oe1:auto_generated|a_dpfifo_lic1:dpfifo|rd_ptr_lsb_OTERM53                                      ; 0.344             ;
; init_buff_OTERM67                                                                                                                                              ; new_pix_ff[7]~reg0                                                                                                                                                  ; 0.343             ;
; vga_controller:VGA_u0|y_count[0]                                                                                                                               ; vga_controller:VGA_u0|V_SYNC                                                                                                                                        ; 0.338             ;
; win_gen:window_generation|row[1]                                                                                                                               ; fifo_rom_v2:memory_buffer|rom:lena_data|altsyncram:altsyncram_component|altsyncram_tvi1:auto_generated|ram_block1a5~porta_memory_reg                                ; 0.337             ;
; fifo_rom_v2:memory_buffer|fifo:row2|scfifo:scfifo_component|scfifo_7oe1:auto_generated|a_dpfifo_lic1:dpfifo|usedw_is_1_dff_OTERM29                             ; fifo_rom_v2:memory_buffer|fifo:row2|scfifo:scfifo_component|scfifo_7oe1:auto_generated|a_dpfifo_lic1:dpfifo|empty_dff_OTERM57                                       ; 0.336             ;
; fifo_rom_v2:memory_buffer|state.RDBUF_OTERM153                                                                                                                 ; fifo_rom_v2:memory_buffer|state.RDBUF_OTERM157                                                                                                                      ; 0.336             ;
; fifo_rom_v2:memory_buffer|fifo:row1|scfifo:scfifo_component|scfifo_7oe1:auto_generated|a_dpfifo_lic1:dpfifo|cntr_v27:usedw_counter|counter_reg_bit[6]_OTERM489 ; fifo_rom_v2:memory_buffer|fifo:row1|scfifo:scfifo_component|scfifo_7oe1:auto_generated|a_dpfifo_lic1:dpfifo|usedw_is_1_dff_OTERM13                                  ; 0.334             ;
; fifo_rom_v2:memory_buffer|fifo:row1|scfifo:scfifo_component|scfifo_7oe1:auto_generated|a_dpfifo_lic1:dpfifo|usedw_is_1_dff_OTERM17                             ; fifo_rom_v2:memory_buffer|fifo:row1|scfifo:scfifo_component|scfifo_7oe1:auto_generated|a_dpfifo_lic1:dpfifo|empty_dff_OTERM7                                        ; 0.333             ;
; fifo_rom_v2:memory_buffer|state.WAIT_REQ_OTERM477                                                                                                              ; fifo_rom_v2:memory_buffer|state.RDBUF_OTERM157                                                                                                                      ; 0.331             ;
; median_filter:filter_module|state.S7                                                                                                                           ; median_filter:filter_module|a12[6]                                                                                                                                  ; 0.331             ;
; fifo_rom_v2:memory_buffer|fifo:row1|scfifo:scfifo_component|scfifo_7oe1:auto_generated|a_dpfifo_lic1:dpfifo|empty_dff_OTERM11                                  ; fifo_rom_v2:memory_buffer|fifo:row1|scfifo:scfifo_component|scfifo_7oe1:auto_generated|a_dpfifo_lic1:dpfifo|altsyncram_sep1:FIFOram|ram_block1a5~portb_address_reg0 ; 0.331             ;
; vga_controller:VGA_u0|x_count[4]                                                                                                                               ; vga_controller:VGA_u0|H_SYNC                                                                                                                                        ; 0.325             ;
; vga_controller:VGA_u0|y_count[1]                                                                                                                               ; vga_controller:VGA_u0|V_SYNC                                                                                                                                        ; 0.321             ;
; fifo_rom_v2:memory_buffer|fifo:row1|scfifo:scfifo_component|scfifo_7oe1:auto_generated|a_dpfifo_lic1:dpfifo|cntr_i2b:rd_ptr_msb|counter_reg_bit[4]_OTERM535    ; fifo_rom_v2:memory_buffer|fifo:row1|scfifo:scfifo_component|scfifo_7oe1:auto_generated|a_dpfifo_lic1:dpfifo|altsyncram_sep1:FIFOram|ram_block1a5~portb_address_reg0 ; 0.318             ;
; fifo_rom_v2:memory_buffer|fifo:row1|scfifo:scfifo_component|scfifo_7oe1:auto_generated|a_dpfifo_lic1:dpfifo|cntr_v27:usedw_counter|counter_reg_bit[7]_OTERM495 ; fifo_rom_v2:memory_buffer|fifo:row1|scfifo:scfifo_component|scfifo_7oe1:auto_generated|a_dpfifo_lic1:dpfifo|usedw_is_1_dff_OTERM13                                  ; 0.318             ;
; fifo_rom_v2:memory_buffer|fifo:row2|scfifo:scfifo_component|scfifo_7oe1:auto_generated|a_dpfifo_lic1:dpfifo|cntr_j2b:wr_ptr|counter_reg_bit[7]_OTERM391        ; fifo_rom_v2:memory_buffer|fifo:row2|scfifo:scfifo_component|scfifo_7oe1:auto_generated|a_dpfifo_lic1:dpfifo|altsyncram_sep1:FIFOram|ram_block1a5~porta_address_reg0 ; 0.318             ;
; fifo_rom_v2:memory_buffer|fifo:row2|scfifo:scfifo_component|scfifo_7oe1:auto_generated|a_dpfifo_lic1:dpfifo|cntr_v27:usedw_counter|counter_reg_bit[1]_OTERM529 ; fifo_rom_v2:memory_buffer|fifo:row2|scfifo:scfifo_component|scfifo_7oe1:auto_generated|a_dpfifo_lic1:dpfifo|full_dff_OTERM589                                       ; 0.317             ;
; fifo_rom_v2:memory_buffer|fifo:row2|scfifo:scfifo_component|scfifo_7oe1:auto_generated|a_dpfifo_lic1:dpfifo|low_addressa[6]_OTERM85                            ; fifo_rom_v2:memory_buffer|fifo:row2|scfifo:scfifo_component|scfifo_7oe1:auto_generated|a_dpfifo_lic1:dpfifo|altsyncram_sep1:FIFOram|ram_block1a4~portb_address_reg0 ; 0.317             ;
; wr_addr[6]_OTERM447                                                                                                                                            ; DPRAM:new_image_buffer|altsyncram:altsyncram_component|altsyncram_o2u1:auto_generated|ram_block1a15~porta_address_reg0                                              ; 0.314             ;
; wr_addr[4]_OTERM455                                                                                                                                            ; DPRAM:new_image_buffer|altsyncram:altsyncram_component|altsyncram_o2u1:auto_generated|ram_block1a15~porta_address_reg0                                              ; 0.314             ;
; win_gen:window_generation|counter[0]                                                                                                                           ; win_gen:window_generation|counter[1]                                                                                                                                ; 0.314             ;
; fifo_rom_v2:memory_buffer|fifo:row1|scfifo:scfifo_component|scfifo_7oe1:auto_generated|a_dpfifo_lic1:dpfifo|cntr_j2b:wr_ptr|counter_reg_bit[3]_OTERM383        ; fifo_rom_v2:memory_buffer|fifo:row1|scfifo:scfifo_component|scfifo_7oe1:auto_generated|a_dpfifo_lic1:dpfifo|altsyncram_sep1:FIFOram|ram_block1a5~porta_address_reg0 ; 0.313             ;
; fifo_rom_v2:memory_buffer|fifo:row2|scfifo:scfifo_component|scfifo_7oe1:auto_generated|a_dpfifo_lic1:dpfifo|cntr_j2b:wr_ptr|counter_reg_bit[3]_OTERM407        ; fifo_rom_v2:memory_buffer|fifo:row2|scfifo:scfifo_component|scfifo_7oe1:auto_generated|a_dpfifo_lic1:dpfifo|altsyncram_sep1:FIFOram|ram_block1a5~porta_address_reg0 ; 0.312             ;
; fifo_rom_v2:memory_buffer|fifo:row1|scfifo:scfifo_component|scfifo_7oe1:auto_generated|a_dpfifo_lic1:dpfifo|cntr_v27:usedw_counter|counter_reg_bit[3]_OTERM513 ; fifo_rom_v2:memory_buffer|fifo:row1|scfifo:scfifo_component|scfifo_7oe1:auto_generated|a_dpfifo_lic1:dpfifo|usedw_is_1_dff_OTERM13                                  ; 0.312             ;
; fifo_rom_v2:memory_buffer|fifo:row2|scfifo:scfifo_component|scfifo_7oe1:auto_generated|a_dpfifo_lic1:dpfifo|cntr_j2b:wr_ptr|counter_reg_bit[1]_OTERM431        ; fifo_rom_v2:memory_buffer|fifo:row2|scfifo:scfifo_component|scfifo_7oe1:auto_generated|a_dpfifo_lic1:dpfifo|altsyncram_sep1:FIFOram|ram_block1a5~porta_address_reg0 ; 0.311             ;
; fifo_rom_v2:memory_buffer|fifo:row2|scfifo:scfifo_component|scfifo_7oe1:auto_generated|a_dpfifo_lic1:dpfifo|cntr_i2b:rd_ptr_msb|counter_reg_bit[0]_OTERM491    ; fifo_rom_v2:memory_buffer|fifo:row2|scfifo:scfifo_component|scfifo_7oe1:auto_generated|a_dpfifo_lic1:dpfifo|altsyncram_sep1:FIFOram|ram_block1a4~portb_address_reg0 ; 0.311             ;
; wr_addr[15]_OTERM359                                                                                                                                           ; DPRAM:new_image_buffer|altsyncram:altsyncram_component|altsyncram_o2u1:auto_generated|ram_block1a15~porta_address_reg0                                              ; 0.309             ;
; init_buff_OTERM65                                                                                                                                              ; initial_delay[0]_OTERM545                                                                                                                                           ; 0.309             ;
; vga_controller:VGA_u0|x_count[5]                                                                                                                               ; vga_controller:VGA_u0|H_SYNC                                                                                                                                        ; 0.305             ;
; vga_controller:VGA_u0|x_count[6]                                                                                                                               ; vga_controller:VGA_u0|H_SYNC                                                                                                                                        ; 0.304             ;
; wr_addr[2]_OTERM463                                                                                                                                            ; DPRAM:new_image_buffer|altsyncram:altsyncram_component|altsyncram_o2u1:auto_generated|ram_block1a15~porta_address_reg0                                              ; 0.304             ;
; fifo_rom_v2:memory_buffer|fifo:row1|scfifo:scfifo_component|scfifo_7oe1:auto_generated|a_dpfifo_lic1:dpfifo|cntr_i2b:rd_ptr_msb|counter_reg_bit[0]_OTERM501    ; fifo_rom_v2:memory_buffer|fifo:row1|scfifo:scfifo_component|scfifo_7oe1:auto_generated|a_dpfifo_lic1:dpfifo|altsyncram_sep1:FIFOram|ram_block1a5~portb_address_reg0 ; 0.303             ;
; fifo_rom_v2:memory_buffer|fifo:row1|scfifo:scfifo_component|scfifo_7oe1:auto_generated|a_dpfifo_lic1:dpfifo|cntr_v27:usedw_counter|counter_reg_bit[4]_OTERM509 ; fifo_rom_v2:memory_buffer|fifo:row1|scfifo:scfifo_component|scfifo_7oe1:auto_generated|a_dpfifo_lic1:dpfifo|usedw_is_1_dff_OTERM13                                  ; 0.302             ;
; fifo_rom_v2:memory_buffer|fifo:row2|scfifo:scfifo_component|scfifo_7oe1:auto_generated|a_dpfifo_lic1:dpfifo|cntr_j2b:wr_ptr|counter_reg_bit[4]_OTERM403        ; fifo_rom_v2:memory_buffer|fifo:row2|scfifo:scfifo_component|scfifo_7oe1:auto_generated|a_dpfifo_lic1:dpfifo|altsyncram_sep1:FIFOram|ram_block1a5~porta_address_reg0 ; 0.302             ;
; median_filter:filter_module|a21[2]                                                                                                                             ; median_filter:filter_module|a12[2]                                                                                                                                  ; 0.301             ;
; median_filter:filter_module|state.S9                                                                                                                           ; median_filter:filter_module|state.S10                                                                                                                               ; 0.300             ;
; median_filter:filter_module|a21[3]                                                                                                                             ; median_filter:filter_module|a12[3]                                                                                                                                  ; 0.299             ;
; median_filter:filter_module|a21[0]                                                                                                                             ; median_filter:filter_module|a12[0]                                                                                                                                  ; 0.298             ;
; fifo_rom_v2:memory_buffer|fifo:row1|scfifo:scfifo_component|scfifo_7oe1:auto_generated|a_dpfifo_lic1:dpfifo|cntr_j2b:wr_ptr|counter_reg_bit[6]_OTERM371        ; fifo_rom_v2:memory_buffer|fifo:row1|scfifo:scfifo_component|scfifo_7oe1:auto_generated|a_dpfifo_lic1:dpfifo|altsyncram_sep1:FIFOram|ram_block1a5~porta_address_reg0 ; 0.297             ;
; fifo_rom_v2:memory_buffer|fifo:row1|scfifo:scfifo_component|scfifo_7oe1:auto_generated|a_dpfifo_lic1:dpfifo|cntr_i2b:rd_ptr_msb|counter_reg_bit[1]_OTERM541    ; fifo_rom_v2:memory_buffer|fifo:row1|scfifo:scfifo_component|scfifo_7oe1:auto_generated|a_dpfifo_lic1:dpfifo|altsyncram_sep1:FIFOram|ram_block1a5~portb_address_reg0 ; 0.296             ;
; fifo_rom_v2:memory_buffer|fifo:row1|scfifo:scfifo_component|scfifo_7oe1:auto_generated|a_dpfifo_lic1:dpfifo|cntr_i2b:rd_ptr_msb|counter_reg_bit[6]_OTERM531    ; fifo_rom_v2:memory_buffer|fifo:row1|scfifo:scfifo_component|scfifo_7oe1:auto_generated|a_dpfifo_lic1:dpfifo|altsyncram_sep1:FIFOram|ram_block1a5~portb_address_reg0 ; 0.296             ;
; fifo_rom_v2:memory_buffer|fifo:row1|scfifo:scfifo_component|scfifo_7oe1:auto_generated|a_dpfifo_lic1:dpfifo|cntr_v27:usedw_counter|counter_reg_bit[1]_OTERM485 ; fifo_rom_v2:memory_buffer|fifo:row1|scfifo:scfifo_component|scfifo_7oe1:auto_generated|a_dpfifo_lic1:dpfifo|cntr_v27:usedw_counter|counter_reg_bit[7]_OTERM495      ; 0.296             ;
; fifo_rom_v2:memory_buffer|fifo:row1|scfifo:scfifo_component|scfifo_7oe1:auto_generated|a_dpfifo_lic1:dpfifo|cntr_j2b:wr_ptr|counter_reg_bit[1]_OTERM427        ; fifo_rom_v2:memory_buffer|fifo:row1|scfifo:scfifo_component|scfifo_7oe1:auto_generated|a_dpfifo_lic1:dpfifo|altsyncram_sep1:FIFOram|ram_block1a5~porta_address_reg0 ; 0.296             ;
; fifo_rom_v2:memory_buffer|fifo:row1|scfifo:scfifo_component|scfifo_7oe1:auto_generated|a_dpfifo_lic1:dpfifo|cntr_i2b:rd_ptr_msb|counter_reg_bit[3]_OTERM537    ; fifo_rom_v2:memory_buffer|fifo:row1|scfifo:scfifo_component|scfifo_7oe1:auto_generated|a_dpfifo_lic1:dpfifo|altsyncram_sep1:FIFOram|ram_block1a5~portb_address_reg0 ; 0.296             ;
; fifo_rom_v2:memory_buffer|fifo:row2|scfifo:scfifo_component|scfifo_7oe1:auto_generated|a_dpfifo_lic1:dpfifo|cntr_j2b:wr_ptr|counter_reg_bit[6]_OTERM395        ; fifo_rom_v2:memory_buffer|fifo:row2|scfifo:scfifo_component|scfifo_7oe1:auto_generated|a_dpfifo_lic1:dpfifo|altsyncram_sep1:FIFOram|ram_block1a5~porta_address_reg0 ; 0.296             ;
; fifo_rom_v2:memory_buffer|fifo:row2|scfifo:scfifo_component|scfifo_7oe1:auto_generated|a_dpfifo_lic1:dpfifo|cntr_v27:usedw_counter|counter_reg_bit[1]_OTERM527 ; fifo_rom_v2:memory_buffer|fifo:row2|scfifo:scfifo_component|scfifo_7oe1:auto_generated|a_dpfifo_lic1:dpfifo|full_dff_OTERM589                                       ; 0.294             ;
; fifo_rom_v2:memory_buffer|fifo:row2|scfifo:scfifo_component|scfifo_7oe1:auto_generated|a_dpfifo_lic1:dpfifo|usedw_is_0_dff                                     ; fifo_rom_v2:memory_buffer|fifo:row2|scfifo:scfifo_component|scfifo_7oe1:auto_generated|a_dpfifo_lic1:dpfifo|empty_dff_OTERM59                                       ; 0.294             ;
; fifo_rom_v2:memory_buffer|fifo:row1|scfifo:scfifo_component|scfifo_7oe1:auto_generated|a_dpfifo_lic1:dpfifo|empty_dff_OTERM1                                   ; fifo_rom_v2:memory_buffer|fifo:row1|scfifo:scfifo_component|scfifo_7oe1:auto_generated|a_dpfifo_lic1:dpfifo|empty_dff_OTERM5                                        ; 0.292             ;
; fifo_rom_v2:memory_buffer|fifo:row2|scfifo:scfifo_component|scfifo_7oe1:auto_generated|a_dpfifo_lic1:dpfifo|low_addressa[2]_OTERM101                           ; fifo_rom_v2:memory_buffer|fifo:row2|scfifo:scfifo_component|scfifo_7oe1:auto_generated|a_dpfifo_lic1:dpfifo|altsyncram_sep1:FIFOram|ram_block1a4~portb_address_reg0 ; 0.287             ;
; initial_delay[0]_OTERM545                                                                                                                                      ; initial_delay[0]_OTERM545                                                                                                                                           ; 0.285             ;
; win_gen:window_generation|row[4]                                                                                                                               ; fifo_rom_v2:memory_buffer|rom:lena_data|altsyncram:altsyncram_component|altsyncram_tvi1:auto_generated|ram_block1a5~porta_memory_reg                                ; 0.284             ;
; init_buff_OTERM63                                                                                                                                              ; new_pix_ff[7]~reg0                                                                                                                                                  ; 0.284             ;
; win_gen:window_generation|state.INITREQ_OTERM577                                                                                                               ; fifo_rom_v2:memory_buffer|state.RDBUF_OTERM153                                                                                                                      ; 0.283             ;
; vga_controller:VGA_u0|rd_addr[12]                                                                                                                              ; DPRAM:new_image_buffer|altsyncram:altsyncram_component|altsyncram_o2u1:auto_generated|ram_block1a50~portb_address_reg0                                              ; 0.278             ;
; median_filter:filter_module|a12[6]                                                                                                                             ; median_filter:filter_module|a21[6]                                                                                                                                  ; 0.277             ;
; fifo_rom_v2:memory_buffer|fifo:row1|scfifo:scfifo_component|scfifo_7oe1:auto_generated|a_dpfifo_lic1:dpfifo|empty_dff_OTERM7                                   ; fifo_rom_v2:memory_buffer|fifo:row1|scfifo:scfifo_component|scfifo_7oe1:auto_generated|a_dpfifo_lic1:dpfifo|empty_dff_OTERM5                                        ; 0.274             ;
; fifo_rom_v2:memory_buffer|state.INIT_OTERM75                                                                                                                   ; fifo_rom_v2:memory_buffer|fifo:row2|scfifo:scfifo_component|scfifo_7oe1:auto_generated|a_dpfifo_lic1:dpfifo|cntr_v27:usedw_counter|counter_reg_bit[7]_OTERM575      ; 0.274             ;
; fifo_rom_v2:memory_buffer|state.INIT_OTERM77                                                                                                                   ; fifo_rom_v2:memory_buffer|fifo:row2|scfifo:scfifo_component|scfifo_7oe1:auto_generated|a_dpfifo_lic1:dpfifo|cntr_v27:usedw_counter|counter_reg_bit[7]_OTERM575      ; 0.274             ;
; fifo_rom_v2:memory_buffer|state.VALID_OTERM109                                                                                                                 ; fifo_rom_v2:memory_buffer|fifo:row2|scfifo:scfifo_component|scfifo_7oe1:auto_generated|a_dpfifo_lic1:dpfifo|cntr_v27:usedw_counter|counter_reg_bit[7]_OTERM575      ; 0.274             ;
; vga_controller:VGA_u0|rd_addr[4]                                                                                                                               ; DPRAM:new_image_buffer|altsyncram:altsyncram_component|altsyncram_o2u1:auto_generated|ram_block1a50~portb_address_reg0                                              ; 0.270             ;
+----------------------------------------------------------------------------------------------------------------------------------------------------------------+---------------------------------------------------------------------------------------------------------------------------------------------------------------------+-------------------+
Note: This table only shows the top 100 path(s) that have the largest delay added for hold.


+-----------------+
; Fitter Messages ;
+-----------------+
Info (16303): High Performance Effort optimization mode selected -- timing performance will be prioritized at the potential cost of increased compilation time
Warning (18236): Number of processors has not been specified which may cause overloading on shared machines.  Set the global assignment NUM_PARALLEL_PROCESSORS in your QSF to an appropriate value for best performance.
Info (20030): Parallel compilation is enabled and will use 12 of the 12 processors detected
Info (119006): Selected device 5CSEMA5F31C6 for design "windows_generation"
Info (21077): Low junction temperature is 0 degrees C
Info (21077): High junction temperature is 85 degrees C
Warning: RST port on the PLL is not properly connected on instance PLL_cyc:PLL_inst|PLL_cyc_0002:pll_cyc_inst|altera_pll:altera_pll_i|general[0].gpll. The reset port on the PLL should be connected. If the PLL loses lock for any reason, you might need to manually reset the PLL in order to re-establish lock to the reference clock. File: c:/intelfpga_lite/18.1/quartus/libraries/megafunctions/altera_pll.v Line: 748
    Info: Must be connected
Warning (21300): LOCKED port on the PLL is not properly connected on instance "PLL_cyc:PLL_inst|PLL_cyc_0002:pll_cyc_inst|altera_pll:altera_pll_i|general[0].gpll". The LOCKED port on the PLL should be connected when the FBOUTCLK port is connected. Although it is unnecessary to connect the LOCKED signal, any logic driven off of an output clock of the PLL will not know when the PLL is locked and ready.
Info (171004): Fitter is performing a Standard Fit compilation using maximum Fitter effort to optimize design performance
Warning (292013): Feature LogicLock is only available with a valid subscription license. You can purchase a software subscription to gain full access to this feature.
Warning (15714): Some pins have incomplete I/O assignments. Refer to the I/O Assignment Warnings report for details
Info (176045): Design uses memory blocks. Violating setup or hold times of memory block address registers for either read or write operations could cause memory contents to be corrupted. Make sure that all memory block address registers meet the setup and hold time requirements.
Critical Warning (169085): No exact pin location assignment(s) for 12 pins of 67 total pins. For the list of pins please refer to the I/O Assignment Warnings table in the fitter report.
Info (184020): Starting Fitter periphery placement operations
Warning (177007): PLL(s) placed in location FRACTIONALPLL_X0_Y15_N0 do not have a PLL clock to compensate specified - the Fitter will attempt to compensate all PLL clocks
    Info (177008): PLL PLL_cyc:PLL_inst|PLL_cyc_0002:pll_cyc_inst|altera_pll:altera_pll_i|general[0].gpll~FRACTIONAL_PLL
Info (11178): Promoted 2 clocks (2 global)
    Info (11162): PLL_cyc:PLL_inst|PLL_cyc_0002:pll_cyc_inst|altera_pll:altera_pll_i|outclk_wire[0]~CLKENA0 with 650 fanout uses global clock CLKCTRL_G1
    Info (11162): PLL_cyc:PLL_inst|PLL_cyc_0002:pll_cyc_inst|altera_pll:altera_pll_i|outclk_wire[1]~CLKENA0 with 109 fanout uses global clock CLKCTRL_G6
Info (184021): Fitter periphery placement operations ending: elapsed time is 00:00:00
Info (332104): Reading SDC File: 'wingen_de1.sdc'
Info (332097): The following timing edges are non-unate.  The Timing Analyzer will assume pos-unate behavior for these edges in the clock network.
    Info (332098): Cell: PLL_inst|pll_cyc_inst|altera_pll_i|general[0].gpll~FRACTIONAL_PLL  from: refclkin  to: fbclk
    Info (332098): Cell: PLL_inst|pll_cyc_inst|altera_pll_i|general[0].gpll~PLL_OUTPUT_COUNTER  from: vco0ph[0]  to: divclk
    Info (332098): Cell: PLL_inst|pll_cyc_inst|altera_pll_i|general[0].gpll~PLL_REFCLK_SELECT  from: clkin[0]  to: clkout
    Info (332098): Cell: PLL_inst|pll_cyc_inst|altera_pll_i|general[1].gpll~PLL_OUTPUT_COUNTER  from: vco0ph[0]  to: divclk
Info (332152): The following assignments are ignored by the derive_clock_uncertainty command
Info (332129): Detected timing requirements -- optimizing circuit to achieve only the specified requirements
Info (332111): Found 4 clocks
    Info (332111):   Period   Clock Name
    Info (332111): ======== ============
    Info (332111):   20.000          clk
    Info (332111):   40.000    outclk_25
    Info (332111):    6.666   outclk_150
    Info (332111):    3.333 PLL_inst|pll_cyc_inst|altera_pll_i|general[0].gpll~FRACTIONAL_PLL|vcoph[0]
Info (176233): Starting register packing
Info (176235): Finished register packing
    Extra Info (176219): No registers were packed into other blocks
Info (128000): Starting physical synthesis optimizations for speed
Info (128002): Starting physical synthesis algorithm register retiming
Info (128003): Physical synthesis algorithm register retiming complete: estimated slack improvement of 724 ps
Info (128002): Starting physical synthesis algorithm combinational resynthesis using boolean division
Info (128003): Physical synthesis algorithm combinational resynthesis using boolean division complete: estimated slack improvement of 0 ps
Info (128002): Starting physical synthesis algorithm register retiming
Info (128003): Physical synthesis algorithm register retiming complete: estimated slack improvement of 0 ps
Info (128002): Starting physical synthesis algorithm combinational resynthesis using boolean division
Info (128003): Physical synthesis algorithm combinational resynthesis using boolean division complete: estimated slack improvement of 0 ps
Info (128001): Physical synthesis optimizations for speed complete: elapsed time is 00:00:05
Info (176233): Starting register packing
Info (176235): Finished register packing
    Extra Info (176219): No registers were packed into other blocks
Warning (15705): Ignored locations or region assignments to the following nodes
    Warning (15706): Node "seg4[0]" is assigned to location or region, but does not exist in design
    Warning (15706): Node "seg4[1]" is assigned to location or region, but does not exist in design
    Warning (15706): Node "seg4[2]" is assigned to location or region, but does not exist in design
    Warning (15706): Node "seg4[3]" is assigned to location or region, but does not exist in design
    Warning (15706): Node "seg4[4]" is assigned to location or region, but does not exist in design
    Warning (15706): Node "seg4[5]" is assigned to location or region, but does not exist in design
    Warning (15706): Node "seg4[6]" is assigned to location or region, but does not exist in design
    Warning (15706): Node "seg5[0]" is assigned to location or region, but does not exist in design
    Warning (15706): Node "seg5[1]" is assigned to location or region, but does not exist in design
    Warning (15706): Node "seg5[2]" is assigned to location or region, but does not exist in design
    Warning (15706): Node "seg5[3]" is assigned to location or region, but does not exist in design
    Warning (15706): Node "seg5[4]" is assigned to location or region, but does not exist in design
    Warning (15706): Node "seg5[5]" is assigned to location or region, but does not exist in design
    Warning (15706): Node "seg5[6]" is assigned to location or region, but does not exist in design
    Warning (15706): Node "seg6[0]" is assigned to location or region, but does not exist in design
    Warning (15706): Node "seg6[1]" is assigned to location or region, but does not exist in design
    Warning (15706): Node "seg6[2]" is assigned to location or region, but does not exist in design
    Warning (15706): Node "seg6[3]" is assigned to location or region, but does not exist in design
    Warning (15706): Node "seg6[4]" is assigned to location or region, but does not exist in design
    Warning (15706): Node "seg6[5]" is assigned to location or region, but does not exist in design
    Warning (15706): Node "seg6[6]" is assigned to location or region, but does not exist in design
Info (11798): Fitter preparation operations ending: elapsed time is 00:00:22
Info (170189): Fitter placement preparation operations beginning
Info (14951): The Fitter is using Advanced Physical Optimization.
Info (170190): Fitter placement preparation operations ending: elapsed time is 00:01:09
Info (170191): Fitter placement operations beginning
Info (170137): Fitter placement was successful
Info (170192): Fitter placement operations ending: elapsed time is 00:00:20
Info (170193): Fitter routing operations beginning
Info (170195): Router estimated average interconnect usage is 1% of the available device resources
    Info (170196): Router estimated peak interconnect usage is 9% of the available device resources in the region that extends from location X22_Y0 to location X32_Y10
Info (170194): Fitter routing operations ending: elapsed time is 00:00:18
Info (11888): Total time spent on timing analysis during the Fitter is 5.89 seconds.
Info (334003): Started post-fitting delay annotation
Info (334004): Delay annotation completed successfully
Info (334003): Started post-fitting delay annotation
Info (334004): Delay annotation completed successfully
Info (11801): Fitter post-fit operations ending: elapsed time is 00:00:10
Warning (171167): Found invalid Fitter assignments. See the Ignored Assignments panel in the Fitter Compilation Report for more information.
Info (144001): Generated suppressed messages file C:/Users/HP/Desktop/3x3_windows/output_files/windows_generation.fit.smsg
Info: Quartus Prime Fitter was successful. 0 errors, 30 warnings
    Info: Peak virtual memory: 7391 megabytes
    Info: Processing ended: Sun Jun 07 17:55:19 2026
    Info: Elapsed time: 00:03:42
    Info: Total CPU time (on all processors): 00:16:39


+----------------------------+
; Fitter Suppressed Messages ;
+----------------------------+
The suppressed messages can be found in C:/Users/HP/Desktop/3x3_windows/output_files/windows_generation.fit.smsg.


